place_id,name,category,sub_category,area,latitude,longitude,approx_rating,price_range,avg_price_inr,is_indoor,popular_time_slot,coordinates_estimated,needs_verification,source,google_place_id,photo_reference,photo_attribution
P0001,Ashoka Restaurant,restaurant,north indian/continental,Sadar,21.1456,79.0871,4.1,moderate,600,True,evening,True,True,fabhotels.com / stanzaliving.com,,,
P0002,Gayatri Bhojnalaya,restaurant,vegetarian thali,Dharampeth,21.1398,79.0661,4.2,budget,150,True,afternoon,True,True,fabhotels.com,,,
P0003,Naivedhyam Restaurant,restaurant,vegetarian,Ramdaspeth,21.1372,79.0803,4.4,moderate,350,True,afternoon,True,True,fabhotels.com / stanzaliving.com,,,
P0004,Vishnuji Ki Rasoi,restaurant,maharashtrian/north indian thali,Dharampeth,21.1405,79.065,4.3,budget,250,True,afternoon,True,True,fabhotels.com,,,
P0005,Barbecue Nation Nagpur,restaurant,barbecue/grills,Sitabuldi,21.149,79.0785,4.3,premium,900,True,evening,True,True,tripadvisor.com,,,
P0006,ZINQ Kitchen Bar Bistro,restaurant,continental/bistro,Civil Lines,21.1502,79.0842,4.3,premium,1000,True,evening,False,True,zomato.com (listed at Chitnavis Center Civil Lines),,,
P0007,The Bukhara Restaurant,restaurant,north indian/mughlai,Sitabuldi,21.1483,79.0793,4.2,premium,800,True,evening,True,True,fabhotels.com,,,
P0008,Hitchki Nagpur,restaurant,indian fusion,Dharampeth,21.141,79.0658,4.1,moderate,700,True,evening,True,True,fabhotels.com / stanzaliving.com,,,
P0009,Reddy's Gokul Brindavan Restaurant,restaurant,south indian vegetarian,Sadar,21.146,79.0878,4.3,budget,200,True,morning,True,True,fabhotels.com / heoweb.com,,,
P0010,Chill N Grill,restaurant,rooftop/continental/chinese,Dharampeth,21.1415,79.0663,4.2,moderate,600,False,evening,True,True,fabhotels.com,,,
P0011,Uttar Dakshin by Naivedhyam,restaurant,south indian,Ramdaspeth,21.137,79.0798,4.3,moderate,350,True,afternoon,True,True,fabhotels.com,,,
P0012,7/12 Family Restaurant,restaurant,multi-cuisine,Civil Lines,21.1497,79.0836,3.9,moderate,500,True,afternoon,True,True,zomato.com,,,
P0013,KIANA Restaurant,restaurant,multi-cuisine,Sadar,21.1459,79.0873,4.0,moderate,500,True,evening,True,True,justbaazaar.com,,,
P0014,Zuree Urban Kitchen,restaurant,continental/american,Sadar,21.1458,79.0875,4.1,premium,800,True,evening,True,True,evendo.com,,,
P0015,Pablo The Art Cafe & Lounge,restaurant,art lounge/continental,Civil Lines,21.15,79.084,4.2,premium,750,True,evening,False,True,fabhotels.com (240/A E High Ct Rd Civil Lines),,,
P0016,Shabri Restaurant,restaurant,maharashtrian,Dharampeth,21.14,79.0655,4.2,budget,300,True,afternoon,True,True,nagpuronline.in,,,
P0017,The Yellow Chilli by Sanjeev Kapoor,restaurant,north indian/signature,Wardha Road,21.1182,79.0718,4.2,premium,900,True,evening,True,True,general knowledge / wanderlog.com,,,
P0018,Corridor Seven Coffee Roasters,cafe,specialty coffee,Sadar,21.1458,79.0868,4.5,moderate,300,True,morning,True,True,heoweb.com / nagpurtoday.in,,,
P0019,Three Beans Coffee & Eatery,cafe,bookstore cafe,Civil Lines,21.1495,79.0835,4.4,moderate,350,True,morning,False,True,heoweb.com (Civil Lines confirmed),,,
P0020,The Breakfast Story,cafe,breakfast/brunch cafe,Dharampeth,21.1407,79.0653,4.4,moderate,400,True,morning,True,True,heoweb.com / ournagpur.com,,,
P0021,Mocha Cafe,cafe,chain cafe/hookah lounge,Shankar Nagar,21.134,79.0882,4.0,moderate,350,True,evening,True,True,ournagpur.com (Shankar Nagar/Bajaj Nagar area),,,
P0022,The Chocolate Room,cafe,dessert/chocolate cafe,Dharampeth,21.1402,79.066,4.2,moderate,400,True,afternoon,True,True,heoweb.com,,,
P0023,Indian Coffee House,cafe,heritage chain cafe,Sadar,21.1454,79.0872,4.0,budget,150,True,morning,True,True,nagpuronline.in,,,
P0024,Cafe Zinea,cafe,college/art cafe,NIT Ambazari,21.1381,79.0487,4.1,budget,200,True,afternoon,True,True,ournagpur.com (NIT Complex N Ambazari Road),,,
P0025,Bouffage Cafe And Bistro,cafe,bistro cafe,Ramdaspeth,21.1375,79.08,4.3,moderate,400,True,evening,True,True,wanderlog.com,,,
P0026,Cafe Coffee Day,cafe,chain cafe,Sitabuldi,21.1487,79.0798,3.8,budget,250,True,afternoon,True,True,nagpuronline.in,,,
P0027,Cafe Chokolade,cafe,dessert/coffee,Dharampeth,21.1403,79.0655,4.2,moderate,350,True,afternoon,True,True,heoweb.com,,,
P0028,Plum by Bent Chair,cafe,specialty/artisan cafe,Laxmi Nagar,21.1273,79.1028,4.3,moderate,450,True,afternoon,True,True,tripadvisor.in,,,
P0029,Backpackers Cafe,cafe,casual/budget cafe,Sitabuldi,21.148,79.079,4.0,budget,250,True,afternoon,True,True,wanderlog.com,,,
P0030,The Bake & Shake,cafe,bakery cafe,Manish Nagar,21.1103,79.0548,4.0,budget,200,True,morning,True,True,ournagpur.com,,,
P0031,The H Cafe,cafe,nordic/specialty cafe,Dharampeth,21.1409047,79.0663955,4.4,moderate,400,True,afternoon,False,False,nagpurtoday.in + google_places_api,ChIJX0_Da6XB1DsRFQb8Z-PiJgg,AWCwydiZFJg9rSqyC4TEeEcWhelm0jOaelP7o3AZkRfa2JFE2OjkvwLlcpeeQ-WPLqHH9ysplEgWVezRAb8HFkAXYtUgQ9F2xNwroLwF4l69YmiQmXVnfKV3XC7jCpWyRF0lhfHCf_XA8UeyQXp2A1erXUM4Kpu_bpi53sQIus5WwleiTpzG8q1JiThO9TSm-m2UMwQnA8W1BMUPfZBsA-mX0X1wwp35GQnpB0A4NRyXozr2woO5ovU-A3sJXu0lqH1boEfpax2DqFJo44T6bSc9O9ybm6s9Knrg1Chon83iuDBkIMwhOBGTNAfpnRkfr6D1prxQn88XzdUQM5N3iXpIlHqV4fcy9U9AhtSFY7IjtECOpW3ZJFD9li8BHyNX8ozSANnLimaCYew1t5vyj72DRgB_lh4yXhtH5q5PPRqNirM,"<a href=""https://maps.google.com/maps/contrib/109585218424462568915"">The H Cafe in Nagpur</a>"
P0032,Stories Coffee Roasters,cafe,specialty coffee,Civil Lines,21.1497,79.084,4.3,moderate,350,True,morning,True,True,general knowledge (verify existence),,,
P0033,Ambazari Lake Garden,park,lake garden,Ambazari,21.1349,79.0421,4.3,budget,20,False,morning,False,True,nagpuronline.in / yometro.com,,,
P0034,Telankhedi Garden,park,historic garden,Telankhedi,21.1503,79.0638,4.2,budget,0,False,morning,True,True,nagpuronline.in / wanderlog.com,,,
P0035,Japanese Rose Garden,park,rose garden,Kamptee Road,21.1718,79.0992,4.0,budget,10,False,morning,True,True,nagpuronline.in,,,
P0036,Sakkardara Lake Garden,park,lake garden,Sakkardara,21.1441,79.1053,4.1,budget,0,False,morning,True,True,nagpuronline.in,,,
P0037,Lata Mangeshkar Musical Garden,park,musical fountain garden,Surya Nagar,21.1218,79.0848,4.2,budget,20,False,evening,True,True,yometro.com,,,
P0038,Seminary Hills Nature Park,park,nature/trekking park,Seminary Hills,21.1641,79.0568,4.3,budget,0,False,morning,True,True,tripadvisor.in / yometro.com,,,
P0039,Futala Lake Garden,park,lake promenade,Pratapnagar,21.1429,79.0523,4.4,budget,0,False,evening,False,True,holidify.com / nagpurtourism.co.in,,,
P0040,Kasturchand Park,park,urban public park,Sitabuldi,21.1478,79.077,4.0,budget,0,False,morning,True,True,nagpuronline.in,,,
P0041,Savitribai Phule Park,park,urban public park,Dhantoli,21.1318,79.0783,4.1,budget,0,False,morning,True,True,yometro.com / 5bestincity.com,,,
P0042,Congress Nagar Garden,park,residential park,Congress Nagar,21.1302,79.0552,3.9,budget,0,False,morning,True,True,5bestincity.com,,,
P0043,Gorewada Lake & Biodiversity Park,park,lake park/biodiversity,Gorewada,21.1822,79.0462,4.1,budget,10,False,afternoon,True,True,tripadvisor.in,,,
P0044,Raman Science Centre Grounds,park,science centre garden,Civil Lines,21.1499,79.0804,4.2,budget,30,False,afternoon,False,True,nagpurtourism.co.in,,,
P0045,Rani Jhansi Park,park,public park,Ramdaspeth,21.1373,79.0797,3.9,budget,0,False,morning,True,True,nagpuronline.in,,,
P0046,Mankapur Garden,park,urban garden,Mankapur,21.0983,79.0434,3.8,budget,0,False,morning,True,True,nagpuronline.in (verify open status),,,
P0047,Gandhi Sagar Lake & Garden,park,heritage lake garden,Sitabuldi,21.1453,79.0735,4.0,budget,0,False,evening,True,True,nagpuronline.in,,,
P0048,Dhantoli Park (Indira Gandhi Park),park,public park/jogging,Dhantoli,21.1325,79.0778,4.1,budget,20,False,morning,True,True,nagpuronline.in,,,
P0049,Empress Mall,mall,multiplex mall,Sitabuldi,21.1455,79.0732,4.2,moderate,1500,True,afternoon,False,True,holidify.com (largest mall Nagpur),,,
P0050,VR Nagpur,mall,premium lifestyle mall,Untkhana,21.1554,79.0651,4.3,premium,2500,True,afternoon,False,True,holidify.com / stanzaliving.com,,,
P0051,Eternity Mall,mall,multiplex mall,Gorepeth,21.1291,79.0748,4.0,moderate,1500,True,afternoon,False,True,holidify.com / adotrip.com,,,
P0052,Jaswant Tuli Mall,mall,multiplex mall,Kamptee Road,21.1715,79.099,3.9,moderate,1200,True,afternoon,False,True,holidify.com / stanzaliving.com,,,
P0053,Fortune Mall,mall,mid-range mall,Sitabuldi,21.1488,79.0795,3.8,moderate,1000,True,afternoon,True,True,holidify.com / hilly-view.com,,,
P0054,Milton Mall,mall,lifestyle mall,Dharampeth,21.1405,79.066,3.7,moderate,800,True,afternoon,False,True,nagpuronline.in (Dharampeth),,,
P0055,Poonam Mall,mall,local mall,Wardhaman Nagar,21.1203,79.0948,3.6,budget,500,True,afternoon,True,True,holidify.com,,,
P0056,Gaysons Shopping Mall,mall,traditional retail mall,Sitabuldi,21.1481,79.0794,3.7,budget,500,True,afternoon,False,True,nagpuronline.in (Main Road Sitabuldi),,,
P0057,Nagpur Central Mall,mall,mid-range mall,Bajaj Nagar,21.1277,79.0828,3.9,moderate,1200,True,afternoon,True,True,stanzaliving.com,,,
P0058,Lokmat Square Retail Hub,mall,retail/anchor mall,Wardha Road,21.1183,79.0715,3.8,moderate,1000,True,afternoon,True,True,general knowledge (verify as standalone mall),,,
P0059,NBC-IPC Free Public Library,library,free public library,Seminary Hills,21.1643,79.057,4.2,budget,0,True,morning,True,True,threebestrated.in / nagpuronline.in,,,
P0060,Readiology 24hr Library,library,paid reading room/library,Dharampeth,21.1403,79.0658,4.3,budget,50,True,morning,False,True,threebestrated.in,,,
P0061,Ram Manohar Lohia Library,library,public library,Sadar,21.1455,79.087,4.0,budget,0,True,morning,True,True,nagpuronline.in,,,
P0062,Signet Library,library,subscription library,Khamla,21.123,79.0461,4.1,budget,100,True,morning,False,True,nagpuronline.in / Quora,,,
P0063,Maharashtra Gandhi Smarak Library,library,cultural/public library,Dharampeth,21.1408,79.0655,3.9,budget,0,True,morning,True,True,nagpuronline.in,,,
P0064,Saraswat Library,library,public library,Sitabuldi,21.1484,79.0793,4.0,budget,0,True,morning,True,True,nagpuronline.in,,,
P0065,NMC Central Library,library,government public library,Sitabuldi,21.148,79.0788,3.8,budget,0,True,morning,True,True,nagpuronline.in,,,
P0066,RTMNU Knowledge Resource Centre,library,academic library,Ambazari,21.1352,79.0425,4.2,budget,0,True,morning,False,True,bharateducation.org / RTMNU official (N Ambazari Road),,,
P0067,NIT Nagpur Central Library,library,academic library,NIT Campus,21.1381,79.0487,4.3,budget,0,True,morning,True,True,general knowledge,,,
P0068,Shah Mulji Deoji Vachanalaya,library,heritage public library,Itwari,21.154,79.0778,3.8,budget,0,True,morning,True,True,nagpuronline.in,,,
P0069,Kusum Ghaproch Vachanalaya,library,public library,Dharampeth,21.14,79.0657,3.7,budget,0,True,morning,True,True,nagpuronline.in,,,
P0070,Vidarbha Youth Welfare Library,library,youth public library,Dhantoli,21.1322,79.0782,3.9,budget,0,True,morning,True,True,general knowledge (verify name/existence),,,
P0071,The Reading Room Nagpur,library,co-working library,Civil Lines,21.1498,79.0839,4.1,budget,100,True,morning,True,True,general knowledge (verify existence),,,
P0072,Trans Fitness,gym,weight training,Ramdaspeth,21.1371,79.08,4.4,moderate,2000,True,morning,False,True,stanzaliving.com / threebestrated.in (VIP Rd Ramdas Peth),,,
P0073,TWALKAR Wellness,gym,premium wellness/multi-class,Byramji Town,21.1552,79.082,4.2,premium,3500,True,morning,False,True,twalkarwellness.com / sulekha.com (Gondvana Chowk Byramji Town),,,
P0074,Gold's Gym Nagpur,gym,premium chain gym,Dhantoli,21.1321,79.0779,4.3,premium,3000,True,morning,False,True,stanzaliving.com / nagpuronline.in (Wardha Road Dhantoli),,,
P0075,Avis Fitness Studio,gym,mixed fitness/zumba/mma,Bajaj Nagar,21.1279,79.0831,4.3,moderate,2500,True,morning,True,True,stanzaliving.com,,,
P0076,Ultrafit Gym,gym,strength/functional training,Sadar,21.1455,79.0875,4.2,moderate,2000,True,morning,True,True,stanzaliving.com / fitwithpratik.com,,,
P0077,Fitness Revolution,gym,budget gym,Congress Nagar,21.1303,79.0553,4.0,budget,1000,True,morning,True,True,stanzaliving.com,,,
P0078,Cult.fit Dharampeth,gym,group fitness studio,Dharampeth,21.1407,79.0655,4.3,moderate,2500,True,morning,False,True,cult.fit (W High Ct Rd Nagpur confirmed),,,
P0079,Black Box Fitness Studio,gym,functional training,Sitabuldi,21.1484,79.0793,4.2,moderate,2200,True,morning,True,True,fitwithpratik.com,,,
P0080,Fhive Fitness,gym,personalized training,Civil Lines,21.1497,79.084,4.1,premium,3000,True,morning,True,True,nagpurtoday.in,,,
P0081,Limitless Gym,gym,modern/equipment gym,Ramdaspeth,21.1376,79.0797,4.0,moderate,1800,True,morning,True,True,fitwithpratik.com,,,
P0082,PB's Fitness Studio,gym,women-only gym,Jaripatka,21.1631,79.1151,4.2,moderate,1500,True,morning,True,True,nagpurtoday.in,,,
P0083,AB's Gym,gym,community gym,Manish Nagar,21.1101,79.055,4.1,budget,1200,True,morning,True,True,nagpurtoday.in,,,
P0084,Just Gym,gym,large format gym,Prerna Nagar,21.1368,79.049,4.0,moderate,2000,True,morning,True,True,nagpurtoday.in,,,
P0085,Olympia Fitness Planet,gym,multi-facility gym,Sitabuldi,21.1481,79.0791,4.1,moderate,2000,True,morning,True,True,nagpuronline.in,,,
P0086,Surefit Wellness Center,gym,transformation/wellness,Wardhaman Nagar,21.1201,79.0949,4.0,moderate,2500,True,morning,True,True,nagpurtoday.in,,,
P0087,Power Gym,gym,strength/bodybuilding,Dharampeth,21.1402,79.066,3.9,budget,1200,True,morning,True,True,nagpuronline.in,,,
P0088,Vivekanand Gym,gym,traditional gym,Sadar,21.1457,79.0872,3.8,budget,800,True,morning,True,True,nagpuronline.in,,,
P0089,AIIMS Nagpur,hospital,government teaching hospital,MIHAN,21.0556,79.0348,4.4,budget,50,True,morning,False,True,doctorsgallery.com / impactguru.com (Plot 2 Sector 20 MIHAN),,,
P0090,Orange City Hospital & Research Institute,hospital,multi-specialty,Khamla,21.1231,79.0462,4.3,moderate,500,True,morning,True,True,impactguru.com / watchdoq.com,,,
P0091,Lata Mangeshkar Hospital,hospital,multi-specialty/teaching,Police Nagar,21.0978,79.021,4.2,moderate,400,True,morning,False,True,lmhbuldi.com / hexahealth.com (Hingna Rd Police Nagar),,,
P0092,LGI Hospitals,hospital,multi-specialty,Ramdaspeth,21.1376254,79.08199379999999,4.7,moderate,500,True,morning,False,False,impactguru.com / nagpurtoday.in (near Zero Mile) + google_places_api,ChIJfUcm4q3B1DsRL4NhI5AkfZY,AWCwydg1H_mwae1RM4_cA6J0p4T8_dJY7SHM9nyrb2fJO0iPGY3KFQw8tSbAjT3xJE9iekubaxi-ONBm0O9JHuHg4Q0gL9cXzdTtE1mVv8sUCob1wApMzlBOnqESkT4f_9NId9bcKiCMsAlIPkd9dOttPS_5Fe_6er3j-pSPIeF5KdsdeqWjqH2yS7_RvEVijkDJxzAlzl6BLOyFBrvKk3N3OUDbuci9el_fo4IpjKWrj4h2Ujynt_17CuKmBslx1tNpl92oyID1CwARNkiezCmSVkFXJEhDGjJ4jJ9ZWST0imrVYliLKahyZNBA3ZhYW10aK9ImUx4c5T3Hr3oxWKQIcEIxdBjPVJxvZRhyxavWUtWmdci97Et9mofnDPH6zTrbHYh8oIGqDmW83NM-LO7W9IniqopIXGG-zn_Q7YSa4jto_A,"<a href=""https://maps.google.com/maps/contrib/106760997846855811806"">LGI Hospitals</a>"
P0093,Wockhardt Super Specialty Hospital,hospital,cardiac/critical care,Nagpur West,21.1253,79.0521,4.1,premium,1500,True,morning,True,True,nagpurtoday.in / alrighthospital.com,,,
P0094,Nelson Hospital,hospital,neurosurgery/critical care,Dhantoli,21.1325242,79.0783918,4.3,premium,1500,True,morning,False,False,impactguru.com / vaidam.com + google_places_api,ChIJA3thH4bB1DsR01RcviwpnYk,AWCwydi4icoDTKZnic1cVzCBnlTsnRsHZoWD2qo55L3jriOZbeAzPefM2_k_F1vQTLDVXJZRN9dcB3KycIuewaEMo5FzN6qtKSphbXcy-P2dfj_Jw-k53qmGNBAlz3tI-MPF3QPX6ZJGcfbwWNn2ZiXGr03P1K3UI19xdrmGAf3W6gogO7qUOo7E15yMuZKOsdJzSb0p98Y-BcyeRpplG6tz93xbXEJS4E37VruHEZhP6B68pY8SO6PjWP72YNob06DAuQ2Lr0o7Y6elXMuPz32uzt_NQhRENxpqKWG4ir4Zit1nSlu6762iVIYlhfQyNj8n9bQG1mxzqfrO6pst4oXqFYSUes3vH4VJp7UUFGFuPv4CHyemSeRR5AUS1q173VsKt_1tvKJRXa7gCRX8mJbJ3GsKh04A0nQd5CuP9_QYNdA,"<a href=""https://maps.google.com/maps/contrib/109417233534112864902"">Nelson Hospital</a>"
P0095,Avanti Institute of Cardiology,hospital,cardiac specialty,Sadar,21.1458,79.0874,4.2,premium,2000,True,morning,True,True,nagpurtoday.in (first cardiac center Nagpur 1981),,,
P0096,HCG NCHRI Cancer Centre,hospital,oncology/cancer care,Wardhaman Nagar,21.1199,79.0951,4.3,premium,2000,True,morning,True,True,impactguru.com / watchdoq.com,,,
P0097,NIMS Hospital,hospital,multi-specialty,Ramdaspeth,21.1360347,79.0801954,4.6,moderate,600,True,morning,False,False,impactguru.com + google_places_api,ChIJQRvUghDB1DsRjw0XmOrhJhU,AWCwydjMfLbjt0GCd58Tp0523pWTqCiT2jItY8Ld4GRGYbcyA0eqQrf1WUhZqoZgkwmL6ovTr9JVuHuavJ-yAYXU8FgZSAd9EKzCvv5rnaP3sFX7Jpl3nRermM4ZgkAtFM4X8Rf1iT7HFBxbfT5yLiCJLNmjhmelBxpzvsZgbGq6u3X_n4C_hkOM0pucvpTwDwwLnn9hPEYctogMuAvzOzvRMPmiZ_blYp7sHydFWe_uliPtl9yCrDy2J6iwE4EfncrXjIEIcEubBfgObIeNBkpWeWKrt8KrakxRdwQ3zZj_het2SVl1Bg6yXoPED2MW-kwQkOj0WEF4wf0qs05hSbWKoeSrRtaAIDgXPNOo99Iflp7_HACviYtZ3V-2PWkrV5lavRm6KtxDRN_-2lWjZ-CGOCXGYZj520TSLpBd7dGyYm8GUQ,"<a href=""https://maps.google.com/maps/contrib/113149136609250779916"">NIMS Hospital - Top Multispeciality Hospital in Nagpur | Best Emergency Hospital in Nagpur</a>"
P0098,Alexis Multispeciality Hospital,hospital,multi-specialty,Bhande Plot,21.139,79.048,4.2,moderate,700,True,morning,True,True,watchdoq.com / vaidam.com,,,
P0099,Care Institute of Medical Sciences,hospital,multi-specialty,Bajaj Nagar,21.1281,79.0832,4.1,moderate,600,True,morning,True,True,vaidam.com,,,
P0100,Dande Hospital & Research Centre,hospital,multi-specialty,Dharampeth,21.1404,79.0657,4.0,moderate,500,True,morning,True,True,general knowledge / nagpuronline.in,,,
P0101,Government Medical College Nagpur,hospital,government/medical college,Hanuman Nagar,21.118,79.068,3.9,budget,50,True,morning,True,True,nagpur.gov.in / wikipedia.org,,,
P0102,Indira Gandhi Medical College Nagpur,hospital,government/medical college,Gandhibagh,21.1441,79.0722,4.0,budget,50,True,morning,True,True,nagpur.gov.in / wikipedia.org,,,
P0103,NMC Eye Hospital,hospital,eye specialty,Sitabuldi,21.1481,79.079,3.8,budget,100,True,morning,True,True,nagpur.gov.in,,,
P0104,Spandan Heart Institute,hospital,cardiac specialty,Dhantoli,21.1323,79.0779,4.2,premium,1500,True,morning,True,True,watchdoq.com,,,
P0105,Deekshabhoomi,tourist_attraction,Buddhist stupa/pilgrimage,Nagpur South,21.1404,79.0703,4.6,budget,0,False,morning,False,True,nagpurtourism.co.in / incredibleindia.gov.in,,,
P0106,Sitabuldi Fort,tourist_attraction,historic fort,Sitabuldi,21.1484,79.0797,4.1,budget,0,False,morning,False,True,nagpurtourism.co.in / incredibleindia.gov.in,,,
P0107,Dragon Palace Temple,tourist_attraction,Buddhist Indo-Japanese temple,Kamptee Road,21.1714,79.0989,4.4,budget,0,True,morning,False,True,topplacesindia.com / holidify.com,,,
P0108,Balaji Mandir Seminary Hills,tourist_attraction,hindu temple,Seminary Hills,21.164,79.0567,4.3,budget,0,True,morning,True,True,tripadvisor.in / banbanjara.com,,,
P0109,Futala Lake & Fountain Show,tourist_attraction,lake/musical fountain,Pratapnagar,21.1429,79.0523,4.4,budget,0,False,evening,False,True,nagpurtourism.co.in / makemytrip.com,,,
P0110,Nagpur Zoo (Maharajbagh Zoo),tourist_attraction,zoo,Sitabuldi,21.1521,79.0839,4.2,budget,30,False,afternoon,False,True,holidify.com / tripadvisor.com,,,
P0111,Raman Science Centre,tourist_attraction,science museum,Civil Lines,21.1499,79.0804,4.2,budget,50,True,afternoon,False,True,nagpurtourism.co.in,,,
P0112,Gorewada International Wildlife Reserve,tourist_attraction,wildlife safari,Gorewada,21.1822,79.0462,4.3,moderate,500,False,morning,False,True,tripadvisor.com / holidify.com,,,
P0113,Koradi Temple,tourist_attraction,hindu temple/Shakti pith,Koradi,21.2133,79.0205,4.2,budget,0,False,morning,True,True,holidify.com / tourmyindia.com,,,
P0114,Telankhedi Hanuman Temple,tourist_attraction,hindu temple/urban,Telankhedi,21.1503,79.0641,4.1,budget,0,True,morning,True,True,wanderlog.com / nagpuronline.in,,,
P0115,Ramdham Cultural Theme Park,tourist_attraction,cultural/religious theme park,Kamptee Road,21.172,79.0995,4.0,budget,50,False,morning,True,True,holidify.com / tourmyindia.com,,,
P0116,Nagpur Museum (Central Museum),tourist_attraction,heritage museum,Civil Lines,21.1497,79.084,3.9,budget,20,True,afternoon,True,True,tripadvisor.com / mapsofindia.com,,,
P0117,Seminary Hills Gardens & Nature Walk,tourist_attraction,nature/trekking/temples,Seminary Hills,21.1645,79.0565,4.3,budget,0,False,morning,True,True,tripadvisor.in / banbanjara.com,,,
P0118,Gandhi Sagar Lake,tourist_attraction,historic lake/promenade,Sitabuldi,21.1453,79.0735,4.0,budget,0,False,evening,True,True,nagpuronline.in,,,
P0119,Khindsi Lake & Resort,tourist_attraction,lake/water sports,Ramtek,21.3975,79.328,4.1,moderate,100,False,morning,False,True,holidify.com / banbanjara.com,,,
P0120,Ramtek Fort & Temples,tourist_attraction,historic fort/temple complex,Ramtek,21.3974,79.3278,4.4,budget,20,False,morning,False,True,holidify.com / tourmyindia.com,,,
P0121,Ambazari Lake,tourist_attraction,lake/boating,Ambazari,21.1349,79.0421,4.2,budget,20,False,morning,False,True,yometro.com / holidify.com,,,
P0122,Nagzira Wildlife Sanctuary,tourist_attraction,wildlife sanctuary,Gondia District,21.08,79.93,4.3,moderate,500,False,morning,False,True,holidify.com / tripadvisor.com,,,
P0123,McDonald's,restaurant,qsr/burger,Sitabuldi,21.1455,79.0732,4.0,budget,350,True,afternoon,True,True,zomato.com (Empress Mall Sitabuldi confirmed),,,
P0124,McDonald's,restaurant,qsr/burger,Wardha Road,21.1182,79.0718,3.9,budget,350,True,afternoon,True,True,zomato.com / dominos.co.in area reference,,,
P0125,KFC,restaurant,qsr/fried chicken,Sitabuldi,21.1457,79.0734,4.1,budget,400,True,afternoon,True,True,zomato.com / kfc.co.in (Empress Mall area Sitabuldi),,,
P0126,KFC,restaurant,qsr/fried chicken,Bajaj Nagar,21.1278,79.0829,4.0,budget,400,True,afternoon,False,True,zomato.com (KFC Bajaj Nagar confirmed),,,
P0127,KFC,restaurant,qsr/fried chicken,Ayodhya Nagar,21.1443,79.105,4.0,budget,400,True,afternoon,False,True,zomato.com (KFC Ayodhya Nagar confirmed),,,
P0128,Domino's Pizza,restaurant,qsr/pizza,Sitabuldi,21.1488,79.0795,4.1,budget,300,True,afternoon,False,True,zomato.com / dominos.co.in (Sitabuldi outlet confirmed),,,
P0129,Domino's Pizza,restaurant,qsr/pizza,Dharampeth,21.1403,79.0655,4.0,budget,300,True,afternoon,False,True,justdial.com / dominos.co.in (Plot 4 Dharampeth confirmed),,,
P0130,Domino's Pizza,restaurant,qsr/pizza,Sadar,21.1456,79.0872,4.0,budget,300,True,afternoon,False,True,zomato.com (Domino's Sadar outlet confirmed),,,
P0131,Domino's Pizza,restaurant,qsr/pizza,Bajaj Nagar,21.1279,79.083,4.1,budget,300,True,afternoon,False,True,zomato.com (Domino's Bajaj Nagar confirmed),,,
P0132,Domino's Pizza,restaurant,qsr/pizza,Wardhaman Nagar,21.1201,79.0949,3.9,budget,300,True,afternoon,False,True,zomato.com / dominos.co.in (Wardhaman Nagar outlet confirmed),,,
P0133,Burger King,restaurant,qsr/burger,Sitabuldi,21.1454,79.073,4.0,budget,350,True,afternoon,True,True,zomato.com (Nagpur outlet confirmed),,,
P0134,Subway,restaurant,qsr/sandwich,Sitabuldi,21.1485,79.0797,3.9,budget,300,True,afternoon,True,True,zomato.com / general knowledge,,,
P0135,Subway,restaurant,qsr/sandwich,Dharampeth,21.1405,79.066,3.8,budget,300,True,afternoon,True,True,zomato.com / general knowledge,,,
P0136,Pizza Hut,restaurant,qsr/pizza,Sitabuldi,21.1486,79.0794,3.9,budget,450,True,afternoon,True,True,zomato.com / general knowledge,,,
P0137,Pizza Hut,restaurant,qsr/pizza,Wardha Road,21.118,79.0716,3.8,budget,450,True,afternoon,True,True,zomato.com / general knowledge,,,
P0138,Haldiram's,restaurant,qsr/sweets & snacks,Sitabuldi,21.1481,79.079,4.4,budget,250,True,all_day,True,True,general knowledge (Nagpur is Haldiram's origin city; flagship area Sitabuldi),,,
P0139,Haldiram's,restaurant,qsr/sweets & snacks,Sadar,21.1455,79.0871,4.3,budget,250,True,all_day,True,True,general knowledge / nagpuronline.in,,,
P0140,Starbucks,cafe,qsr/chain coffee,Untkhana,21.1554,79.0651,4.2,premium,450,True,afternoon,True,True,general knowledge (verify — likely VR Nagpur; presence in Nagpur unconfirmed),,,
P0141,Tipsy Turk,restaurant,,,21.1586187,79.0807291,4.3,,,True,,False,False,google_places_api,ChIJi7VD5kHB1DsRtFREisr99PU,AWCwydhrC51juU-6CrdE94e8589MXrg5nTU00cjr5tX3p9rqOuRydAFDuQSjQNMJvcfqTsqcT1SYNscDUJNpf39JVLXwWORmeostC6-pEhIfM_m0mG-tzbNsv9EqGln60GwU-mk1apgjVbbnsEsdlOYxbFQunsp1e0z1TSopHtji0FPaLDem69037OXnSc6P-4Z8e74BfDucafjY-yk5etEEljaH1Dvxn96fx4o7TjNu1E0zlGlGppNlSJ3QNqhrrUtLdP7KjVNLCcjLTLn8KYccLKsJoKbjbwh1FTTr9dDTlLIeq1KYj3AQkG31V8AkKHxp2iUdHy9tS7UV1EluG_6sGGTKzsFekTpr7qYLI5EhX_sbt6zGFBCRZ2VrtVy85fAtulWub6dAaVjekEs7-CXFgDNbrb2NmQkkPGFM5PKrbjy9Fg,"<a href=""https://maps.google.com/maps/contrib/113305156412651240673"">Tipsy Turk</a>"
P0142,Farmhouse Kitchen Restaurant,restaurant,,,21.131145,79.06415899999999,4.6,,,True,,False,False,google_places_api,ChIJdw8pV33A1DsRYZKJEwijuFs,AWCwydjsbHWfbc8IyIHSD8SC3sWHv75DcJ-0WMt1snhi93QBkV0YT6bXQGiv6D4j6PgDLS63Rd0iQZPW9Wu0suu0RCVvqJIJMgkEJrmrsXDMuTpuHXYYmBa82Pe2p4wOxGIm2DRxHm9rIWciRygOHgeW76pQHh1ZY7_8JyNGizgNP17s5XrIOEiEUM4bX_ZoX5_7NdU5UICHza-Ob8TkgfSVXRZ5EZjVoVD_lLMkYFa-tz9K4mjzmQspmXBUUZRQ3QyBwbvhDzUdqbunMtmmxR5cIGxLzOEpovCNG7Qfo3sVUtqu1OrHbadyLbkt92jgmu73XQRtKKOS3a-FvkXMeuQCc6KbWIoOeowtU-r0O6puFrz_TUKueEibJlDgvDijvC2sO2kA_9OQTjVU2K3LCot36eOecN3RsZQqndBeKNeh5KW1Vu4,"<a href=""https://maps.google.com/maps/contrib/106643674040016745978"">Farmhouse Kitchen Restaurant</a>"
P0143,PENTHAUS RESTAURANT,restaurant,,,21.1415457,79.096245,4.4,,,True,,False,False,google_places_api,ChIJjS5PJQjB1DsR1t5kyPArV3U,AWCwydjQeYPRracwp6ZRXvIEAYgwCHD1dlLwhvoB_HG9LYljyfk8yMgmwXiMyi5l-17TQ-FU7G3jCypgY8aZsBZFLc_tsD_AYQHnfz53gCkWjnZvNo9wlxR8Z6QHSVdabKMKDG6kq121JYkoxcHLvAGEgBVb-Fh35eybXXoIFQumBT98028f_qRVZ_uwXW9VqkwEtCH_4kb4sVjQEynTXfDUb-QTKqB4NB_FYye2ADqeuDDYSot4keaWj9rYngP6nA-HV5pfNCaEWPZfjq9tf7lDL9Ca29GlqXTa8aRi-5gTqeS534M7w2bMYh5169MgJsgR0JutWKzGMTB7S8NOrvmvNQMnuBBooyrD7laLTDpPdCKrLsHrpODUIm9ArgP58Xuw3bsPp9c3bEqV6Eryv4lZUHF0i1gNVbGGdUyJmpr1Hs_aYg,"<a href=""https://maps.google.com/maps/contrib/111488856357368457044"">PENTHAUS RESTAURANT</a>"
P0144,Highland's Water Front,restaurant,,,21.1395211,78.93888199999999,4.3,,,True,,False,False,google_places_api,ChIJQ1FsVMTr1DsR-fDuast69-E,AWCwydj8LFBOZ-8hBm-u1TJjVK5s_0BGn75qyDpobULvavcy7C26OwoyAm5W5A01ptps4Epl0XtFQVSyYBo4sDX_9YUHeAd2DOohuh08M5Qgb4SRmOhGLvn9GnLRLRTBZjC1fEkdt5Nh_BdBbrWT0h-_UFVYhFWLq-0I6MjomDMPGaxIC5Eb_-zfDdoRNXGecYFo7H34n6YUi3OxQDfDJReSCQLXyNSrHWr3sCWcEn0knVi3pRx5jXwxYtaRHRYIy_f0prrtjJHCJvnoO6U55jJNI89FQd9f-flTMJNiJ2hrmDs_e-8zXHkG39lvk4uYO_7XAFGMfZ8wW8jVR0v_6kliBjrrMIVYTzPSyn1zBcWOGDJnlTjp46Nqil15B7uHQjdaycJO2M41447fZ6JEqlTDwcODXHY5Z1nr1B9TYLwjA5HOaDMj,"<a href=""https://maps.google.com/maps/contrib/112469847062994545149"">Highland&#39;s Water Front</a>"
P0145,Tadka House Family Garden Restaurant,restaurant,,,21.11466,79.0419665,4.8,,,True,,False,False,google_places_api,ChIJO8-sgLa_1DsR2oNJVs0NK7U,AWCwydgJ8nijGggVWAv9lav3mEW8w1BMdmRSS65wvHDetuummxiSbgBaqbeeHmnykcbpC3F6ImFv5aAp1jDFpwK4k8-JlMgyKW634JVp9sNOaYnKDlzVgE54vMCO7543jo1nb_kypgheAExTEo0fiMZgzAKPBt3O0jLFUKAmHZTRH7_KfeZgrkkDyH52sU05vhNDw41nYIgD6WpCMmziNjuYY_F2hpHSBpftx8ALAGFWWvej0dX1FVmBPHAp7djbIySqVOdkhIOnkfsGOn-KV_S8f31Zb3EfTTLLgg152m3iKgdO-vn4xth2oC8XyS6ZGwI-Amli23s8MkQ4C6hxLHywALwTmNdUHNtMd8tfaByHLcwq13nSQ8UnBMa6pRBdMrqGCMuYqPTbTMMFEnxCBEKzzVGmmPymu-w3v4ZXKGC9Ld_Q24DV0mGx5K5PWNKUeUml,"<a href=""https://maps.google.com/maps/contrib/114168187849785871368"">Tadka House Family Garden Restaurant</a>"
P0146,BellaVista Cafe & Skybar,restaurant,,,21.1530563,79.07722489999999,4.2,,,True,,False,False,google_places_api,ChIJL61bNDvB1DsR__qV6wPOGvg,AWCwydhEltbH5uA9P2d5GRju4lRYx-RuC0umAzTQgGI3jeiII-e-S4R5S4TLfKsvVlizNAC4rF-Tf6AUIsnC6cQFeon4YYzlV1s2VmSk0b6GWh5jNps0tuV0S3ooDAO6YJPDxgOCCpAqwsNA_4Umh0x4Xz850AJT19rwrEH6NVmgMp9LSCjttS2IHbwrABFnuWqTdjwPfDf6IQ3peS6YlluOuoIcWxdCzS6w8ufByWurB6VoUS9ZfMXSm0TYg3bCVmuoQVSc5u59q_Mufay94Jh-Kak-6dPMRiShE63QgcET_oOOTFtjBEUIS_jAB8TAMyPjGdyGeEo9dVov3NNCycON62kEHSJDyn41DmGyWw1gVu3tjCX8GTLCeh0zNm5b9ouEJhcY_sRMHftBg78zSmDz1ac09BAhZnAcwBQ-EvyzOMfNYCkNPL7an3a3bnmdJA,"<a href=""https://maps.google.com/maps/contrib/107044926372475156360"">BellaVista Cafe &amp; Skybar</a>"
P0147,The Hippie Island ( Best Bamboo Theme Restaurant in Nagpur ),restaurant,,,21.0499788,79.1133809,4.1,,,True,,False,False,google_places_api,ChIJJ1NrRoe51DsRSJmDJA_nfc0,AWCwydjhaV2z269mtwsMlzIO2zix2AM4bT9uhdDhfWNEy-cHVAFg0POO2-BKgZD4YzkXfvcYY8gwP5sWgNRXay5JguPWBCOczscMsnUJH-d6-NznIM9-U16efs2IMZb8rWP79ePivY2JTp2TBMvhFqOVN8KVKuc82OSYpYJKIuw9H7asa0KV8zAlBO8KkpPIjiELwB1kiO3QG8_ITYiJ7epyrT81qpUa1g3NpvBQdkQtf-PpEUOio0LeVCAnf-L7pOoTcyTFnd-pJRX_Qeq8_Amp1mCu3o09SsQF4M89PkkA3JJLyH2K3BqZ8r9ndNmgE5rfhuejz2hC92tLhLKM74rdRC5DdWuGNKK6VOLoiTMaNj34bwmgDDchcnYzH4OBXuNk4G6NuXPmEFHhKXNA3FVEOKnuys6pzs3GlQEFXO_7R0lE6KI2,"<a href=""https://maps.google.com/maps/contrib/100994998701761259690"">The Hippie Island ( Best Bamboo Theme Restaurant in Nagpur )</a>"
P0148,High Steaks,restaurant,,,21.1347868,79.076517,4.5,premium,,True,,False,False,google_places_api,ChIJsaCDYOTB1DsRk7UC9JNTzrM,AWCwydg4YgO1hjfV3EE-6vOnoVAQgV2aJj89swETKktdnZ5PWZyb3wwxinGkY6jLgtT_w_EGNvlBchhcRuXQEbXB44uojtXz9n7QIK9DEHYzYAp2A5CW0EKFzWSBlBt8GCvyir1qO3_qHfVU9unhoVIUpnuo12MJ-C0LEdh9gOkhY58tJKhF65pqmL6Iv2fIwCFGbg17CKRKgevZX97MYh_R6nVDAf8J0y0HOPKWZKyKk2eNNUcRi2F48rfDyTgoF2wGLjBHk3DPvuz7wh19piv-nUK8yqTU_DTwnrxx96a8ANN_nEBnbFRfgF_-gwIRKvUVSPgCohuRHZK3RsXBOWIeuO4vIa3PW1VW2yCnWIf3E7RfG3HC-5sfw9269xpGfcztEr9dmbTufyg7j-20GBneq0d0EphI4nkj00eXFwH37e0,"<a href=""https://maps.google.com/maps/contrib/114826407506273854308"">Ankit Raipure</a>"
P0149,TOQUO,restaurant,,,21.1433862,79.06128919999999,4.4,,,True,,False,False,google_places_api,ChIJaW392VzB1DsReozY6JDEYdc,AWCwydiSsd33YpAL2nXNduZm8EPz8lGmGrIUERQ6w_plNbUPUHOaqXCCucxwUgchyeMyVU1teAfHitmee9ntIw2rHavohrUPs-yBzNce5YHsj0haCIqee_YXFWDtkLV99ySxi98nteseIwaE9qOJ9x2sP0nTidiZm2RUShZlAOW6eI1n6Y_TwZH0E9q-fIEx9Me27w55s-hJuQDHIFqsiJAWBrkflckrfWnc2lMqtVFUxu3hUkCdgQVLQD_RrkjTXZsNWYISjU7IXhCdPQoCnPLvazNhqjE_IxDXp-wBO9qS0XP9xZfSYlm6g2VCx3DgKzWwprwk5bC87B_laXNiWa-xrrPqe2A_pWD83Vi0EprSU4RXR256dKB-gzKBrLbhyW6LV3tHjD1aO9F25Sc_DEDL_mxHGPPnES6gDJ00ECqQcyX_YRweiKUHz7UggkQ3iM7_,"<a href=""https://maps.google.com/maps/contrib/111052418713827668646"">TOQUO</a>"
P0150,Aura Restro Lounge,restaurant,,,21.1433248,79.0803318,4.0,,,True,,False,False,google_places_api,ChIJ90n5tp_B1DsR4RazSNbliUM,AWCwydgqlF8qpVZz2MJF1u8acPLgcCnh3zUeDkZx41tVPAVa1NKhOYcUVDld-GkCSRXksvGCwWF3awGhDd6COl_r2iYpfeh0DJ0GfmXgP9pnr2ybnt3V1Ot8Yo24hIWT_AhnokiRmkeZjLtIaUT826zt5MG3UiOhag2r412qn0zLGB3_NyMR3ug9IzRwbYrBB4DVNhK6v7sqZvEsMMNz0uWT4N_orfnVF8IepTw8xvMVw5AK8tJErMIzYyRFWoGpx4TqAlPE-OWZFko2GW63qnIKCpEKUkkb3IegVlLo-tqiMYGrNelp9hpiRzC6ZO3bG_u26JvVC1UG51-0YNfQLuXj2CMHISc-NdgzKPDfBO2kUALVclc15bJp1CVFSfacltFfZROG4lsSY3Qdfo4oG2422LlXrL_FcCiuFhs5GYXHBiPQnabo,"<a href=""https://maps.google.com/maps/contrib/117827560213889541060"">Dilip Wadhwani</a>"
P0151,"Hitchki, Nagpur",restaurant,,,21.1668991,79.0833339,4.3,premium,,True,,False,False,google_places_api,ChIJccjXuA3B1DsRlIj3pFMWITY,AWCwydh7sXG1QvnZpcIMnOkL1EFs5pH7DRoU4fDRwElCFO4NphnugKcntPlYu3Cf9pS34kAy46PdNGZ5NArofdfQarEWJdWpPoXC6WUFVU0ykeI4C9myvz3RxnQ16IQ2ZDMWClXH9ZUhT4H9mjBY5l6Dzx31wruX1AYhjX_7bbC7o_uNOPf3sNInnVsGsH-_VtwL7umZYRI9fUXDdl2n4HPPzel-PPxef5EQ7FIDinkx41Gd66_haQIOnlopvbDvZciKtrDjYnHCsKFFdhhMTrGn_vyKr6JASdkxLrlLtvTeWSChIjQ_hO2bvUvubWZ-IkyYBbdW1HUP7mTo8uXiT9v7vrkLaWHdsEynbMG9gZHXtqDk3ohzfY47Y0YPfeoL4ddSi8wV48iZ5iZqS69kcEmhHc4SbNilZVhRBQlihWw2PFXT3Q,"<a href=""https://maps.google.com/maps/contrib/115586762189220485992"">Hitchki, Nagpur</a>"
P0152,Pablo - The Art Cafe' & Lounge,restaurant,,,21.1502111,79.0676376,4.2,premium,,True,,False,False,google_places_api,ChIJPfpthvbA1DsRkAKg5RrKnpw,AWCwydha-l_G5w3P7nTu4xWVWi-SV8Sqy6jfdSf5DBqQ00kVS5ls7eIoY4Tw3u6bGEKTVcOtypwRdfC6k6hbvW8jUngHfdAFpfDmDSzNOvMuuSNWCOqVM9zzWtWkrqImH_-5cj7X8sHG0PtqTho__h4zdMWgc_0jrGViORF-eVHWQXnaQzwC6dQ5tsQQ0YflmviSVc0FYoY7uuHThjSUISYH6IrQOvlnt8nWoQdj0CSIhDZoIQboRVJm-ps6_W6ENAhgvcM3bo1HXkaItFWEZOCesVgYINxqx5M98OIVCmijzQ4CbbKFS2ak8L151DO6VJLBzKjWGFr0hDztNitIas0K2YJeuVKzrd48g4qY5ur6J2WU4gO_NROroWLeJdvCYsmusT1C7IYfEhQZKD5UyOyF7pq7Ehg3jjzEOw-qvEuR0Y_cYyDW,"<a href=""https://maps.google.com/maps/contrib/111992124454917386154"">Pablo - The Art Cafe&#39; &amp; Lounge</a>"
P0153,Wonders Of World,restaurant,,,21.136863,78.9213079,4.0,moderate,,True,,False,False,google_places_api,ChIJ_7lyiRPr1DsRkhNb3wBuP5I,AWCwydiJQ6X83x8X36Z6gO5ZZ5AB9DA3IzSUhpnmHi3bRAQ9UiUuk8nCyVi2fZWDdAk_BXBRce6fSB0C4ezife1fF0hTwIq_YoKkmx_0dOc5xlgXPm2moot5AOB1-zummVIHjXy3GUIAK1KuljPfm0Hke8Yn0E_fkb_1dw1OvzOkYfV8t0czXn9UzHqziPpHzlykqnqxeeJdzmD7hDj_29ESt_Igeg2vA4jogUIoFUpH1LtSjj4XT4cZJQsaf7yjm-B_y2YpM33KYyMzXbJIAP9NVmZcawc8LYZTxv0XG_7aSQ18uI41K2gvCqiLglNeL3UUQyDkuLI6Pzt5Q0DZjd5fm-hq1cdC7wn476s3XaMQdp1SPPLi9baiGaCY3fMJfx4bQUyKtSu1x3Qqj9VrbEOPiHzl1nFk39Y0Kc5trAbW-In4Dl2NS7vTwzEyFaj9K5qd,"<a href=""https://maps.google.com/maps/contrib/104245173901922783428"">MANISH MISHRA</a>"
P0154,Huboho - Cafe & Eatery,restaurant,,,21.1448809,79.0577153,4.5,,,True,,False,False,google_places_api,ChIJvyOnPo_B1DsRmbUhbGtcX5U,AWCwydiTk5QnWGO8ouCIJsz7NdOsTLFaYZ7KBBhHGhi24fVTjfrhOO5KcHFjowkYhA_ReRcta12wpJrNwjWcwH0NERP1qmXs5anFY_qyBjH6gXm7DpQtOZ1z5BAcmTokLQX8ZqUGnBxGV80bEuQ0lvZcavYG44Ia1TDCCX8-G_lsKiRQ52CUUpSqeh5yGej_pb1sNUkiDc4vWJS-bkDH9rcSR8ZreP92t0By48ExcGN0QE2YORDBpuj5FecqOmZ82_xqMFdTILvQ01d_-Oh-GbcCbBnpIxFPJwqltM1eOyO_UCyAUIh9VbiBvYFOyebmQQLK0cEefmFDn4xcg1lZNtHPy7d2Iv-hNpq0ePGTGyiIaNq1w41l-s72ywtsfFiQVronwuRYxRyPOS7eg-qzIDR6BAmuTjrzjZvL0_A9JEbXMXWjhcK9lu3hG-7L0R1OZTqv,"<a href=""https://maps.google.com/maps/contrib/112190262142843995943"">Abhishek</a>"
P0155,Ashoka Restaurant,restaurant,,,21.1594455,79.0797511,4.2,premium,,True,,False,False,google_places_api,ChIJFQ8yS-TA1DsRXr5B6baRVyA,AWCwydj2HmA0jd1WEMXxw_f8dkhp03XVgbL52IldhxmEzKcxpKnwBhpy0B4b5IpjMtGH_KKm3KChP703nDNKy_mzZ7n7II5NkiaNsLOBpS8MZ_4buRTNR6E_8bFXqWkp5CGECQDda8AXi9kmX4KnqpxqE8W4G-K73nzBkq_-HA1thy0k1oNom0Ke5luFsAhny-hE4bide2ghp2PFlfgWYAsfF053ssMOPRxBp9XPnUOHNRGXwgyizDdFk4uCPB8Am016YjUNvjxQw85mkzGFAnJ_Kpqmtmrvl2eTUAZtca0Qu7e-AvDDi8eq4rHd9tZ-hMUa_jk8kB2014Hxb7pZ0N_J_Y5htrwxbRTbhUwzCbM37l-VNIrxMYmH10mU0belhOD9QdxyGibbVoHaEcalQdEO6n7iOS1U0QMwA5ZeFd7Ybp1ttA,"<a href=""https://maps.google.com/maps/contrib/108304910027781791992"">Srishti Vaidya</a>"
P0156,Afghan Darbar Restaurant & Takeaways| Best restaurant in Nagpur,restaurant,,,21.1825987,79.1239997,4.1,moderate,,True,,False,False,google_places_api,ChIJFWoajQLH1DsR0evyWTAeWXM,AWCwydj59xRDxdP5iVSEFlybmJksTEQTi5JoEZlI53C-p9ObP8cYUP7odbw7FWn2YlyoANoIgXIPKx1z3ldHEsXZ5Noq29PrMeySVD_CX3mkXY9kkK1AqTwDRihOi2523dTWfdnYAKKhSQ9d63Gyn-F45sP-mQ3tGguTNIZIG6-OjqSCPhhPiDzYJNZGoWmH5HiCiwmSx4RsP-3K36Zu_YXwQLKKKB7E2eKa00HtQhb9Sgirszl33ob4UCQ2G4rEtNS6E-ffXut5le_BLOubNDR80Ds2FVm77lTXDx38jMwjyIrf7Ti2co_pN2oT9ago5vlJKagcQCB8qIrILUuMPa1TPnSljzn4Mnyr4F5DacZdhdwjUo6IDMXCVPkLxm5rSdUzqZfkO2urATzJKo0cw2EuThlpx7PaLl9R8n8cl2k0oofnPIlF5eVyfLrF7i6LznsM,"<a href=""https://maps.google.com/maps/contrib/107971573093773238520"">Vidarbha Media Vision Pvt Ltd</a>"
P0157,Two Joes Gastro Bar,restaurant,,,21.1263839,79.0583671,4.3,premium,,True,,False,False,google_places_api,ChIJh0aVgF_B1DsR59_7n0voO1c,AWCwydhMZ0YBrJq0r4KjBRHE6vfeO_2ZvjHi5NuH8ub-dJGIZv6m5D5aPO_IhaNpC4fBCofLxjq-9-Hdl2zv73S0aqWQprSkYuYtjBiLLadq-8_Cqqg4LWPkjFjYB7fa0_s4uR1Z5xzRd36aaSNJc-QqnscCdMXh0omvNJd_hly7QN7oP5JXLFdA081J5CjZ5N6nNmtXE8DEAEeaRe9W4VfunX9qZg0CvU7KIJs2j5AIHk0it2fiumw0K6Ty-AXZHvJp7cF6ssVFGTSbLliahFdvSl-oW9JEc4zhLzqBq_5TNkW-XWuqXAcJo-kBAVHPPFgn0XIz8b9kbRwFnJRnu0TdnHGgFAUmKrPAr8I8yTsKu3FJogXXNrc4GrTS7zQFEVDTql-_IfDKE2yJ0jRnfJNZvz_yGGtLtPXrIaMmbq2Z5r4_aN5i,"<a href=""https://maps.google.com/maps/contrib/108923198633407543493"">Two Joes Gastro Bar</a>"
P0158,Kiana- Best Restaurant In Nagpur,restaurant,,,21.1294376,79.0609305,4.2,,,True,,False,False,google_places_api,ChIJs3hrbkPB1DsRVrNEFuK57jM,AWCwydhFPUkb3HhQQYDGMwQhNDQToRp8VFvxjy--miHMoeJf5ArQL5zihKURyWzpHjQUMOeYE8eTlaLwv0f_MkvIXevM0ikZERUbIQJRYT3ZdBZ2LFf1za6z3sHz8vSz8CyJp2D7k4SchYyRy4ZlXH9ao4pRCE45UtDJbuyi7n_Qu2H0bve6V3BXonX5DTwWfqUOnla0LqyMjxUSHL2CS31mskPlWvpumZltI7RbiutKiHwZVXS-rJqRhgPlDbbdrjsXOissCjRo2UaejjcpzabEtuESCuczuSOb0g0aHdmqYabuE083hVG_-WQJYUb4L6YG5d2P6I6e6f0fdm3S198pIcnx19bGjNqLStpdA7JKPVHrn7wouvE_fPpuR_uNSNrSGHYGCT345mOH7Nsrw0NY3v4sKoqR0x-N53-m8s8ndlK-Nd00,"<a href=""https://maps.google.com/maps/contrib/116158793121812314336"">Kiana- Best Restaurant In Nagpur</a>"
P0159,TAMTARA NAGPUR,restaurant,,,21.1602301,79.01340189999999,4.3,,,True,,False,False,google_places_api,ChIJD-uGSQDr1DsRVNfwuj5FyL0,AWCwydinpsJEvEz-frw9qBBS--Y0va8XK_to_b4q9J_S6AcmBPuLWof2f41gV4QNuRxW2TYAkl-a8MvJGvKBJqq96N40iKwFfAvcTgz-6CWIBu8v18mI0wUip3e5PofZ0lW0PUyuS-vPsm-IZwLCAytQ_N7Er4-tJwEPlWljy_mTct4MisJ6qoSXlQHM0J39C7dg3unXkGT_xjuvK55td3vR5BP-BoHbVENxPqIbUGLcOlW1EaDdS5fY-4UvPokufzpxwHYCgjgRUqV-_-Z_A9PkqtMdwKPVNfGVYFXDfw9HlmOPg_j-M4PohxdJw9FOgIJXsbpY4efLiVKlCQS63XvSfQALfTqufCSqGO-x_Iio-NZ9KHoj9JjeJF6RBat4E1lIAmqhdIyDD_zO6YC4pA9e_jd_uXc7LYYelI92K80xWlId_Z9udsYGq_dx7w41HtVt,"<a href=""https://maps.google.com/maps/contrib/106504559654741763067"">Chinu Dhawankar</a>"
P0160,Tokii - Treasury Of Asian Kitchen,restaurant,,,21.119134,79.0470742,4.5,,,True,,False,False,google_places_api,ChIJ7xYOL0jB1DsRXgasQQtSClU,AWCwydik1C9gHaI8XDBkHRfRGDimph7ldYgbWCW2FoRvBHXBv4aAM5uR3gocec7dDfRv7CI37GqxnrYMb599M9pmaUxwqTx3wBjZDWtGrmRCyyFvL_xnlYvmOkndXvKOzpjfhVGu8TrzrysoghS2eJ8M8-6cU3aHI3A2K9Qyi0ct-y1iOEcvsptxpeHJE9Zaf-Yn7Eu-fDrU76jbXtLB6ZqVjJaanxPt_EuR4bgH6_J16ryAECEggf9VruJdufPdaFSYpTF3olzj2Bn-5JZC-alQlKRJeAc-SSh2D70O1HLwxbu2Cri6xLYYuP1Ky4AaR7A--VDm8hg4-stMAIRq2kRAScmV4BTvSS0ebcOCtXw3wBEbUXkxY2qtaXaOLcrMxLQO-54rdNOyB8fVA3r9JjWAwNE6vpMailOM0obfjQ2U2HBACA,"<a href=""https://maps.google.com/maps/contrib/101560648136621700365"">Tokii: Treasury Of Asian Cuisine</a>"
P0161,Chill N Grill,restaurant,,,21.1599492,79.0798956,3.9,premium,,True,,False,False,google_places_api,ChIJj_UVSOTA1DsRuz7U_JmPcmE,AWCwydgSuopxV0e_K1VWD_vTc8YUO22sEwwUFfh8E8f4d8xyuAt_2xAjAf8cDYA4xzoKDz9FKFVLx1jysS8zqSFHghLS519Dc0UknzhTEH3OTc1NW7Yu4HETN8d87kadnB0Zumc9DIfhbBYHcbnz2NSoXK4OaLGrUB7RMHanCFofPprXcKhL_1N07OHsqDept_V-5lLV05PlOLRIe9ThaGZj9KTCZA1wnXpoWMweQPGVXd4TholSsD6N-VxYUPcPqucaiOTEy7FbprNMK8wOWTz1V5NFDVjuXXpk5Y2JNEi3-NX94-d8VrkeQHPajvla_2v7n6Yo3qyfmrSY9eoIS5z1M_dzpUU2L8w9g1JFeHUXiEJ5XlyB4F-xtoZeLfAJHlSTHvyn_F31_BJjm8--JfDHXeHbT87TmuNv9FpbQeaa0dvvtEJg,"<a href=""https://maps.google.com/maps/contrib/100409595044739239886"">Tanmay S</a>"
P0162,Lucknowala Restaurant,restaurant,,,21.159966,79.07988270000001,4.6,,,True,,False,False,google_places_api,ChIJ__-7lOPA1DsR4zl8qpalHm8,AWCwydilaGtfGXpjvKRYbzeTizQMTwPciC-_GSyy_KlvlclW5NMhTq5dWc3vqdYp08eJS0RQh4mGStqWYoLzmGSfADer-P9fePtHeYKK7QuWpncbt4lWFUJrfmccNQYI13Nvqnbb_yX4Vyc5X9YgFj3TV8fgDv3bq-oCnV1i5lHgnGOlYiITjIoAm_EIg2-ai6WAu6p82pS15AHndYBckEoFu9WDTLPIti4If-FQ0YI-CFD0GypQv3EKJ8W0xBrU8eOLf7ShQa-PQ2-QcxBuObwjPCT7cblGZLHWFnVjg3KNjUM3WtLKMV34olrtMi8rraI7Kcq6h4mdYX3-aWId1EvEL4QqiEQkB-r5s-xVP8jx6W3W1yGgn9SbgVDrd34N2fr6L7DxVmOISRSRmOB4NakNvNLOBLqdUJ86qhtnNzqmdUYfwCo,"<a href=""https://maps.google.com/maps/contrib/118046509625570785094"">Lucknowala Restaurant</a>"
P0163,The Palate,restaurant,,,21.137334,79.0657793,4.4,moderate,,True,,False,False,google_places_api,ChIJcQeLeuDB1DsRAXBxvLF105I,AWCwydiAfkOXi2REa1ZG9rmDVhYricDTVNvx4xu9QHDOUnDnkhBFLe4vJeWwkccFAQ1wYJi17vFxlME2Q5EC2fVhcg3NR3-7opXh4zY1Z4W7DF-st4QYMRjzM3Pvvu8_C5quDcBjGRbQI7TPJBOTDBQ9cJHVYC-bvVmE2Pvav8qTJL6Dra1o3VnNoB9xxPXrFpIwUlo8snYvmDNVtP5-w986d5VgiBU7bv7-rTI_T57NnJau_RwF8_lmSDrB4mHnNGFUSX1EJa9cY2bmp606U2-r1HDi3fwLVNlIVG2l4gyLT9otUL981HTWf2JGmmIB6uOVUBqz0wVnjvSMDQXD_2NF1bsCnLaC6BhFgzQsoMhLrk4pOZ1jW1iQDiYaHFktaGm1MFBsNvqdZxHJeTbN8LcvrIDI_B2ptUssrOx4FMrKlj0aNQ,"<a href=""https://maps.google.com/maps/contrib/111806114036630715789"">The Palate</a>"
P0164,CO.SO (Cocktails & Socials),restaurant,,,21.1586004,79.0814891,4.7,,,True,,False,False,google_places_api,ChIJ2yPz4pTB1DsRCeZTg53wmh4,AWCwydjixSHCgWgK3B91TDeZLvWNMwEmYo0E0vn7b0RG-AbHj8W943erxeRzg2cDYeZSzYVaAyZzuTTKLni0p2EZWQaZi2dXYapD9KfxbPLiuVuxswz8g6CDW-dY_mTGmxAbivZoq60Sl2vCphXRsTY9Pd-bGJjZBoYuibnNmoaOaKJynqADKCG-u7dG2V2S7EyLBc1cAbWldeMF934C7qaFFWucBpPEP6sUY0sOQOZNujFDxtHfFvHGyEJmwuIxTlsw36tlRwiSWz77_E6OsCCIPEeV3cd2JUrLRLZarDuByDQpowkvvcp-VO9fM4taWnstG8HMChjgZGew_rGtCiMsax7oETXfjvcgZSgbBKyHa4F8IgWa8LN_1VOeynksME5DqhQ1ESphxJFt3OQ3O3cOO--uek9hQt8GxQbRR6fWAZubJQ,"<a href=""https://maps.google.com/maps/contrib/117069558765994526374"">CO.SO (Cocktails &amp; Socials)</a>"
P0165,Naivedhyam Restaurant,restaurant,,,21.1409755,79.0806704,4.1,moderate,,True,,False,False,google_places_api,ChIJ0bj4EcDA1DsRSfrvJgtAAGw,AWCwydggL0GnwmUubiutU521eF-wZ8B-g7DSXt-kgggFgVbSqGyER3aaaDEVPfFYV9rUOqSnugGIySvBVz5st47PMpU695L0UEKnkFNCVzsUfB6uXeu7cfU0WvV1DDv789rzuPJUJ_YHNe7gtm2UQifItiD5fy2PC7aQ9xNkTmqBYocIlBGkfQSowRsumBWTfPU95ZLGDgC-aW3zorZr3yyNnGnSy9nJeSNtKZZ7AZDh0JeFYp7g_XWqS1z4mGSrYZ8pnw-wcHDNsIAsYwPGKhEz30TKFJ9taGhjTbge6dO2vdnRJPuHBpd5gHXH_EoHd4Na5OK-C2UZlQ8t2to-gxihdPEapIantuhyJ9EBdTKAVjlHQz5X3kXHPWn0Vq6Rg4glqXRuMMa0dGW0QmbysxY30y41KbUYjB_DthX0xdby625pxw,"<a href=""https://maps.google.com/maps/contrib/106866695775875128145"">Naivedhyam Restaurant</a>"
P0166,Majestic Masala,restaurant,,,21.1338326,79.0729393,4.2,,,True,,False,False,google_places_api,ChIJVVUFoI_A1DsRcWmpJGkIn5w,AWCwydgYgOYlqxNNKQ7XnGbfXe8iD-B4NM4xSEvNpyvZNsRUq7E9Qo1Rb81k3-Tj3oy-6-aelBRDQWKZbPIaT2wmMSOeL-YSsI6jiMAGS8EQticyceiysemzmPfozcPHWHHxjvQM8t8JVLyJseZvrHSWthv1mOIINKs8FX-SU3jC4jmrdFY7Ta3hMxu3_Dc6c5YxMQJVI0b0JIaX9CXsMFCDZ6uCaoScYkqBbqAmgfmUN9VwPlVbKOFpl1oAlCRX6BjCpZ2NOzs81GXQRkXtLFZOd0FQ0jKaHuCUlxCobxgeHTLwcQccFQK1Wd_UQAf1bIhk8dQGcRkXWnuyQ_Kxbb5efKYVLDRiWZn88_ZqUswRerSCHeP2QTcR82P3AmKDQ02uwv0i-p88VD3NB6Cy9BZ0VYTv6diiRvuvdIHwbDFE6PNeRg,"<a href=""https://maps.google.com/maps/contrib/110865349894097640813"">Majestic Masala</a>"
P0167,Skylite Lounge,restaurant,,,21.1407234,79.0820155,4.9,,,True,,False,False,google_places_api,ChIJ2eSCh5jB1DsR_g-UsDhgl64,AWCwydi8YP-g3MCuw1PhPzE0ubYyiRHBB-NlC6g7otZcpAloUcPjMjo4WFkTmF_vJAH19EjBNtR9aXy2QMW6Jlb-N7AxPJLD5W6-ziS_gkru1Gpu-_JXAGlt7jwrdOL4UR5P3HQjjnNE2SOR4Jcv2k_seXLoxA7E5CYHoLjp1CjVu8dvnyT5G_h_e8zMvSAYEYKezBD9JC0_gFfyCv1lcASxNYkLQsqgM2z-0WNXyz5CYtbnmZwjLnIue9nsI-MC3vP1qwoXqHfYe4UHS6nItQUN7DZT0PZUGT8weDQFvBlIOF0O-wl3ELpe97KLDvCYwLcCPU5Pm8FdpQZPZ0riH0KOQieg--VR-YafjP3zFBNSHCyVjiw7571wAiG_zdV2XLUCCrnYo78Q9tf_0GE1oSOaRhRbhdPB9RCq9PUFke9Os1c6K6ByavELCpUyI3XvhB8H,"<a href=""https://maps.google.com/maps/contrib/102246248655898193469"">Skylite Lounge</a>"
P0168,Meeting Point- Multi Cuisine Restaurant,restaurant,,,21.1349043,79.0764899,4.5,,,True,,False,False,google_places_api,ChIJ_QfTv4_A1DsR7mkf19BaDv4,AWCwydhqDHzwMvLQIkWNsJljSdGULRrRMQaacsLzns39Em6ZyMGcut1RMGb9_IrhKy2TBbUy-MGODvTYZi7fzCcjiY8y2dBvfo198cDmNSpklvyswPeoOK4NJXScombnC5vA_G_b8bLpzOMtxjw_PxNiA-2_Byj1ktxsFZjDYqektvFIjCLtVLj_jHFKAB41IGOt7_KOO9RdvImgYEMjC--f_X25v6e8i0bmvI6fQzFVT1G0xFT6s9Wy8d-S5jmXYmPrvi7AJDESB-rRZ26736LfjYz_6nMISNJuzRXCiGVS_AzmSOXqjHmIP3A3YyOdUn28zWVcy6-LKnMJitI9esHTHafOPylux_pGvT6avmczRPfEnGR6QIikqmGdOvSlzig6X0ZzQvtybnIpHFmF2E3vcYCDQUD6dNJsJmPQcdm-WpJaKA,"<a href=""https://maps.google.com/maps/contrib/113248610154490849735"">Meeting Point- Multi Cuisine Restaurant</a>"
P0169,UTS Under The Sky,restaurant,,,21.071217,79.1372287,4.1,moderate,,True,,False,False,google_places_api,ChIJJ2dAJVq51DsRH3U7mPjuSuI,AWCwydiIlef-3U5Eb71S-qmkRX_8q9LUqCawq163_U2PtRY9ZO50qcBA55IHOmv9eo4DR9V4aHF8pvkIRGTNeKqvdNP7ARMOsTDqSPOdM0pbJDqqW4c_d2QGTI2FKvwR_LuvhXFKlm0Ba3gnvnSRtw9151IERz-s0wXsPRlZYof19wWuJPJSYU6EqfjsKWCb09QeqmUc8a00rFeKgFELD2oWCM0fvDfFOFv-rYhaMPuVH4gD0RXTK1Sws0a7GOMShfHR1pEniTA3bsF82gQcf_orB6wGmiZtMzFT_7jj-eeQZ6Lgq8S3f261DrKOullxiDIhcENdI3WWF47AML6Sg-8E0VP4GyinHPeaOV1r-ptCp2e16WIUJea7tvzNovm3FyxJJ-zpBL4huqD0vPa1l85Bk5Ihh5hqpJpVs2lPCK4h3lUBZg,"<a href=""https://maps.google.com/maps/contrib/116508819077377642104"">Vikas Kolambkar</a>"
P0170,Yamazaki Pan Asian Cuisine,restaurant,,,21.1277847,79.0632622,4.6,,,True,,False,False,google_places_api,ChIJH6a-17bB1DsRQ7E8sRczcVY,AWCwydiMODX7L6gyQybGGPVjlyXxuZz8sBb2NXUGcEKYYSfWG8eOvrJM7Ul_du7rmOq-DE8UEZmi8jBdudvi21CC84eDsCu2VgqxVP31bjrztrcww4Z0nBNb5tMNNdXEAZOPAaBSJv4JIE-saz3N-dnEjbXGoqD5mN2mV2HD_ZW8IYY4JIDLHSrkIyiiNH1Di9jihttwElbgmQ7ffEl416TthzAkzhC0WCMYMfwLlaOEjguIwiSpU7rTwlZrj31NBeoJl12UccVJbjHodg_-90qQkbKGcQVPAkEpg7TIpTqxdyZhw38_HVoioWSVBsx4rJKeNwf1cnim5rN4XrRMskNCFqCgpDlvfF4THgk2BuIMcgncOPSXMDzofDVRWYExOLNu_8Tapm5aDIej0rzGCfIpPOXBpW_ihaQJhqRvbUbwxYUvJvQ,"<a href=""https://maps.google.com/maps/contrib/112616335649205559928"">Yamazaki Pan Asian Cuisine</a>"
P0171,10 Downing Street,restaurant,,,21.1367499,79.0782385,4.2,premium,,True,,False,False,google_places_api,ChIJa_fqUpDA1DsRfFUdIOFb5FI,AWCwydgetyjLK-14VMsArLbDax1MchZ7oo_PFUCVUCb-BzLlLQdQd8NfFEaaDgXxh5BgskrRB6zVWOl2fZVGjDcGiUXtW-d9_SIml4reFNTeQk7gPdlb-Pc1BuLtrvdBW8eJPWheWdHQBhqsZJ9iTwmBKUqX2VyN8KGFr1KEf4jOYEq91vp4x1d1cZIaKOm3xmYy386bClX_ukH_zqgGxGS6LlEQEz_NOFWH4tz-DTIztvZXYU0La7vNgv1RLlzp0F1MEfKvt-cnI7s2uOHlej-6cEy43SGvfisvOK_ZQJNThXB4MHX0O4Of5peD5pEzE4vTZd2pJUJnkhuRdb_mASICs-rmiU_m0BcQE4DdoHNirRiqYQVEolnSJVmEyAY88YyieP_HbqdeywEng9PhF60D7b0enYUZZq4Q2yB4ZeJbZdQ3xzU,"<a href=""https://maps.google.com/maps/contrib/102819527692214998918"">Pratik Pokle</a>"
P0172,Ambience Garden Restaurant,restaurant,,,21.1527249,79.0197641,4.0,premium,,True,,False,False,google_places_api,ChIJiV3tyRDr1DsRW9oGdLBzysI,AWCwydgZa3FCGw0bkF7j2fEtTHNO3G1TMVtolemrV6Jkr8TvitEIwHEb_bugvwhQ2x84I-GP0jd3AeDJvvu8md3sVrhqxQIgK-G2qvm7mA7kc4biWpM8IN_tJeEQ-xhlQDzYWxVABJ0nfODxdmMuVNMy7zjCzdZO-qvMvjhdHpk6Gau_2cqgDl4A07cmSi-AQ97jJSJ1yZKm_ao7W6rAJ3kJjqZA7mYirdo-td8K0IUNzsTv3YrUbOsHl3nDnSMLzsxYqt_rqKCr4eFqQ9a-6L6zG0vevzYAUFmzE5a6mDNuWXNiPghPLIJi_YExYJaKRQmlN2YoSAZ0m5FCUZZKq_6kjKOsMxc9mnd353hmaTIGvsc21MFpR9VWVOb47mzlRPFbbHWlmiYS4x-GpDB4wFOi3aOuETDp7ko32nyEosTiPiA,"<a href=""https://maps.google.com/maps/contrib/105193427916321287290"">Ambience Garden Restaurant</a>"
P0173,Vishnuji Ki Rasoi,restaurant,,,21.1313664,79.065387,4.1,moderate,,True,,False,False,google_places_api,ChIJxayC-ofA1DsRe_7lUvQqcMo,AWCwydhJN2AeBDgP9hvWxqWiOF_nBggxoSgAwsXp7oPUvsxN76IEfBiiL2iXCUzJmbzXTR-ZCFmopAyX26JdGBMqHUHVpW_XR1eKf4Ur-rqPXxE-ybI-QfGcGJsLhXDcpy8sDY63XdDaEAdpnWWXjYIZT-esGPadTTMIVQmRqLW8WxDeEC_1X9teUCTdIMQm4evkvwOQiKtx66zAxJcoTkWW7UeDkLUIRJ7ERZfPLlG8dnnB18wP3gjx-mM08oiLauo-HT142VLFFcRMbK1Pzpw2ZGiIZoJNOCzQABKrnrdMkd2Hsand5zzVdKjOkcRiR2UKmWiMThX3PxqR4H0DOPoH43sBS7PEkjOR2MJ-Bn7WmnAlHEx53ijE1haJy7cR4yeVlXh5HloQ665nSDHWS5j-NIO33x852CATf1QeuKY9cLc5xQC8,"<a href=""https://maps.google.com/maps/contrib/109571250522981416300"">Yash Maheshwari</a>"
P0174,Haldiram's Thaat Baat Restaurant,restaurant,,,21.1427313,79.0817158,4.2,moderate,,True,,False,False,google_places_api,ChIJf3A_nJTA1DsRcqtEOkve_Oo,AWCwydj99LdSF1OxIGC_RGTbOKI1tAmDWArdWQuTHWjA7LUH_GRs-y5-vybiJ7D9sGUhOzII6xyMttKPwLp47HR-t-laTJTize5g5icZp5VprUWfT3-Cj2evjqUEHnxHb6AD1mbk7_fkSPOOgbLCffscokSR6CF4zahQNmugNBzd0Ipvdkc5L5ggCryXm_WBzKVtA3XdD_3E5sf4g1gQjqCyo3mMzeaXPDKjCKBTfZA16dLSEB22760GZ0zdtG1TYyIuYFK88fijOGDHf1c8_h5hNS-f3tvBCYDFVkX8cFJ2iDUeO6RlaOTp7iKvT5e0pXpjcb1iH-Vyzs3E-MXn-ne9HYJWgwXgGiSuQMnSz3xpVbUNJ2ZLO9LUaIVnF8Z9p1V9h5ISmfTZYOMB8ImjKPgoWuL5T9lzBLO2Wzug42G3ACbaT5-CRAZlimbPRizTlQ,"<a href=""https://maps.google.com/maps/contrib/109084347006582341601"">Ramesh Babu</a>"
P0175,MIRASA,restaurant,,,21.1230578,79.0640617,4.5,,,True,,False,False,google_places_api,ChIJh-WoozPB1DsRzgRhMntKnDM,AWCwydhjVumEPQiZulTPi_NDKs85S_yf8EmDxYRp8tVoLhCXFFdt_p9ot3uKxHAMeMo-FyRfsNgoGAOz3K26IycrALk6NUYi-ryzjDKFm_89Fzel4FRd5-Z9biLI3xdtzgnGVOW-emnw4RZNrI5xgxULTsl983JQ8jAs-AQEQ34TqYMwaBzx4lh84yThnJr4qFY0ucgWv4VkaKBRb00uuFg6lydp_sPeM6AfcyZyPjQ4sBUNQ0A8sNyDZ8CtjlhiXq8NptmLbnOkWKBbm4wrjE9dcjnczce-Rj3knxbO8pbwb0H06LljL9N0YY0_kiogAPTSpK_4lXFgROxCbfZzWdmGvRS-F9YZ4TDLlpktaSuxM1ull7AT7v037eRSJ-pPUIkSwG29ZyDLxj7uMyrFA_nVPwnByj3oKVCxq5JYdv-qIal6pIlCCiupMrqipYyKNA,"<a href=""https://maps.google.com/maps/contrib/103366049653462699311"">MIRASA</a>"
P0176,"Little Italy, Nagpur",restaurant,,,21.1495158,79.0661626,4.2,premium,,True,,False,False,google_places_api,ChIJ1x7r1fXA1DsRhnlfxVuGzvk,AWCwydi5qQDtGmMKRO4LP8iQOLZfiWLsJ6fhKbs9rpDgAQ7nVJ8DCYMKzs30JaBMQ5pcfoOK2IVH0ftgqdnxh1-bhVIh561cuwFXsyIiPEooVlGza9WaJ8tYhYHNkP6LYrhuZwz2kTk7kXG_GDUUo9lVBiMVc593VCpSWAXm-Ng7QYaykMIWk2uaeUChtU62sfK5tLZhuaygZxkHVC_UJFniboEj4njE29aZkpjRfTHgzW2aycLAO8Hv7y8xAmj9LTvDV8_giigcghKS8_4FPpzv4G4ZnJTBcJ6zb4FbhJFIQzZNzjmUVBowLoDqxpnGF5zoy-_B0il8bC90hnrWnfWiNDHLY-TXOc3hLgRJOhUZnMjv0DDjK_m56T0tIv0EYJrkWbXUQYIgmKZmdnpTjUDaOYmLusfgQmq4IRAFz9OCBaxUfUZI,"<a href=""https://maps.google.com/maps/contrib/106794527914520760650"">CHETAN SARODE</a>"
P0177,Millo,restaurant,,,21.1513192,79.068929,4.4,,,True,,False,False,google_places_api,ChIJobmGzEbB1DsR3uxyKSedQHk,AWCwydiMX64woY6ZSTfA5stvwAGpNDAhn9vlkBziwQMr-RGWOT--UB-KJvhwLmWMdJSjibNfKAX_3cYe1TSfw5R-xWLjqujplvslcAo_y0apecS1puyh4OKc1YKKD75MUIfjhmCYElrwV_L_Kme1igLYaQS_ewpZJqfq628PrccuCapjFxUGxdHD4HmrhKBCU_hBXoKZXFne28U-GMNs7DNdvL4TUWqeIs1itcJ7xZ_S0ccPJgrpQeEGy1m2i5CU-W07klwNfwfYvA1fK7I87h-a9Dvbi8trHvQL7D2O37hYUqWtBFIOZkPbKO1GEsCosNtHKjrCXF3ltzWumBGZCaNPIA6vLuorie9BArDjNAG6LVwjQ88DipRaIbEBxi5doFQAK9gKt2P0Lk5P9MFISzrudYXKbM-jbi0LuYbH4F2EvnWhRrsWVrczEXwJodXZNg,"<a href=""https://maps.google.com/maps/contrib/113316702450483400950"">Millo</a>"
P0178,"SardaarJi Nagpur "" Authentic Punjabi Food""",restaurant,,,21.1349809,79.07587740000001,4.1,,,True,,False,False,google_places_api,ChIJSxUGUSXB1DsRHE79Xo7kKUI,AWCwydhuXFdSC3wGzzAZer0lspRKljloz9e8zTwAe43PyZAIkyBHwI3dBINjDHMlIG4uAuuYC-uEgVLAK7r0Hewg2hj7nyBODXHx_zBPputpdbK8bAHRoXGulC7xE7jwMnqJ7c1zdmNn6TZMvyxtfjtjH63D42ktj2doiwg76fdDrwtexDTki4bef3lTK2FynI9cdTgOMw7THYZ8sLNJr6Kw_OrRuVcPhghEAHXE8jc1-8HKlEgHpUHwHW46iZlXg197SYGCGJtqoBU78ka7oQJKfydNsym7-_F299WsgD280Zb_wGSD_iY0RGLZTWz38b-Wjvv5_xBGnpWJN1gbBcXVFlljOcG6enmQ_E79UBMdFtnVulf1joUrpJxV60iuXE2hfkNY1o3hUNIEvleNbC2RVSERQ0JOtJ2VYwHAGSbjcYJiRgeB1he9w-lR4HGoElma,"<a href=""https://maps.google.com/maps/contrib/117580642372913137913"">Abhisek</a>"
P0179,Uttar Dakshin by Naivedhyam,restaurant,,,21.1588564,79.0798939,4.3,moderate,,True,,False,False,google_places_api,ChIJaW77yOXA1DsR76BV8ORM_LI,AWCwydj05w5oIKrY6bS8Kbd8Ts9fuD5C1kAxpzRvmYjG1h61nVC4yZ6u9fFwP4xoXhUhC4wiPrJRcbnb-gtrMQHkDjSL_GcUMnCZx8MAaJl_BUBIPPxzi29g7vA_QEt5Z7nrpPhJxeqdl1bo66rma9ahBfrfnWZAgKL3A4m43UHWwd9cspWr5fKaYWX2WfhCL8r6rZJs7HSnxTcK7RZQ8qA2d7SD0yL7WuFYzFelQ6U9QtDioYl3zcjm7NFTFLOH8EvRN0QsHlARaypcpcMyhWtlapyPjkIwcgKaUiipjQ3iE4dNsIqIexIRBe5DMXhkaa6iXOYKRxS4hrvdDVF4xTOm4ExqAFDEdop3GFmR1aUZQzON5yxsKNdPxbHy1L3xSnQDjEW-6noJrCByy-FSofYUx1JdecanslP9aCbSeMgzIUoOVJSJhtpCRpv0icdoQM1y,"<a href=""https://maps.google.com/maps/contrib/109946020496984021035"">Uttar Dakshin by Naivedhyam</a>"
P0180,Moti Mahal Delux,restaurant,,,21.1451916,79.0894749,4.3,moderate,,True,,False,False,google_places_api,ChIJbx34kGHB1DsRHY0q144dEls,AWCwydgbA1bSgBA0jsDMUI2x92-nVv29OC8hXYQqomB67PkeV6Hd8El8ihYvJZ-9BmxrxeChXyPvtt_9xMymHW8ibYryBA8bc3voH0C9VKt94VIqAQCq2OBNtRdm25FDI-NcOsL1glrPEHRaWMY82eqIKvQknySORKFdr4aOnRFzG7jGv3VvFvTZlfIi02MCjPoBGjsQi080zNejK0_QMTxocw_vcyD2A2bZTlRng4JI5jsWWnUyL6IpRyfxEzQ1rg4CHDnl_sa2i2Oui--24NyUlE4LG362wpZ9SHop8BmCWyXok1dKm45dX0J2mRruKnNeX8rNtLZgR1vczQZbtoVNQZyPXwjBm1moq1TLITbnjlgrBCOIsu1btZ3xRBl8FJNZF_cfJYVHOZkxQp3iJ6JFJcseZOJPjHBsvXZjMA9SRCGAXYQHM1RsYRcpI8Sw1A,"<a href=""https://maps.google.com/maps/contrib/113613144230744874715"">Moti Mahal Delux</a>"
P0181,ThirtySixty Restrobar,restaurant,,,21.1318393,79.0970614,4.1,,,True,,False,False,google_places_api,ChIJvb-ccNHB1DsRXsFz6AQISvY,AWCwydhLJ3W71xVkAoU8pS2LxVKFUgJVGAleOZMB4ZkrQ-5NMjmPdM5ZbqZLvgb1HYnkU8e53-UHH7F3ms3aX04e1CYRb5w7L4aFmDfQlNsVGnm0tgMd8K4RF0otN4c5QFMVHqgvmKWb6LeQ039yFY3Nn5jPorxma5i33v2kTjHBKP-6X1G5qU7k1J4r3WgKmSK7pxwM7conmwHfJ5B6h45yR485g1AE5CQq183GaS1hl6qYoF1PnQapOePXyPXdt41zCx0iyPLk9vGa0Ne5GY19FrKHQsFWyZ2jcUmQVMQpKfvcaQMU4i7zbMovzs3AeJPXiaiXfu4NDexdj1zRp8VhnD7t-_OU-lFNGjlJppdXYzl09Ws4yxxizpIBzXb16GvwBxc9qVMvhIRoi0-64PM-a9e3NfPZ_EBeNJDWfx9tcQ8fkA,"<a href=""https://maps.google.com/maps/contrib/107819290406584580706"">ThirtySixty Restrobar</a>"
P0182,Grand family restaurant and bar,restaurant,,,21.1437979,79.0825749,4.5,,,True,,False,False,google_places_api,ChIJa9wMKjLB1DsRmc9gzEb6_YI,AWCwydiLUABRjuT2Gtn5v25qdkuK2Su2CEaLXwVM6h1mp47_SxZFWg6vKPr_473rRrxDVqxUgrn9eaz4Vw-bspawRtq3-32oK9SoENz30QcSxGc463LoAIEa6PgXTwPSU9ylgSg5KBd1ohzl2XO4yprl6Cv47JOSsJ2-s5IRbIoKu6D3ldLEFzH9d7X3dtLNrDlt3mjuhaAgkyAhIo3IA7YhSJthmo0ycw99qLVUGZuTtSTJmWfHsbS04g9PF2zRJF0HG_FQLCJ2iLfewMh9l80wRaJH6gji1JV-wDCZpzuTilUcxMa-XaYBTwcT7vHDZnKiCz1ifTdUyGreNvytkz3BaGHr4_CHpU5lPAovxUukWZhxIJg8EyreHu9rL97LTgH3cui80C2SGeicokpDRWetBtHxSE6lgbNXlqCnyGE7KDR0DavC,"<a href=""https://maps.google.com/maps/contrib/102024213525423990160"">Ravi Hemrajani</a>"
P0183,tds Restro Lounge,restaurant,,,21.1366516,79.07860289999999,4.3,premium,,True,,False,False,google_places_api,ChIJAaHROn3B1DsRPxVYYdKpULQ,AWCwydhlEJmZhAoZhsiYHnPOFLoEQnj2eiXQo3wYuCV8G0F6fsLAUtD8SSy-aBjKZD-6giMOVP7OCum8F3Hygt5xv6y0RvMXDVgakabG93q1iKDsmNFK6hk83PfuPMTv1fEgCzq3rXBH2Iqwf9C0Yl8nyY3RIRC9txWAyQvK2C3gDQfRhXXV5uhuFJOem-Sm1_cY6u6R4kx-i7y_jWo5fqNGxXFrjrf-O618NGSc8QXoZGCv8UWOfvh3n_3LPVBmvJ805mrPn7Cf4JYdF0O-hmmEdGKCUM-CmH40XppQIp27gRhEV_I01YFKw4iqMjHPrgF38FHdiNiHm2--dt_gjpjM7_bVEOGVR5FoBHEJIOocnQsCpXfcXQA9TEWiF3oEiB86-ZjwBlThVceC1E5aYLC027-kJ-vGYmly8oB8hPJr0AQvoOWs,"<a href=""https://maps.google.com/maps/contrib/112205482789036294752"">tds Restro Lounge</a>"
P0184,The Creative Kitchen Radisson Blu,restaurant,,,21.1057454,79.0696538,4.3,,,True,,False,False,google_places_api,ChIJRT0o736_1DsRBVjaiMnL0go,AWCwydiMCAP8l0XaZ6_q21Pey9cnwF3fR_s9Ab3Jq2MzLO0mMOHANpon_icR5o1EhMti_UFmzqhTnonqS16wPJMezpjUIcgC8TihyxW-1V4RgP_F8NtyGkbBb5GfAfqut7KVB9XZEdZqRaT5lODyb8HNyxuH93fMpu64ovgx1NLIhDL41M3xIp-z_SEtWHAn8xAkAE3WmFCwirtIJ5ItL9Er8QXK69st5-oaLD0-eW2aedux2jgpHuJKGccoUilZPkNiWgxsRrWRdLcJxjjsNIVt5iCUpOlDsLl4jrqUb86nkAUTpR0XI5KmBLY3Op-0qLt1czTtSoB37eBcoQxvCT_dIHnPvAfg1lIakoXBl0hCWwqhQnL_eULk_l78W-9M73I8m1TZ0tt0c7ygUKhySylucPy_B_wqYMfa1KrwlhUp4s-kPSSZZknZhet7XvrwtZXf,"<a href=""https://maps.google.com/maps/contrib/111035461542945151927"">Rakesh Barik</a>"
P0185,Barbeque Nation - Nagpur - Eternity Mall,restaurant,,,21.1433734,79.0800933,4.4,premium,,True,,False,False,google_places_api,ChIJG4yuQZPA1DsRKxYcRB5Cjxo,AWCwydiWmv1uixKXTj8t78-PYtrvi175RYc73Z-0z1q7SpKK5QtQW5l7lkwTRyJuNjHc1P98vGHF7RUj5I-l9VLTUYrQH8MYxvjnV3jUNc7Y_1NuXp_Ai5CXbJLFP7dCONfhcbYTjIQiw-xxO0emPtPlLRUG9FbEiHmkfqUDLFiBXm7E6mY9P8PHnHG_7iJZQEbjj030XykE9VRXWpZQFoPSF-eGKm7xF6lk8Q3KZL83dmOI8zwLSYieBmABR5wwMdaOPenTzTqFau87jvjmLqFRVursmILd8bACYDp4tE_hfEMR50uHhxqhV92Xe2oF4NjV9QmY887kh13nd7MIRCAWykbqduJq3oeNrZfoOOtFlKFkVDuGmKfWX5TyfVOeJ8XCKpokLX0x-y-A8a0ZI3fbgeaKtbuiMiSlV5z_5gMrdv_SmALyyA6m3swYCfnKalms,"<a href=""https://maps.google.com/maps/contrib/101143526575198503381"">Barbeque Nation - Nagpur - Eternity Mall</a>"
P0186,The Breakfast Story,restaurant,,,21.1232894,79.0386039,4.3,premium,,True,,False,False,google_places_api,ChIJhXUbIwnA1DsRp72Ma0w4mVo,AWCwydi1wWpzFAkT7RVhX4dR_I-ios_YL1_M1F5Vq4cJadrDNEOVTGT8lxO3kxSGOqj_TW8Gn3ZzoWrEBuFCxHyOTMQJntBkowwxKPPYqvw4phyphhp7NygiD-l6hpxdtzAN64vdg4WCPX97Fj-mNj2dT4PZGngNPRqXmEgHanLZsg3qc5V5hTYE2w3b7Gbbq--fBt4D8R-LEt4duzSTp6aZtBVf8_q4mHHW-Jr2wllqqO0Bjav8WzJsFwMqEN8F3L0quMPpcRYbyFHOtKHYFCDrzYzWy8Wqzo3cw_gDjCfQSUR1qYKYAofYcDaB9U2c6FlCdaBWGDI55qcQHRhldqLvWmCeWv5wizxqv4H2dtXjDE4ddpkiCwz56aHEpfRqVPE5CsEP0InFif9d4ft1u8x7Ge4NIhG7iL47jTKLPCcU8MUCxxFq,"<a href=""https://maps.google.com/maps/contrib/106200156079766418747"">Prasoon Shrivastava</a>"
P0187,The East India Company - The Restro Lounge,restaurant,,,21.1512691,79.0752205,4.1,premium,,True,,False,False,google_places_api,ChIJKy3c6PHA1DsRXKANSDWDDS0,AWCwydjh1-NZlLGxDjXiAYVSjjCNkG2LaTeOaVui6iJDaF5YXewpufOYC59XAi4UtyS058NyVcPyBAOgyJFsGd2zjMlea1WNckWJEcyuOpC1G7TsiBdnYP-EO3tn10_rCeKfsU90yGTsuJ3zorsaK482VLnON7_xdf5-2puntqwwcvkRiv70UZqlhwtMbCDP9FShzhIiVEXlI-GFF58W07OLH4IXMMWzQwtwHzLnFNVIXzz_XDG-dG4OOii-kYmxHdQcmgZTbzfBLzWq11knKUdc_77p5cixL136o2bXlNLZUmQBO53whbey_-E6E9nWS3FPKGr0xSg9Sd6Sq0N4g2vDVQDTxfT6vgg4IzqVne24IvuObb-ursA1KOXMSbUB4cNullU3DwzMCBf4UvTZjSTkg3otNJ07ohc5RvOcHCqpAl49Q4bmEH9U6x1Ynjhet7Yk,"<a href=""https://maps.google.com/maps/contrib/102123327836909749856"">Pratik Patil</a>"
P0188,Namaste Nagpur Family Restaurant,restaurant,,,21.1196328,79.0210256,4.4,,,True,,False,False,google_places_api,ChIJP30yxXLB1DsRmedG2RutQUk,AWCwydiNXCA74zkJ2lmLJTfqX5HVpRnruow79MQkTU9qTprM23fJFh5laTM8nPRGAzFjH1JbKADgFCcl0FRR5y9RQ-c9lLA4Ubeu9NxYsELmPGM4UmiMVyyFZlnVeygCaJQudVPd3f0OEvdenv2SJz_jUuvbSbkcFZMq39bxO-5QqdExipJtrt6mAvSw5H2Wogza64s2PN_6rCSqX0c-I_9OaiYRKiyBEzm9fmMYvHh9kE3R1VNizi5sGktFGYJXzTARxrebJNDIgiQGmMWPZKUNIkZ-eibkxskv2Yd6d2M1c8FHwfA8PiunVuoFtAhAxXcZzrrEv_MI3C8qqeD7OuM0GJVI3mx8KHjM93s89p6Ro2m0cR0AOdl7uj53N7ofqGuHDpkFau6b_xaFfK8Z1Wj3kLjMVDd296K_z3qBGqfj0hZMCwE,"<a href=""https://maps.google.com/maps/contrib/106937341822525064407"">Namaste Nagpur Family Restaurant</a>"
P0189,Momentt - Enrise by Sayaji Nagpur,restaurant,,,21.1267389,79.06335639999999,4.7,,,True,,False,False,google_places_api,ChIJb7tow7rB1DsRDhPw35DWUhE,AWCwydjut_xXlOExr9kY9KmgXeQmtWORMZLmRuZ_LcWNi_s7F39UTczm97cFQ-iOJGxgByjAnMtpF3TsdBQfwLR94UAfqeDxxlJNtbP7WkHRpUmDwLCfo7r_tm3sNcDuEvS53hT5Epu33hst7fqUi20-Pk0gxL9cqpHIAXFUs9zuNclxf0QGQxV4_V6DeJFWFHnonUJJookTyULJGi84-bEPKulRgRNP7XKOOuUs0ShiWe1nTB81A55YyRa-z8UWbH47MSnmC44vadEwwIWF5_cMXItvTzon_9Yv1dk4f2RauZon2C6Uf1vfCUCBkY5enUvaF0y_H06aZmHlwiXkoF7a8ahR5dGZxGMYSnEluh0urBIEmJTXml2CFgw42E0r9gl2f5swDjcN0SVfyEeIgFaeZI6qNhCl_Gb3m5994dQ5RvI,"<a href=""https://maps.google.com/maps/contrib/109931259370478960978"">Momentt - Enrise by Sayaji Nagpur</a>"
P0190,Highway Glory Restaurant,restaurant,,,21.1532825,79.01645830000001,4.4,,,True,,False,False,google_places_api,ChIJ-4a2C_PA1DsRns8S7K0r7Q0,AWCwydgmGPSZc3i3fT2WEN7HiSsbS8JowrHf3k2yPfLph5z_tqWQWZ2e6qUiHzm8_K1zfyRl9V2asZTYmvhRlrQXcfBdRId6IgxolJ7Ufs3CXh1ec-MSZVy7D328NQLedJbRFzw5V7YlQOwpJiDtdLRwfyXNOUKe8kySGQtDvhIskypS1BLjMYcZ0YAEC_Pb2qtNPmpiyXjLBaS5hJ1dAHHvxrbVDL8Yn7szmFLER0R_VX0ittbcC4-IWQHtcuBAVMV44ZySfIqjiL02-n0s4UuUvPzWRtjVuVtlhPuJtn02dm0Dq-W5u7PAcxRTdImrmYFhf8-ssd1yN4iGijUQF822R2wYmoAbUrjnkU0u7iGewb62rpcgMtEmoxHYEqaRqRKcJywnK17SaKR8v1YWFY5_HcPFmFwNV2Tl57lgHh-6tcXP8nP9,"<a href=""https://maps.google.com/maps/contrib/113217359235130552055"">Highway Glory Restaurant</a>"
P0191,Uttar Dakshin by Naivedhyam,restaurant,,,21.1185025,79.056843,4.2,moderate,,True,,False,False,google_places_api,ChIJG9GA6fu_1DsR3shh1xsEZNg,AWCwydh4xnRgIF_SpwDbMXhpxLLtO1CSwKNaAkh6Nep7yjZROOVQdkjaTfl-9-ifYEazS7L6l4F0Dded-gleH7Jzorw3g0Go0H4KC0WawQhZMsgSOReKCU-vE4fWa1YPZdHqITeEcgE06orDYHbYzb9g7RXgh_w4hIG3men6cJCGOHAfokR4xEd-5sxRg23Dh6LUfbMvGCSIMk1rx1JnL6e9Z1JeqxPSlXRSaBJgj5VynfRsgHf2n1y5oqgeYSG9vWlefPF0lecsDO60-t-Ymt5yJYUr5DvFvNPjNcpjOK9mitl6lFmbS2kLPldDE9DY21rXBxe50kgF2IzCxM_Zz-PeH-z7UBBccu5kmHRSuOw5F-dp8OSgAxHJejDBccP2NTntJumJ8EeRf1Fs10cB08qSbPx1TvXrL-elnacovCqCLMUYc6dw,"<a href=""https://maps.google.com/maps/contrib/118415081740180021677"">Uttar Dakshin by Naivedhyam</a>"
P0192,THE OPERA HOUSE,restaurant,,,21.1424552,79.0811039,4.1,,,True,,False,False,google_places_api,ChIJiTUeeNXB1DsRa3SeefsUHyY,AWCwydjVRETU-oYADaIU6lQk-HxookjgoUi5vQM-h6OPLEg-ejSN3wnuQVQ-VXVF1fpjrhd7Ffzt3yr1xmCYDSVi3YLS82zn2n9CGOqBbsnE5DMkeTbFiLZ0zWcFb7Bkb2lGMuPIbvQ2Xl0WTVnwIkqcEw-XdLYPAzAcGcaX_YhebFQbnggR1fL2JD74uPuCG5uZVb4lV0dKZBHjb6xqybwfAVo7wfoIHQ7l-g6SUE2jrjvhN93VmXAPFhV_kAvUvoeaLtb2vkIYl63Xt0vIKGYb38UnFod5mC41Jq_sRVTFva3aX2_hSxNuCPItE02kewGvsJPirern6wALhwM5jJPLd1HuWH_ZO2tiYRQg1voQUPB2sghWB3XpUWicFIzY4fGHg5VFnrF_a4q6UzyJ5DwmJ9NlrwyK-1_JwR2PoOWkZ24,"<a href=""https://maps.google.com/maps/contrib/112407436515718908237"">THE OPERA HOUSE</a>"
P0193,Nanking's,restaurant,,,21.1495025,79.07465959999999,4.0,moderate,,True,,False,False,google_places_api,ChIJFQILGfLA1DsRCOdRgU-Idyo,AWCwydi0b_t8g4NgLv09mI42qmLITk3HVijsI_91x1y8G4KK9XmiWjHPVxvGE163rGgrABs8PEflEPqD7bI1VofCeQo0xxH_QnXk3_r7Cgux_7fOEOm1Nut_SsthOuW_dwNFdDlH6uIkw-InyeFrtibEz2Xpk2Ju8-zZQ-LkYpf6SDcnto1RaGosbc2tChN8WyYUXoQvDnZUyIwQLg8dmFDn78rHlns_FY5efWAYYw0rNBZ2a2W9A8JM4zJ-vfiY3aMZfz1_GfVekLyQLJQJXMykxTdQfyWoUn1MBkMfeL-FWVBYXuhuRTcIO2BwqROh2u8J3MEPUwmk_2nZ7g2SGBVaqH8jJSyZFkB_U-Ls4uqPeIi-U1Rp0z-axZg-YQxIDNqt34VaR7UWRjO55WvU6fSy6WdXGnWuMuXGK29Ao03Ht5XyV_T9,"<a href=""https://maps.google.com/maps/contrib/100639706941411169130"">Indiacom Ltd</a>"
P0194,The corner house,restaurant,,,21.1318964,79.0632492,3.7,,,True,,False,False,google_places_api,ChIJjf9SdPvB1DsRsFYvVMbCnQw,AWCwydhZ9nj7tEej75xlxQBQSPEuv55pgPehfWnc-ysdG2du8qDFa-vHXvm1ZuaH2I8kAeW5MrNhCneGv3uQxlzp-rLL_fX9ptm1Lw3cXpmjFw0RwnuwX5qG4dzhnW-p_Qmdrg7z5dyFU-0TcP4DXHPNYHb57RZyQJ9IllTpag2uXgmH6TK5XbP2_2vpq3_8rVd4--zS2pBGcf9xnC-zVidVNBJfA4DCd-pjsLQZVHORaJ-JiN-o9qYRwUkrwOzBqmBkZ91eHMEmMfHPUFpi2CyCTbTS6jwpImcQZvfdLvLZX3X9ifIkKcO9K8a4xrHP1_U7aIp0wrHZSw7OODAcT7Rz8eMNBmFU7OkqFQp2qAinuJTdTOUax-Ka_OK8nnpGsKlP8jjal5HP-hd3Gq7FHq4T9w_s_ffCaWILamB1VPhumiIBIg,"<a href=""https://maps.google.com/maps/contrib/107462779924589498463"">Priyanka Gajbhiye</a>"
P0195,"Haldiram's - Platform No.1, Nagpur Railway Station",restaurant,,,21.1518717,79.0883124,4.8,moderate,,True,,False,False,google_places_api,ChIJxywIRRfB1DsRTT3eX9AWI0E,AWCwydg4812GNHJLL1EFKjGlWzpGtgEggHpCMqQJCUHj6A4UzGVFkstaUo1oTAGffptm-UlJyCYP_jE8Sjeohiiw2awRumJcgOaLQ6TFiygTstrtASPX7zrGMFv_Rx50i0dRwVm_kvPe6hVdlvIC-N0xCI6yuGBa9-uMejD6jlGn0eHAPom_xE9USj1-3FhlsOPdb240P5YBK_vKbqVdRrJ4PH3z7y6_SLck8Cg3MffZTE1v2suVdRZ-OM5OxEGXXMxO47RXMy_oSRrwE5RDfvbcey_GsYKSk_9E9sJO_9xdjfHitG3Ve8_po1FTPxhOHPsPQsK76NYdykwwI26jdirocEFOsiUwQb9cqDbRnp2CfcXID0C7bcXhSl-a3qqHmo9FN11N4ZGfQEszAEjgDZrai8nSeLQ_-Zy7Qn0Cxcs5SsH3RI7M62Lothz-kR7-4A,"<a href=""https://maps.google.com/maps/contrib/109490092196482765235"">Kamlesh Sharma</a>"
P0196,Carnations Restaurant and Bar,restaurant,,,21.1600631,79.0772469,3.8,moderate,,True,,False,False,google_places_api,ChIJY0gz7-TA1DsRzLt8qYG6T7o,AWCwydh5X9ki-iYQ-dnceUbEwA86ldgtKGD43bdl4Gk5gZgUzXRrK4r19JAgE32t_z3BFI0VC3TW7hBXRLBqMYHSXZSXrbyONjB6_RYkb5Fj94_ZzPNi6RP43LpeLy-oM0O3kNgH4HlN1vV16ymgVOvbcMMKpzTGmsMLl6LQPOUHgoDT3owXkRabbeCQslhrshsxmeZ-OAwXwxegU6aR5hEnGBJ89ayAaQVjI46ixVXKG9JJTW8xAPODHkhsFVMUtsw83b77eigE09IQ180JwU5JUZh2HoKOPfvw0YVjJBa2tkW1seUFjpq1F9A-LpHZIjJoTH6PeI6_UNWQ4DLKtQ27mtcFZk2jFIl24eO-YbADlI0CpR7rBx4ixoDkxoJ_rOYLSPWTEA12nyA_75L02G7rSSj9fYTr7GUPsP1dGKlp5CiNUg8,"<a href=""https://maps.google.com/maps/contrib/101198454090095628196"">Carnations Restaurant and Bar</a>"
P0197,F.S.B,restaurant,,,21.1385256,79.0804359,4.3,moderate,,True,,False,False,google_places_api,ChIJveImX5HA1DsRBbm1y5Y3kZg,AWCwydit80vVIRFNq1trwECLx9LhyLnK29l4jv5IqBN3f9JX0W1qBkxd3U6RwQtesIm1x33KGnnessATbY2CluDvpTXR0kI4e0wkHB2THHurtCTtxf1yCHL_ysi234e9fYqCf3l8cyqmFasQGupBuSKOPb-UuP95q81tzKETNWBiZzQ11v6tsnqDGdxNUchDu6yAQYIqiq00mIaHvHKqmxBv81oK7S2us-PLSA2qNucingeWcAOw4ynVNBfh1KvxfBPCFdFeuBol16bL4m2PvM2CwsKtBlVau7QMlAbb09oJKMQFA0ZA7VqyOaQJrknvKJ88FB3ofxCm3GNx4uG75rGsdlDdN1GboRrfdOB4_4DdZ-zrXEANublMfhgNcdrSd-lhyg3SZRb_55vx-m_CJz4txzB3sdRMgfJtTH6BeJTI-KdScdfI1vx6tfdqRxnaBTBB,"<a href=""https://maps.google.com/maps/contrib/103426879652597357718"">F.S.B</a>"
P0198,Mint Leaf,restaurant,,,21.1336299,79.0730875,4.3,moderate,,True,,False,False,google_places_api,ChIJRT0o736_1DsRTO6mV-_MuME,AWCwydgbHvO-GTNigYxeDtmSf-I1MxTTMAZBr79jChgLAKezKSHEhM52oML5g9jFjFx26vUWUaPkoRFeZ-WdnGeOgzqczKSSNwF8F8GHZxRc3Eiq3W4NcqUgz1WO0XutaGe4tNhV3Gxv9fdKWEARvLO2JGGoW1xaRtbLd9bjIWUbEL4gHwGBCE7Xk7CS4XkT3p564dB_3u9OLzUiXn8497MQZ8teKl6DRddAS06HW3nx74NrL4t9kR6QYnBNk58K9ZvzgA5J-EtwsDuVgBaI3QaAvOPRZ_cplMMr00aVJIekcwfLcARmWZlvLiTkdGb7mtFoJrkwVviJG1Ur62Mi2QksBkFknFTjtm7OTU0DDqdEbM7v9-7hucWezb9fGOIR_VKca98nai-Z6aHFGSqH114-6PeqSPaOO2S1HsjbMbENgal_J40,"<a href=""https://maps.google.com/maps/contrib/111110215329569115214"">Mint Leaf</a>"
P0199,Haldiram's Sitabuldi,restaurant,,,21.1417291,79.0821419,4.7,,,True,,False,False,google_places_api,ChIJb2ZBfQDB1DsR3XVZijUM31o,AWCwydjnp92OP8hNdMOgbCNUnuv1dg4Z-CsIYaJSIeB4k5fTAqsypCAS74bZdBVBpfaBKdqzE1Q8BV8u_eTdclG6WC2B-CwgLExyNjrMaGXJC7obNVYb0HBO2RV-qiVvaRdoHM20aZydOi14fOmbO0xOEw9xdwA80llUQs424mbq_mbFcMO-zhFrMXlX4P4BrEHlyN--EQ4KZPvetZjGrKMG_-gLscrT0aWRgG2ijrHZuD4JEq-TEc0m_9xiYRhPPLWLtGWtT2wMWKlSK_o5kaVjLWIC4VWWrP7RiBAscWf_-fEymLSt4rTMw1QWLGFt3Mp9ko_aMn03AKGlv1_9jia2Zxs7t6F1PMv9kms4WmrCNQiDzf4_7cGElHwR_DUMG6GcgxfJLvz_mXVqq_pteRi-m5XYBaBuu6Kvf0aFG5ghKXHFOERWz6JojngiKPh8tA,"<a href=""https://maps.google.com/maps/contrib/111281001232024479692"">Haldiram&#39;s Sitabuldi</a>"
P0200,Amaira,restaurant,,,21.1494038,79.07399430000001,4.2,moderate,,True,,False,False,google_places_api,ChIJQ38fjljA1DsR2nQ0g_TNbHE,AWCwydjwHsIatIV5pkbH9Q1aXvEJ4-3Rb9aO-oQJwB60lc6gGbe7uAVPFYV2yuVvaHwBDRHkLmfLDrUgaW5WG_tw9rHSI8fbZOfdGsV2v9HVa2UuEurX5GM7WcPUi-euHgN_ZZ49Irl27uUW6dNaPnVLxQt5bj-ndh5x6H-vP_wGWrtGrXhLCZQ9od01d4A9c0jcqbDy2f5puldzbYD8Vx3QFOLVRuxHc9NLUqlzmxt3FM_wuzsX1DHEjXtkjsZNjzl359DIsa_LOREtTumDUcGNDdjzdBUvmxROeQVUDUI_ptpb11sz4UjbFA-_r8_axZKWG-I8pWbc-KMzg_b7AUXHFvJ8IaKs0wDZ0-m9iGg4f6Jfb0dksSVWMWDbmdX5h3IHY_UcabzSQ9si0T2YUrA5xvJFxEJNV-B4dskT-GZSluBYNC3ahCKzxeid-kA2BA,"<a href=""https://maps.google.com/maps/contrib/109513381716720088700"">Amaira</a>"
P0201,222 Backyard,cafe,,,21.1441616,79.06097799999999,4.1,moderate,,True,,False,False,google_places_api,ChIJn0kU943B1DsR1f4cPtsQOic,AWCwydjehJLeLb8pyBots0ZrnVUuGE52AHYQodyTnE6EBKbezbzY9mkYT4T21tANdv_kQNXBZJqeCOrxJQSWozjlJE1IPDMhWy5vHxCL0ur6iy_YhmdTpVJN8CxDziCOA66DcRlNKo9igkC2bMRHizHBiYjHkFq5BNy2aDJNbhvadKEYstgr9AXDZy8vjqfLJz_d5l-YDUKZojSFIsK0uTCgwJWpqR58IlmlgpyaOoH8V9OnWQVnyOT5uiJrl-J9baMxeoLLVMWjvsdKXAGpRQl86wTbfSz3ZIgsV9XNW2PQetrETlkJgBLOf_47ieLgVV9iOSYH7eipGR0rdDfsQJBSfoPPtFA44be4LgR7vPTXWg4qmbkaTVyx8wXut4_KEjwUxE3IV0jHOUuN3N1DdZ26hL58t_pgTmHn9PIrsq_GfyH8xpLUqFWOsNpduQ1Mm7TR,"<a href=""https://maps.google.com/maps/contrib/105398395303553585909"">222 Backyard</a>"
P0202,Villa 167 Cafe,cafe,,,21.127821,79.0575647,4.3,moderate,,True,,False,False,google_places_api,ChIJe-z-voHB1DsRTzC2R0XvonM,AWCwydiTwAoWt0Hfn-VHigKVrxv3stLzG3ozNIhY5MDVjgtsmz797afvzDfP7Nd0gVXF5p84suo3poXiEg2gOeuRpblwv3RakrYhjFOMoSA5CX8n0xD4hl_xAj92Lt7YYuPsNHjkBRRw9jbXaQ0g-1XELPTNM4MApz826Oj9Dpuual9tCSh3J8rIHRaHgi_K6RNq82tUBGyrkNbgiOi6YrisT3xw1Rpd-qI4ECUTm_UdWF3sAug9Rl5rpOifh2Gd2CXlWAuyFTXCQv-yTStl3MYTFhXSYcBwiydkGq1zvbEpNjMhOecCC8XNm_OUzDhg8w-X0LshCQl7_XLUYsPg4u0B5IpQiMgMCnBv3uPQRqHLir4A1W9OhHjbOF2Q3L-IBqlai8GxGdzT3c7pJj6bGNVDG7COOCd1J3EfjDCTn7Tgd-1Z2vMt,"<a href=""https://maps.google.com/maps/contrib/115344498985524655697"">Villa 167 Cafe</a>"
P0203,Little Owl Cafe,cafe,,,21.1131766,79.0468708,4.3,moderate,,True,,False,False,google_places_api,ChIJb6rWrxW_1DsRKXyqDkqk8Jo,AWCwydiv6rjdEMVfivYg2TATlkay-I3bFy8skjRqjp6ONSnc1HtUfhah5Q7VrqkCox31HjwgEDoq2nWFidc63tmXIAOaNqvLEn6Z-aa4PjKv9YcWttENLoUG3a_5hHjZ50JYMF9tfyxSgKlTTHZ5hDbAXD4vlzYpKjcqJfZhqUJSst84BjhInxv5lgxf7PLfZ-vucf0I1PWtux5Jq2atXwp8mbdMoEeGm4wD8bkiN3y8xndBYyrvEWlPFcDefSIkdP3xrfuFJZCe-cPmWPPdp0IzXydKVpFc6xbM8c0FNZRRapS2bVeW8MuJruS-4sQC1dFyiN4HU2TzIsDhcUVShHYpuGs9-ZHRRA7edlq5VLwERG5xvMWrSks3QnnchOKmLOGJT0KGPfKZpt9nN_ZPiS495IMtiOrp4y1nY4HIHJl4b_oArcHUtgRJfu1l7BLbHmSo,"<a href=""https://maps.google.com/maps/contrib/116216424756203438713"">Smita Dutta</a>"
P0204,"Three Beans, Civil Lines",cafe,,,21.1512914,79.0689898,4.3,moderate,,True,,False,False,google_places_api,ChIJMQpOmbHB1DsRciiLwzlAWqE,AWCwydjZWcrWhjU5dY7FYFCAsx7DdXpDeZfwtUeSNc2LfJWMKF89wdDcwz8jgaF-8O3Asj2OBXaNak1IB2Eic6lP2SUHiZjr6KEzuSIcpxddv8w-XuLumMaWZ-kidbgkPbIeyOi4Lw3HluXMtdCuElVipClPJK_wYWgXnf9iUbXL2YmvoplNWCw73XI8RvOBvu-OhIvdM-o7lb4aH_wIVT3BDD55FtLklg7R0AQwfsSAFF_ktZGiUmmTLwpXJa71lDLh7Qz75ihaHvc8hZdkK4Ud4VWxHGzIUK6tVdU-nOt6AkzuLz2SVJtvq-Z-_CGqmkkoRxFBT9N0qsw3pKlgmgasB3Oz6rVagZ1LqKdUprYdCJpt-kGQDKoIiwN3MNZaSx9X48QZ4CgzOjIz-dbP0WkoQg83QWm-RvlluG1GO2wEsMa55paO,"<a href=""https://maps.google.com/maps/contrib/102564756276221046202"">Three Beans Coffee &amp; Eatery, Civil Lines</a>"
P0205,Matra Coffee & Kitchen,cafe,,,21.168511,79.0827892,4.3,,,True,,False,False,google_places_api,ChIJDRIeIibB1DsRHf2ySMxdLsc,AWCwydga7szfTo5Bg2smWbI9n35BslfBwqEoRWSVtCe1ucickSGCK9OOB4k80bXZ7igmVYRmS4Sj4LgcNgILC-SK8WCQmNZKXByc5W_L_CErL_iYxICOjIkm-VxwkA7c4ZnCwKXgKA9AsXdDKAVnLZsDLQnK3NW00NDPw-DUoMVTas10rx7dFToHTQwABFRUp5f1UxxNUgIWbxhkLYm9Z3cWLTdJdU7P59HfHIv7QEHYmBMOaTBDmPgex4X2_BHw7HOsc1j8CDjx_bOKeb38qDQE7rEVfRw4G1SzqU4FHHjaW3wMStQMBwSNEYFis0-nWvR4Dldpc9yC_fIifRQ9FCtjGJzcguKpH2Po7Nu-vMrRSQISoDeMtIobt_17jJC9lZW5PU9bdc19RzRoesgCkDwYadqmNCZPMvWS4byOXeP50TlrkLTgsjkx1LmIbWz1i5dl,"<a href=""https://maps.google.com/maps/contrib/112283347478460039461"">Matra Coffee &amp; Kitchen</a>"
P0206,It’s Street Coffee,cafe,,,21.1255874,79.0604254,4.6,,,True,,False,False,google_places_api,ChIJi0Xfa6PB1DsR6WgcIBPAWnQ,AWCwydhxQAJV4UjO64fBPjK-CN447zVfHEen1S6mi773Rq0L7i-GAh6LKPKcyL22lCq3CrRL6NoTrpTHfTZ-JQn1HyD7eGKhpnLKNgxfWpZ421ZVXZjnW-x-0drWMwpDGp70kDhLM8sPNAtP6frYJHeXjSXQcsIJ0XuZKSdV1j4SXLYpPLOQVTYfrXMPGKkWezEoz2xeOAVwivD0ysLPP_HXYCP99S8YTg1OfrbCzHxzYyEVCJ4iRXpzTaKLx-vlv0m1cEUO8yNlKqDaEFQvGBlbS1rtpgZYIesY9C9O1wWR0LIVrV48qrOIT-PL7HArOn48OD0Zp45iLr2bXPGPzEUUaBzFGYBiuBgjwxT7L7gpJ6Xgrx2qQ2xUpk-Dal6H17ThNf_N_ha6QtoBmb7vjCse81XTqdVHpquJRPay0LDfe2wHJIUSCN3REzLwYhImWgmL,"<a href=""https://maps.google.com/maps/contrib/104096838337912069309"">It’s Street Coffee</a>"
P0207,Corridor Seven Coffee Roastery/Standing Room,cafe,,,21.1379033,79.0656236,4.5,,,True,,False,False,google_places_api,ChIJ0SxHPOrB1DsRovas_8D-G9Y,AWCwydhHDlvwNiSjb3C-BBDggtT5QoE7EFU7BpIcEBmqGEUggfmBrcJFivb07DPGAeub7DN4s7WUfKnRXuIX5r1Z-3Eq7myVYC1KVNW2AbNUWnQ1V2-39Vy4hS-xeNrJHrmdY1oGKXErxaGyrYjL6KSnhJgX1YMi6Y9h484EQwKQoIkk6z9h96m5dgMyg-CiaX6qUFUmHNBic_bOwKcP8gY_9LcAmwS2wIcwH7fmm7SLt9U8BU_rkA9FNLtxQzylmJg9SeIHFHHu5kpQe0dXsNwkMolgVzE38MjLNN93TUk8co0kVKbjoTy8-SZeBisbnDqJIgDQ7T1twDiGPivd0hOSQXPO6zSLjqp7q4Jo-SXg0yzZzwbsigTWjKBXlwxt8Ui2-O6thDvzsa9vBrQanzd7MHuPdcx8MMqHqh4N0mpQEp3nVAKxzXRKcnBt6rvBT68q,"<a href=""https://maps.google.com/maps/contrib/110105609537133411307"">Corridor Seven Coffee Roastery/Standing Room</a>"
P0208,"Nothing Before Coffee - Zenda Chowk, Nagpur",cafe,,,21.1417431,79.06482960000001,4.6,moderate,,True,,False,False,google_places_api,ChIJOXwZJIDB1DsRrUncgcc2ZEA,AWCwydgn7hZwN6cU07Sg7hAauVjsdXe4lN3rESIsUOTizJTjLCDIMQ9yxzk9fs7Zjx4j3N4E_Rlq7ZVhENPE1aIT79IFDHck04Kd8uT6DPZkkWQBGqFB61V8xCN0SWPYase1HKnUrKEo1PFc2QU57u7HXD2H_cr2nQPq7lwK0M_QcExbt5Y5zCu3eKcX4PQ1M27XTwjGZw0IuO2QIRIqDROX89pL--ffqn5YRwOkFGqLpCMDBQvBwjj8jgv8IBuUI5GHjXmEyuNDNass-h3WiNAUYfANS8uovde5ewKJR9RSzat8iVEOY5hfEEAmWhC0cUHolQhRJCLGZ3m5j5_DOfUuV2upOJPf2FW8XTX0NTK7WyNS7MwKlXh1BkFYwzS69A-MfTQKaE6aa474Xmvbwn97SF_zJzfgWSFO-kMoaz5v19w,"<a href=""https://maps.google.com/maps/contrib/115379163049036116210"">Nothing Before Coffee - Zenda Chowk, Nagpur</a>"
P0209,"Nothing Before Coffee - Bajaj Nagar, Nagpur",cafe,,,21.1272788,79.0582395,4.8,moderate,,True,,False,False,google_places_api,ChIJwaSLqcTB1DsRm6Jj7WXwS-c,AWCwydiAD7zLtesZYA7xuVSt4LOJ9RrMsEqkiCJd2ZgpSHiZvMNY5YQb-SkAtROh2EQ_VYgYO9Imuy5KsWaMQVIdjYf7B-dcEuVxlHOhrGajiEy8GxPbORaX2-3AvvENjRwylZACavx6biCVwGu8uTPLv0A4tYIHWgwCyazjIiq0GGuhhxwwG6tvVh9unelRr8-eYbBRPgqPb4beM4adfdR3Ix8Wd2qqFctXNd9XGte1yUaJ9JIwLXjfL6hMz8kHv-wEUA-WpMuFthTOyeCcnEBzUHjqg68XYvwAer9swmFqg1ytLJ8nKz3dATBj4t5qlSqnW7fjXrGoMrBoAGuY3ohVFQDi9uKgPeWW_qvDThhCVS3RySyEXFQoVXqLB2cJAOnfttUUsPdTt10ynVvZWE8kPJtP7z6gxJzdwjxRk9UlFhliUpP3c_fz19svQBwRxWAQ,"<a href=""https://maps.google.com/maps/contrib/116719356259017439814"">Nothing Before Coffee - Bajaj Nagar, Nagpur</a>"
P0210,"Three Beans Coffee Bar, Dharampeth",cafe,,,21.1456001,79.063442,4.1,moderate,,True,,False,False,google_places_api,ChIJLQ9Rl1_A1DsRULKVyu5vSXw,AWCwydgZQW_RlnhekuMBWiJp_zGjmdtiB6I4-fQOB-nE690XGThtwd419ZydzYArGv603XdIyVP1Bogi9X0maQDMpAh4NsOKBlO5C1k_gX-43gKesort3azPRdDjJ7AgaQqWUNhwyD3OL20PuLJLGV9skT6GILXqZm9_3U9jYvWzdc9Tt8XxIjFZncum6ahSw17XCXF9_5mSvt70fqT66W-l1rRW0SJi4YWD6aoplFj7cD7WrpeVSGm_iVnm9xxVjONKdg0bDGusEa__s1_xmVmchYHsQvrGSWJu3ohqtx3J8bkCrcEHh3TiJwv6QbrPHM_kqqzzKtqX5pxqIxScG5KYCTsjtPpj7k7NI87ln-qx_5Y7odCmKDo9ePS1xK4hs752hY1TVlsN2daBB2xa_c9IZFimOJ3xhCW0Rb_-_0adUhZASA,"<a href=""https://maps.google.com/maps/contrib/107860819661518201861"">Three Beans Coffee Bar, Dharampeth</a>"
P0211,The Brewed Leaf Coffee Roasters,cafe,,,21.143558,79.0567781,4.1,,,True,,False,False,google_places_api,ChIJzTuSqvfB1DsRd4cTVK7fdwc,AWCwydiDSY89ei3xJZ-adhdz4PdF5ecIlu7SWWj0oKsvJGQgG6BHCVx3Z4t5C2gYG4ThwbJqBIwgRfVgqD-fw4ggblr99V5M-gxBOPd8Oag8L-amsczyVz6sRSHb8yLBpAt502TK_HJVYxueZCPkiaXIWiyckXnKjO-L6kjovjS5IQrHJkT6hnXgyDET49CEy6eVhDNGignxqfGJr9iR7mzXs7jCcmbM0SbVz1zdhVGdKSaYJ5p8uuIyzZ37TeIkwDDbdP-AinifkKIrg1P5yRs8MXNhF-ZUq7_GYgAKV6jBwfCbzInAd7pb-Np2QUpnh-LOkG85gwwB9vLsuckixRW3dLgWIpr6zsqnHNUNS8wtk450-cOtqppEGNb8Tcxq2R4ETU-Onr7tJLZBH6jBC5ptoc5ooaw4rWk6013rGqrw7i9apoMtvpJMycaOXPAvSNnU,"<a href=""https://maps.google.com/maps/contrib/105709920673516790001"">The Brewed Leaf Coffee Roasters</a>"
P0212,Roma Specialty Coffee,cafe,,,21.1306836,79.0818235,4.2,,,True,,False,False,google_places_api,ChIJt7p_OO3B1DsRBrXH1-lB4sk,AWCwydjsbZDAYeIXWl90ekkQFh7FgtLRthhSnSCjL_agPvGsHY3RYcbSlFptIPmkUfSY-N-Sh3lxHPfkTSqWm6Qbf_cxRnDYZfONcghhlRlQAtmf0F3QR5m7tOMPz7tBnJGAN2a6gyZPHvlg6WaQRq8VAiGpFDMlv6wuMF8NjpxK7OC9ivYBZQaJN1KlN5n2Tyt70Th3Mh601FZL-DEpuIYrUep7WwHPc4akGZfRGryqmoR0-ZuzaC8tf7E7WXIjcOxffW4_YF_AE1Yzt0AVLiQFIcYb9TK8uAiyEdvYBrcAD1t9FKRsrjiQAceEMHFvmYuLreEwdTJ4AgQMTET0rYD2m1CyCV1C3l_XRz5qckRTm19Mtjj-lyn_KQhLp6Hpgv05fI1G7YUtI1CUCM5SF7R3iQljOEs0FxO4sfQque53WzQSow,"<a href=""https://maps.google.com/maps/contrib/104415230298631557826"">saurabh khobragade</a>"
P0213,Firangish Cafe & Courtyard,cafe,,,21.1387209,79.0658119,4.1,moderate,,True,,False,False,google_places_api,ChIJ3_C6F4rA1DsR_mco-FLvpyU,AWCwydjH1HsgHAk5mKvcUfSxNXBhtD_7WQnujkduN1rVoNDYZe4HaK5ih4rx8lx_m4Qz-5Y8pw-u73dv5vJpnRkOpSW4wb_L4c7FIusi8GEdnIwwb2IoiqAYEMsCl9unF06DihCmLBxHkwVKtEysl4P-GZGJUp4m9HQTG6usKhKKgCVOOE7XLHVg7599KqzUEBPJN1h5BCXFFjz6Rc5AFq3ktjzkI9zat0aeKwhqiBuwdf4Wr7vi6qfHdOOinuwxdeY0nYvegvJRPQ9iJcAQrVWdNvHBJGaajdDHaBs-z2-hcGRjKxEEAd7r2ZbgEfsD6nHJe7qgRd96eHcSsVojP2GrfaoH7dhJbt7l4DZDCHjkGAGsdSsZOZ5BUAVQVJ3YHKotUKXxKL2B8xHPW-OojEY_gRERGqm7wcym4_uDOTLeYptAxc3N,"<a href=""https://maps.google.com/maps/contrib/101720298365099263598"">Sakshi</a>"
P0214,Seven O' Eleven (Cafe 7 O' 11) | Cafe & Bistro - Nagpur's Premium All Day Diner,cafe,,,21.1242008,79.058126,4.4,moderate,,True,,False,False,google_places_api,ChIJhWYlO43B1DsRDmGvbFp-EgE,AWCwydjaXIh71mSR09rKPeYpvDMbuvzLoWHFBVBJRET9wc110oHsBsKSfg25Qzbnzz89IVrqpj9nl8cJOgWRAhAsAW6wNU9K4muzcUq-VNVAGH2PiVZR4zWDpKccbWsKGa4XTfUGE2HinnUOAgrA6DIFGjMIrBrMKjMTZihjDyP3b8Bhg1bvyL0uoeNmSt7lmR8XuX723dcDljNVRZa8CuMazSEpNDJGBt8h3rVN-r1ksqF6QoiQkW6msEGAkdQkmp-6BZjb0ZZoZByjeI9zrHjLkpXCT0jx1Fusw3vuFpi3xncgpDohPnPl4JorkX_DI2SAAAOKOmHAQ4JQaAVxf810zeHLXHlno-iK0zFbuns6dCNrZITW3Z9COWASFToFZy8tO-A3elq9-rqaI0SYMIn4-7YXvc3pESvsDqky8Xzw-iBZ85cJMIp7YuUgMTxZ8vpN,"<a href=""https://maps.google.com/maps/contrib/102237176047833593658"">Seven O&#39; Eleven (Cafe 7 O&#39; 11) | Cafe &amp; Bistro - Nagpur&#39;s Premium All Day Diner</a>"
P0215,Corridor Seven Coffee Roasters,cafe,,,21.1448577,79.081914,4.5,moderate,,True,,False,False,google_places_api,ChIJedyVU-vA1DsRMXQ-cCiQ6vs,AWCwydghqXW4Wfa5H776aIxQgIJmMnPchQTz6dN1fuovBUPMclSgtCgSG50f8L0vyZqpRiJo5nSjcV3Y-WOlDCBxMl6bTZsgNJ6I3kHwCpTwnLPDj0rQtns9tYg_Yj13mXrx-Y7OFHTvJngGzOWmVNCCHHjcqHpIBSSGA4q8diXWZCrGft4Qd7IeRFN4QK1BjGPlJsxf1Yqb9PmrnlCCYhla7VkMh0SmofyuIM0gAnGixrwtbzeTcgSfIGJjHfUC3UMMeP9y4bS2b2hG72T6FY91t92YZvMTSQHgFQywrNWP_ICZNWN0VEaOTnwIxY9Sd5M6NUomlI6ScPQKvKGxwJrd3T52rikZTaIAEfN08lnfSd7JDDZVsGo66P_NuiDWjGHxqSNLbHXrInrukrk_xtsAWCjuNvK5fbpe6bsn4eMJ1USmUBs,"<a href=""https://maps.google.com/maps/contrib/104100779209338195567"">saurabh shirpurkar</a>"
P0216,West Coast Cafe,cafe,,,21.1297455,79.0464473,4.3,,,True,,False,False,google_places_api,ChIJCRu_e_TB1DsRXlbgPsydhSI,AWCwydjVipQDNwnn4veYnbKZCUMk8ppAoeqEym82OJ85Kw4psqxF5e3mTY3Nk2RKN0eETtnjdgOZp8nD0V9NcEet8pv_mlZrdSmXJA2yYgSO0GPVPV55gBE9aB3pbjcj_d8A_H-sz240YwI6qG784s4qNjc3HWXhu5yEZqe6hw5t_ECHqGfBX_PU-JXRU8hfgS6Z4Gfs5jW-uc6fDkZ-9aEhAjVvnSWzCU0vrgzxDrlfkkI8q-8NHfoqVqErWsn9VfIUZT2QfIbGkGPnDkZjjKbHQMxzZOO-_WC0LRvlcFQN1ac8QRFbdMtsQ1KwoLyfm-00_XFnuIf5_fz3M2342hn1C0GPXERAbhXL33KMtEAmkC_3nbjFBgjYBnYO0lihS_z1MmJssfiLzPv3DSGNvGxZ8YUQxHjpP_S54SLs1P7WnRy1KeeD,"<a href=""https://maps.google.com/maps/contrib/107045435069638883955"">West Coast Cafe</a>"
P0217,"Godwit Cafe | Best Cafes in Nagpur | Best Coffee, Bakery & Beverages in Nagpur",cafe,,,21.1483896,79.07606849999999,4.7,,,True,,False,False,google_places_api,ChIJY9b8Gv7B1DsRkTDT22vWZ6w,AWCwydhDCDgIG02SFAIfVHIeaHeiPughxUxdgulfCPlaaY2tGaHAQBZDnHgC3mFut06WRHe0erO8W1J9befvvJXT--xzbmDMaFZbx4ImAezElhPn6caFn6m_Kca783tS6t7Z3JAnv3dh4kvXwG4G3g-RL51d3FwxfwKvZX1zSRO_P-p3Bb67sqDCbYFWsZ9dUj2ecEOhhMiujQPJpP8LSW6srIV5pa8gOsH7P9K7caPTH-SOInmQ7nqtC1Df7yyZLORMRECnqMuag6OMFpoVR-NU0YEQM9H0Qm-irLO9edvV111G1tqcSnajDA5rMvmhkSYOTLeequ8RJOEcuQlhaUmkG_8kNjAnS-8jbVPHJyWWAk5yeedRROqb4IWJpnlhAYJGE31SoO0UBDyduEPJ5Rkrp2YwImD3GiqTJdmC85n3OqAMvwfW_h02-rV6HfQ1EYTd,"<a href=""https://maps.google.com/maps/contrib/101254628428029523533"">Shefali Alankare</a>"
P0218,All About Coffee,cafe,,,21.176461,79.044821,4.7,,,True,,False,False,google_places_api,ChIJLdHoWWHB1DsRG2wHKWvsMvs,AWCwydhXX1ODmOAibYMIUCDDlPJbEO0g7gsCIRqygGpFtuoQOCXBkVNof33GxSM_6oJXAWmyAsGCbI855B93CjP-APDLXhXk7W1WOCunh2nGcDUTl8bsitDkH8RyYoVZ1qcMN0dwlHLf6unZbZODTCzmzlsHmFLeCfSBc9WHAcMD_CrENgPnsBhnCG5-wp0BJUt0EXEof82J-wq71lH6gJWQTOMWo2NtBv5CQVdRnSCIaM26W48YVRAjZEtPDclEjr2bE_aY401nzzWZcf0zPkeJMGhCi1EslXbM1r-Ra1fCMkRPFaVK1PA94DKh7qjOP98ktNN6QD7iCENnGt5QPvJ52_Mi_JA-F3gY3TWN-ewrWodjJGk3cIIjpgOmY_gvlcMIYi5Nifh-uic6wRAk5r_ptA3QuuKI07QlLhJBLvK7i9BLMA,"<a href=""https://maps.google.com/maps/contrib/109217021699867231203"">Aman Hussain</a>"
P0219,CAFFYO by Zauq,cafe,,,21.163712,79.07978039999999,4.7,,,True,,False,False,google_places_api,ChIJV8bmMwDB1DsRbaeLnyi3hQg,AWCwydiyrEFutlKl2rKTzyF4RlEUQaNYYAeOYUo_VlwO2JUa7Gm05HW1_BdyqX1yuG5tpjh4o4ZFaAXm9HUVv-KtuGPyqsLf80SVqlPKk4tR8wOSekhFDqUwK-kBIXZXo1kHDLe2CdlU5EJfT4Rkc3Q9Lbes40fFWEbnDDUVCRgcsYSf3taXMl1mqK9Ebq_ZOnF1oHT2B38KCnwI9jKMaksXBFqwgDhkOOdF06eCHr53fRauRIjTuFvmL5B8XVCYFPixWjAmbtZRcmAaf-wjwxtnRrb4CGcfBZ6d51zf6YHAl5cTRemHAQYRqmOAxlnp3YvNVO11O_7oKlGTAojZsZQ8fpPBScRcqFu2oC00z5HVIbM0gO0Vl_OiTHEhfBd_rA0G3QtcnZXVK7FkjaqwlXSGmHovLNLvtCi5ulKuSV28-IHepZwuWhxCueKF39-BDwrl,"<a href=""https://maps.google.com/maps/contrib/113242658791293464969"">Gairik Saha</a>"
P0220,Dali - The Art Cafe',cafe,,,21.1049975,79.0692248,4.2,,,True,,False,False,google_places_api,ChIJOSN_vZO_1DsRfTmu_1ic7SM,AWCwydjr63nrySlBglDbDzwj5IZeJoVJOa_YvOdtFhoBGEAd--hKNsUdj1Qa1N68vUvEkil7B2LGUTOSZo3_I3WyYloPusHY_ivu27YBKn-6xTqsiLN5mmbqlmTcarHDjmJycrv0Qa37ln5U-lrqSjUJ6gZPgTkJyX5zuDjTX6TPoQJBP3-53J3NQ0UFEUBbMXtCQ7QiX2ZHQkeRPoWQUyqVWLDfDQIr9u5ifYjL-OhKnusOloixpEfm8D1brdQkPyJsc4aJ0GmhGQhtzIK5LDoAb3IP_e-YzBO2tTQ0yIcWL1sfUF0Urysha_2ZGle4HpxirIrK-ph3Q-VFBoWXJKtCT8wucmcadHPhJXEUIRv5UNvog8RZx0N9wmNLG23u9wWEKITLrtJKns9eM86W_mAjhFh9fJe7IkKM5WXXlFo8DNriRVSB,"<a href=""https://maps.google.com/maps/contrib/114378746638183268468"">Dali - The Art Cafe&#39;</a>"
P0221,Bouffage Cafe And Bistro,cafe,,,21.1344937,79.0584133,4.2,premium,,True,,False,False,google_places_api,ChIJL7nCfGTA1DsRZ6B3Q69osR8,AWCwydiElym_gQ4nfRGzEw4Z2fyHeb0_wZwBLBmsPXDYoROV__SeYwYnt83USxSIRgcIfec47zFk4DLiLdLh2DVLzEt70Rd168_OMIiHif9Cl3hD_AA59XQGcGrIqdl0ZqVNP6HfaF1S4ZKblXb__5UHyYOKGuOuw5l0qan6r4nh2NhXAtn2rnye3qx7CNXrL2rVI8_TufczYd3_1SJwQ-0Tl7NL2rmzftE5SYMB1pPO-kfYmg0FTxhRymOn3e2TdRsyO7Op4vzqJWDu9ely7Fhn89nJrXyNTggTMx4xzwEj_mPJdTtHS6j49SkhdyLwzeV3Ef_L3kiBZnbfke2agb5i5JHVI26vvMC5oTTMFmwYJuazkhsXID__Qyz9MFgzl5weBsdgouAJKL0EgfwCLJDW93LoZRZsr-vwzN1fjDPtFYQKk-Sg,"<a href=""https://maps.google.com/maps/contrib/101621688115201779406"">Rahul Bang</a>"
P0222,LOC PREMIUM CAFE,cafe,,,21.1170441,79.03639150000001,4.6,,,True,,False,False,google_places_api,ChIJkXwNPQC_1DsR7jfvap7DHPg,AWCwydj2HxCf6t7TUov4QjtN_2tDTggkHjOoniZdLiqPRu-YZD6YtgvLePlemRBkr000LweXGFTzRwxrlgiGwjcw2gnwqfaEr6LB62XOQHEUU7zqbQggKYCEUTddna91v6U-2WyYr81HHPmTDiKhnkQvFviHttUhxc32-TI3J5_nZubGsJnkkfmCh__H9ClmESjqrfYs8q2U3ro63DoixnYQkYXEr4IZAZskPh-vj6rx0aVQsqDIpaAqXCDL0KmLxZv5P4yU6Rtz5ryuFoqB8eduS5MDIL7ulLdNrXHfNYUxhG0pRCs_XcjSPckMxpFka52G_G610sHc2t4jepeqQRAZhIhBpWx4ueDIFpCGwhMHWY2IZ8KXKo5RFvE_4bTpT_rSvw2kiNfFeIPtGkvfaNQn5tjMlKcGGv_eF3j5gW_Ti2dW3qY,"<a href=""https://maps.google.com/maps/contrib/115583159614699630097"">LOC PREMIUM CAFE</a>"
P0223,Cafe De Sana,cafe,,,21.16828,79.0787604,4.4,,,True,,False,False,google_places_api,ChIJ6wT-HwDB1DsR1ReroDYz-7Y,AWCwydipIyPd2WtT6b4BT6XIcXkWexJuhxpahyu2EVWA63UHSrvMxpTdOUaZGjYePWOFnWKFs6eQRLOOObNHHh9jhdMLs_jRm8lwN53jlaBVlm7JuYk5B10zr6SJM6sHwZDcNWZ0nf2Lyit1TEoKCOCJm5A1R8N7oXaECqQSf4EJSxBmqGJEkEayZae3s_1HogCK9bXh8Y9JbtA2eybu9K5IS4v3ksKoabZKAvDkj7hq88lOpZcWS-DkITAvg9u10hMoa0uyjmPgWSCPZ0WvAfqfWuSBo7M1f9e0Zg7CqMwCRf7ug9LS9RmL5ugUDO7v2-Kw-iaVkfPm7RlvvTI_VQkv3SLAVW2ADeltGLI6rPKoAtlCW16DdhvLiD8_P7ExKXglqK3IqaMvZ8gvkPy2RvW0gO5p7cMm_wH-IyXwHpXx9IqIlg,"<a href=""https://maps.google.com/maps/contrib/106014117932460137706"">Cafe De Sana</a>"
P0224,CAFE O’BLISS,cafe,,,21.1343933,79.11971849999999,4.5,,,True,,False,False,google_places_api,ChIJ6VhfvYLH1DsR_WjvY_6PkxU,AWCwydi5YQX2d1QTsUviTL_3WVko7zFyBaoC6NW9cjqIxRkZ62JghW0zCEmQPTh3BEvjb7yXi02NbSFERmeHrPuq7AvLWUOBeZ8X7IAcbWk84X0xXGYQxE4vHnJol0sF4grFGhZ9XyoyS0db8yBseJxJL4gFLjPnxpAZ5trPIcY0aZiCMbFbgNHDH0kq-bZ2YyZQXhL8mlZzupJE783F5wMy_qNeDy1JuCW-F60LC5hO-N27PFbC-SbMhalz8Miz9sUdHsp-72ZXifFYxjiFJ8NAJRw6A6BMpahDuUk3UqrievPGuL0ZYX7icQ2e6gXquSLStaoGHbKZTzN70C-wpsMEKCFRkMhESRp5YUrz3xdHiFEfd9VbgXxrJ9JbFt6wojHunrvnsN0hs7UgJDGfbvGx3NRwgzgHQpW4G1NL_QP4ZkN6o3EyCqQuhIFQj2uJ-p1R,"<a href=""https://maps.google.com/maps/contrib/105212855897009505331"">Kartik Akre</a>"
P0225,You - Cafe.Coffee.Conversations,cafe,,,21.1760499,79.0819743,4.4,,,True,,False,False,google_places_api,ChIJawRIX5LB1DsR2Z-x3XoyDg4,AWCwydhYEZLZRKbTvDAKg6_Z2pZjHU69LCLDWR-ETOywPDQUB3xxJirR-LrWpLcY2FpZh-_odQQosPFxm1RYVF2xe4_iBiu6BiXG_tTxF0Z8-BL8SSJTLkWsqArFUG3DfDy5qDN09_5E4NLmtL6zxgZalOJ-SmZRMmuYrFDUfI43sDpdlshtHq1pVjwd8HHyAXPP50Ded9qiVyPmOfMmI5ZoSBTNCwD_DBuFaj4nc2c2VNhMDV15QpWAireJ9YHO2IEb0GYT7qVNYvz1ZzwsTZkXJ1l9RfIVsK6bnTBMvFUtxJdAp0XbgQi_aapAKhZDOMjaScDwpKysEflR3-8Sfo5SZWITh03CObMbZjlz46fsP0nL25M5O9af5jtvSI9qaTYCA5ctOTC6bI7N8GQMzFziX6oWOwY3zKgrFGvdkjRpZDVRRrHKNzKbB6Lp18-kVA,"<a href=""https://maps.google.com/maps/contrib/114202406847464629898"">You - Cafe.Coffee.Conversations</a>"
P0226,Cafe Hide n' seek,cafe,,,21.1679985,79.0786722,4.4,,,True,,False,False,google_places_api,ChIJUxMRviXB1DsRCpSNAiaq5_g,AWCwydgCRN0cEvXvVqtEdZVbv6TejllSY66MTcd9m_uQcOa2-3QBAmyvQv10rS2PngLFyZQkXB3YtIOHwv02pIdbH61A66b07oL4tMVjyKGOLNf2up0dHV5YgFgly73hdLmGkaoQ6P-PLRPA6qMWP4Q_UbUc6-vhreP4bythBPWeFBiI9ddoVv7vQM5U2FOuYEkL7u-_OoDmb8teVwaGlpszTPR3lnASNWrDqXQizW3D6HJFcOqqqW0KGFUdjDq_Mh3blmgZqhJ2YJ72fnKaFgtxIv0tQ9YV7rPkrLzXAs_LtBDDxc9CxEGkd56TrsLgHf4CIRmlNrFpuAO--esuD2qrOMrr9IBfWKlOzJUPb20lZGc0l-cTYuhVo8wAmZOtpzoXz7GgxQRz_ETY48Bv3zfOqMH-12wbinV_usRUF4rIB_OiDEw,"<a href=""https://maps.google.com/maps/contrib/105594457566105175755"">Cafe Hide n&#39; seek</a>"
P0227,Bella brew,cafe,,,21.1448186,79.0649856,3.9,,,True,,False,False,google_places_api,ChIJ5VPB-8bB1DsRkgZPlo7-flk,AWCwydiN3H7_wWsiuEJCUJ8Wq9Fo3s04YnCJ7c_78aCic-kHpqK02vs12t_KyOQLrYuD3o7cdBBn3eC2ylPZPtiHAN-hSLuPfjBO8q4-LeQ5CZpsXn0LxOLZrXdfV4XNJ8rEEXJbSWB9VmCZxT5GlGE8BShCFHheDzJxejYo4dZz70j2uLocUlq8twiNxdcQpMhsKuzmSLxjFE2YAeyCcswyPFZ31qfbrVwJOTrNkp-g6bbEiL9lkJ6OqehJeA18liBLNeM9a42KzWUS5x_pi0eGkRamaByFC5tmPo2s4SnvCZZt-7yEHjTwY2Ujw-2T7mUpKqaCftR-4sJ0MegxBOTfh6clzPeNlzkrAgbeEUeNCjKscmkFzJ0dIANEYWJwmJ1bXqmt_J6-nrl4v3LT-RQqdImdjitDexdPvqXuhJ0fQili7qVNjCFZscP9I7CczQ,"<a href=""https://maps.google.com/maps/contrib/116198427608207570499"">Roshani Halami</a>"
P0228,Mauji - The Time Cafe,cafe,,,21.1691449,79.0819929,4.6,,,True,,False,False,google_places_api,ChIJmeEY0D3B1DsRDX-PHaBzckY,AWCwydibEaTkFv7IhZqZHfF4rpIVRHzSnAfdC02Iw9dbUkSgYj3odgVKum_aeXbvvjipsDeaCGyisKhVDKiLy8kbVJXTJtQB7HTp6G8oveEost_brxbROLuVlsxXFEziIUS_FR1ljU5juW99Q4UMUvFZzcNVaIfbGx5I8lv11BR9MVXdmZHhb6EPd8w6ODNrSBKirh3xfMzy5ArqaFl1W4SDsUPgqCk4DjBGJ-OadrVSBrEY5LqXIuue5h1O1qqK-tN1sFdQ6ujGQ7paVfCtMEcnmwR3VZceuehFiOlOuLrvRW83EoHzHy3Aw2SEcEl-KqGWADyFxSR_IsK-bp_cfkMYvOMe8Mdj_W7mv649SI-vlZ1d768aHgKXHL3f4NISkik1rVuYBLzXT9FWtAOak0iQCCTcwmKvn1BFtfJoFXjTzOsHm1J-Ygdb779cowKtKA,"<a href=""https://maps.google.com/maps/contrib/118243813373132626846"">Mauji - The Time Cafe</a>"
P0229,The United Beans Cafe & Restro,cafe,,,21.1047132,79.06270239999999,4.3,,,True,,False,False,google_places_api,ChIJucJAbQC_1DsRuX-KMuRqR3w,AWCwydgC_kfI06KShM3I1vdXCQNnteQKdbbv8Ccjby2LdkQ9L655oMfeVZGuFY3rwZg_pNFXJu5q61AvWQ9YA28-Cnb8zAy2CqdCKQhg-8r3KFPcnx7jtTYhts0vdJhjcuczfWiZ7bhy094fjBIt39-jCMl7RYA9FSpWIwN7ZVgYei_DXIb7ebzNc-Z5fsqCjseneoX4OmuXqn-bSAXpaYnRrgB0RmKCylkOKjL6sypbcycaIUJPsVwHkwcap37TQRX4THMXjB-dw-fnqUh9KyUeZiuQDYUtkv7y0VB90eWKQP-AwHpmhI7dXN0NAGLZFyckghyyFhIE8uTb6tPqzmW_87osXUaqqSJmfMXy0oGKXIHGXYAysSaftX9nKWjtKAmKintoXtCQAR6bvnJ9EUtH1g7e8Ylva1fAqw8Sai0,"<a href=""https://maps.google.com/maps/contrib/113638584189925189213"">The United Beans Cafe &amp; Restro</a>"
P0230,Mocha Cafe & Bar,cafe,,,21.137782,79.0587487,4.1,premium,,True,,False,False,google_places_api,ChIJK3VPsGbA1DsRCbq0p7XKAjs,AWCwydhlXTJx9BIg7T_2-g2-vvU0ARlpXAU9Ypgip9o3KZRxeyWOU26zCbwtRPE1482KWTtZp-bYvwhuJghcLlESu2QoGj-Qm2JFfd7VvfJIFcWn8vxEjNQGDe_pfwMgt1HLF0EvuEi8UrHX8K3uQzGtSMOxkQ7lgzz51lxOy7QHXjyI7_3HWlD2nA14RXuXqnqc1AXJzvaEEOUIw-LeKEdrLx_SBeEjMHBqZdJa7IHpXAOW6TLZlrEBsMZh2foZzHpNEHsiDLhMyI9knx82UXXwDW1wQMTYwUgY_o-1ilFh_tr1cWXHhaQB-hS-gAsdRzPPGpXD_KhkE6SlGZi10sOn3Bmwvp8ks-TDhuo_Z_zMdTMNY5sY0ThQMiiD8BkPt5cz4qkvRpUuPcJT4D-EQFXad-3_fXfBBlELJ8_IBERaHFKH3HdSIOOQyPAlU3sRtVVd,"<a href=""https://maps.google.com/maps/contrib/105643980663176254237"">Mocha Cafe &amp; Bar</a>"
P0231,D' Hippie House Cafe | Nagpur,cafe,,,21.1740867,79.0977827,5.0,,,True,,False,False,google_places_api,ChIJP08EhkzB1DsRViMU9zWSbMc,AWCwydghkhwv5cCBjyujB-nkLmir2AhLn7K0XjHSbc--XngNIIlz7CGxcq98nFeWdXM_yDrtJT0RLWwgITzmgZub2IxET58IRkm4_mmEs7qrsyTREwUbiMCjg6WVxW1MNcZGkS7IjSeT6NBpwpwajfy9zIvNhsleFfqzEbxbsR0bcngMN3h-SwdrvLGpa0tg5rK4GRyK5gqb4epDhs3HuQ17vVoLYJiLAUjuOFx6uO9F7r60QhdZodVJ_kEhIb1wFjW_WfdPgZxrpknTwJjiAciXRUAsCOXylz6kjLomdHhaEBEFTTHwI0AzxAp1zJo_Mv-I-gWdDcfZz1HiEGAIpUgBM_z8KlSO-AM9PNKjor8__UKe6ntJiHMT9NEWdkbXwQH6CM8sLZi_n4WbLdtcCPcwpJkBlSNqGXLdJHY8PJmjnfIFoy13SoSPUtoSH5oSxQL8,"<a href=""https://maps.google.com/maps/contrib/112585699429776995781"">D&#39; Hippie House Cafe | Nagpur</a>"
P0232,HIDEOUT the Street Cafe,cafe,,,21.1294197,79.0604787,4.1,moderate,,True,,False,False,google_places_api,ChIJ2WLxknzA1DsRJSrt6nQF9Pk,AWCwydi45Nwo_UPugkmBpNwCCXO2TcfRSuFmF3MxAcb7jVjEf1SIbVJBzvvTwdZ7v7AoT6aHbl96Wb5vWgplqnq8cmBzxZ-Vh3vqcl79qHVTJsC7dwwwTlLkDQHDd_j9Llkh9wL7rahTZbIL_VMJXYpr8M9qvzcVG4DWICrxxLNdxfuTm1WNaYybePiIP839-FmMWRhyIcNH3XF1NIVnNxvi9du6f_xy689rW2V4BKr5rzkVJQ4FlnDok0wQZHsbp954JhQQlYL0U1le0kbxUAbNVkVDNv25N6arvGq3Kude-drARNTlPZFVFR9jTrajoFcH1VP1qUM4SDwJdpwtAu1gQiAWCYbU7P5W9ajGgKHO756y8-VgY-3H2nsNNuZW9dYGYAMi3YaMmMqtpFw2Rmyn7X2xRwHDLvNkeU0pQkL-Nh2NUAU,"<a href=""https://maps.google.com/maps/contrib/102388027101941303633"">HIDEOUT the Street Cafe</a>"
P0233,Turkish house,cafe,,,21.1258326,79.06258129999999,4.4,,,True,,False,False,google_places_api,ChIJz2mP29DB1DsRrVJuf0EXtUg,AWCwydge8l49K5_uY5seNej0dcEcRhI-VTmJf1BQOPL65vzZWED73nrysNNHNixjmfp4FI3JZyh6ZIa4DpJRE6CooUYEz9VOZZ7sqAue5oxANQDN3FS2CRdBMecT1QPIfwRGrx9NEdDpqMfNVOAG-0exbtHM-mGQebS9w2uxrkUqbXkGhHvv7Nd__7RxrZA1rRBlBa4CnJeMj3gsmhiQ-krqN---njxyH2_PqYBHQAoG4RAI5AwqbUPg29_xavvRTHzbXM3fZBjzuITFdAyPyXaRas2wF1D3MCvFR8_Uy0YKjkr6-M_RGiA3bNQuzdb-xvm_JCquLThc_ewVaeQCQnLVi5Z7it0txfSMOrECMuXF36zozF5VrlCNMFUoQolf1C3CbLcrvfz6N4xS2gJrR4fCHfTdN5bYekUw4emAYRbqD18MDGPM,"<a href=""https://maps.google.com/maps/contrib/107261970453917362705"">Sarang shende</a>"
P0234,Parera Coffee,cafe,,,21.0919592,79.0724888,4.5,,,True,,False,False,google_places_api,ChIJH3HIa9a_1DsRoPQ1d0Ah8lo,AWCwydhLSxRH7GmpeaHosle945EMm6St_U7wwhlEThSTmc4D97nWQ2j2bLQG-SZ5wCibe7VAdOn-Yjcd-F2yIlItXRQKOV6tgpFDrrVPBWSpOgr9jkilg7ikdmxlbqa0STGVhqnYAlmPIqbH56rlhBgU309leTS9kbAS9FgJEWuXF0mvMeaF4QJ9pMT_zx1UScAm4AjYK8zag4FbCsSfmbDa_3CmD20MC7qQReg7vIBsgg8mQm7gJXUVyhBiNxL_u3cHsM0pAj3IgmNOXIc2Pp5dQcUCqKe85WN1gtseWQ95eHQJtw6FyCCdFyPRfkaEs9_8xRqmPNeyaEUCelmmbTA0eXlovBfa3TZ5ZrUDTZF1hsh4Mww8ukIxrnOjGqAimCklLBlKITW60gVq4s8i9YPIAl_pxM3TZOGnCr_FdoJWD56Oum5y,"<a href=""https://maps.google.com/maps/contrib/108047580029656245334"">Parera Coffee</a>"
P0235,Retreat Cafe and Eatery (previously Momma’s Cafe),cafe,,,21.1288652,79.058619,4.6,,,True,,False,False,google_places_api,ChIJ8SVyNJ7B1DsRxEvA4obehpo,AWCwydhXILxK0rViq3B0vmR_Pu075sOImmIIWBhF2-bW7letX76_hmv1ex4dFM0IBWljlT0FD83kQ4MHlfFtAUI_ijQYBrEcHxBVqlyRtelqRgHrFBnHExvXgUSWVwJ0hK9eXIrauO86Q4ReUPFX48J9yhlIa7Y0sZKLM8sQGvG8BhDE3LTUExLft9EgJj3IClKakbm6V1KZMk149_Ua094qQcwEJlBFshNS1RXeQRHsPvzAXo01ucUxPkmiRL0EU5JgYmn7Tbx8fGDTtG_iNOSK2-YXdL8FXl677X1-U48LtfN5SKur04cqB7qCX4RzOvQFUzo0nslgWKjd72nJEB8JPF2S-W6ANU3i5u9WavfEii2KKpho4yyWAwHUnAtvdtPubpQuJ4b_TgS-FnN8oUkovAK5CjCgTWOiVEH93uFhBUUoFg,"<a href=""https://maps.google.com/maps/contrib/113326344538569023050"">Retreat Cafe and Eatery (previously Momma’s Cafe)</a>"
P0236,THE DOWN TOWN CAFE & RESTRO,cafe,,,21.136507,79.08230569999999,4.6,,,True,,False,False,google_places_api,ChIJoUaPxQnB1DsRSj2_J7mHi2Y,AWCwydiuaOYAjb0gHqPsvsl0BAvNUz0sduE4W2Q6cjifFfw83HCICVru7s0xlucAn8S7bDfE4BcB9eYoDCictG1IilOsKRU4ExzPgU1L-yfcX9NYrwW6sg6zx89mGtwyMrjw83W2wH7Ezo7WzhNEHowyO6Tutd3TvL4Qns7eUyKelRG05Xu8QK_Iblxr2hI6lygOVHCSImrQq2i9O6CDEgcmJsIg4l4W7Dn-lXZqA-ELwVUKH7X0BvMM_gtvt86UFb5a3wjl56-53bdJbwPKu-UttUbH2CTWGspAyrb1QxAHHGHypXOdgHMY9JN4LV32UZGunfxHXq2k9flRi5u9knPnT21n9Mq_fMKyErszIaEfnKQH7lKOdVOHKB6_bNzTt8YtYgQXc1m8fMaKpVZpVkkMPyo44SW7loh9pWtBbWOlRGHcSmc,"<a href=""https://maps.google.com/maps/contrib/116946826164393657351"">THE DOWN TOWN CAFE &amp; RESTRO</a>"
P0237,The Common Ground - Sports Cafe & Restro,cafe,,,21.1307382,79.063276,4.0,moderate,,True,,False,False,google_places_api,ChIJxTaWCUrB1DsRI2qiw2EISgg,AWCwydg0WpIcQ0bjvMN2Q--5UHktS-QWObapdkufAxHohZ7GZ8rVHPaxdL4n3SXh-2jK80rAwfNK_u1KL5eb6hgYXOlLTN9sKseRd_S7kzA5FWNcYF_IS3UAsf4ARynUu34USaQWwvwUjagh2tAwFxhjC4f4beLo_67iiaixVACcBz8T8bVDNicg2KOUG6ibcamF6qlM84Q4Ts1wRIeCaiLHeRc29avroVs68_gEHRSV1-cve8oNvwhbIIhr5qiFEMP6CnrDXkPlNLBhOwpOqDSDBf1mlSP1dlKISjgwZPie4-TBW6JT2UvGDoCUV-fZn3TfEVDHWCeNys6uYYt_S9OfxdsamX0a012yM8Y8fMIARhno_8xSfAiD-fFzJkbOErJ4vId3UnHBvU-VduevyQtvc2wTIZe76EvXXaIN0dqqtksjpQ,"<a href=""https://maps.google.com/maps/contrib/101840853858644071526"">The Common Ground - Sports Cafe &amp; Restro</a>"
P0238,Garamshala cafe,cafe,,,21.1694071,79.0773947,4.6,,,True,,False,False,google_places_api,ChIJVYCjMB3B1DsRsQV25BZvISY,AWCwydgzdpbUdNEIdyzi8fMDWZdDJpX8fjRAsv5vM7MCXQZmuLbx1ndmmV4r0krRCW_Z4KrEso2a-4H9ndoaUYmivj_9N1zOIvTiHn0E2fEQS9vmZt4AX59WMLMHUHEKYVuPNTDUOKGIZQssP4Xzsr3GUyr6TgOA9Vy4aIWIhPyruzGvzaHCy1RUfhopQgEEgIVAXLDc8v4LVIlFpYMvIeXjz_d4ZU6yCIvqffhtTzwY6mIHJRZtwam2EhwyiP1AoQqTNOonKICDe8_x_ySJadBG6iQq_v2GgUzKofKsPlw3oT29DtZUpMT50PHRWzgJlzEqhAxxAlpd7ktYw77g4v9bVsxERlFXWCL9PWshEDVGUuCRh67-yH8s8WFMKmu2wIMH7H_NuwzEz1AdKOXLWd57EtVKlHgCF8HBbSy5_aeOADXzEwoR,"<a href=""https://maps.google.com/maps/contrib/107989773589778334004"">Garamshala cafe</a>"
P0239,Coffea Nagpur,cafe,,,21.1092927,79.0399772,4.2,,,True,,False,False,google_places_api,ChIJv67-JrW_1DsR5d6grKOzv7w,AWCwydgHjbfJHG72RFvRvas4Dx471YmGq2pqVp7ROgJYMJ_9iJ1-p9RGIw-pulnuuDtJ_H69f4L7I40YTtMJLMk4EqBGdEyFvWPDR-rWlGd3Pzf1ZEm60FxK4B55je8IebpLEV_8Oqu1IXkTGrhrQEyaCV81SNGjg-5jAS2jXoiCR9Jzw2XtS5c1cPOjwNtOgZ4wSbOZxI0k0kDRNKzHV_V8uxfzUUubVea1Lpl9nvA3sC5UZ9ddq1ewH0EkS2QQiNQXX81uQ0WoecyM0rjioXrzKrItSHr_l8d0O1vCBd6Ri8rCp7YprWLezOxo9MuiZnkhMv5E5curqpgEY5sPMVV7kuQYXqNY0YmFjNB6_RAuoL_uF53OEkQK9fHlTBmUYl960iI3ptA9Eevdqw1r38aH1WzTcn0rzZKLpuTgUT_RivazQXE0ETYsMphvxoru_A,"<a href=""https://maps.google.com/maps/contrib/117273488056883579258"">Coffea Nagpur</a>"
P0240,Fluff Artisan Cafe,cafe,,,21.1167064,79.03690189999999,4.3,,,True,,False,False,google_places_api,ChIJL02vxGrB1DsR64DwwzRRUko,AWCwydgrMF1n83SJOsLZ6WOTygl-YVfhM3HHSNwJXQbgotVZJ2AU64oQn6XVb1FzTDceE-N8kLDMTYYPuT7GO_GcYLrZPcOZOgZ_Cvrl-uIsFRDowfjaRAagzmYhq28XYY3S41-ThTeeb58sC6XoDnro9IokkqgcPh6E4q7fDfGIoIvqi1r1Y3rDuG5xwTKVFAFzutFy2LzjMSGg37n3IDIlHDSfvX4BsGEBS19rKCo-PDgygUxfK0O6Z7ykrNIl50E6SAsuA4Vf4is2pn0MleFzdRpK1EOGm42WdOZ-zL8ThNOpzPhIlpEZuRTC5Ps0y8kNnWIGfSQiGy57JcA4oD8Jrlr1gs9ySX6GIvgwAh8Bvy7Zu3We44yi5HD09yeN3doV4JbNuwqNR8xWAJa6sgiYfZuROfGO40ro41aqHPCG_YOpmho,"<a href=""https://maps.google.com/maps/contrib/106884336446250839954"">Fluff Artisan Cafe</a>"
P0241,Creamy Fusion Cafe,cafe,,,21.1123759,79.07084499999999,4.7,,,True,,False,False,google_places_api,ChIJqUQwE2q_1DsRsdA7U6Vpf34,AWCwydheRCb1tsKQ5Q75n2RCKfK8NBb633_IgTo0lIx9tOdXQgWgQuwGkjDztVLWYJGWU1qjW9J0Sf0ietU6eeEJUHqr3pWSCpGn17uC969nsa0GwHY72dHlaxfQpfUa6eKPKLI_LHDItwDVdPP5ZoClACU7y7Dhj7Ifi7dX3Ebkup_YZ6JQQ3G49iQynns68n773gcHGKO2IKYwj15_s5z22HctBKzBzcqfQj6Rqb1ek3On8OQz5oGtsEoKzUm2oH7A7nlF5UeXhyiWIBv4lQfHFKEY-ZMOdnDRx1bN1N_F79oM-DUz8zFI3U44R29X4Bb3GnaBTElgiA_oXEE8HQAEBLhtjjCqGgLgy7t-kmVJuDRJlj5k-Cm4Vn8ukTgo2E3RnvNrib5PO3wpEdXcVD5rz3-3W6do4oFhJi3BXHbXOKZfqIHHFiFHWI-zjuGMsw,"<a href=""https://maps.google.com/maps/contrib/115454345182660049397"">manish ambatkar</a>"
P0242,THE MULTIPLY HOUSE | Cafe-Restaurant,cafe,,,21.1649633,79.0818041,4.0,,,True,,False,False,google_places_api,ChIJHSaxrdfB1DsRc-mAaFOOJqI,AWCwydisJzR_JmEBfR6ATccdrpDFe8vM-lWenuHCiGUV7-RouGmsE-LGcs-OmKtHEpaLtX0p5BLu0y7UwA4bbD4f88BMnVJWIBrjRjrGp2xt8wsIkhvBOIffB65BY9V7r9zokJKGKkGF_RlEXeYBpBauWSPPmSmKJ1QatKotJ30sJdG6TMKVH5MaqvFqmk-BVp5IBGaQJYCujGoeBVO3nDo631m5JM0pWir09wQudBZR5WqhR9HNVtU37BVi8oHlO1t6L4pXP2lBScNJatl_HRhcew8QFETq1tNIZru2Pm1ppMQEGCP8cnmPZFLeBD5MZ6_ZUoW7qyNbHW2A3Kg-0eu1CQk525Uq7dWP3g36JOYkIKUUPUvnZpHQ2UztQycEu443QWrknqub90TEYB8X3WM0YLOdqADt_p45qkk5Js_nTy9YgkFPvk5O3Ha2cWqGW-x1,"<a href=""https://maps.google.com/maps/contrib/105539105463534202183"">THE MULTIPLY HOUSE | Cafe-Restaurant</a>"
P0243,EATALY CAFE,cafe,,,21.1577992,79.0768196,4.6,,,True,,False,False,google_places_api,ChIJpddSEbnB1DsRAdKA7Hc_sJU,AWCwydj3wLRn4MQSHrJWKo2uxVh4a_28ftF36_yDMu31Y6NJgioxwVkn91E-k68R_G6khUpK02TV_x5QHr1WBdowLq-Dzw6CUgKQIqcEZx5jS22Cdcbyn-BBgUr553eGiEsIOSf-1ilQ4JAeICpNZkXrSjFPAOZKC6XE1VXj80eC5NpNdeBaa45GUBhsJ8gK5ayLEXCsAgcLj31SeW4lSPa7I-t5CVJRz4nw3lh6xy99zOg4gDi39NOMhW1YtdVuF_ryNqyrbZf09mhxeI28VSmchMG5sOKcib3W4-7828URBhRPHABpkq1YANNA97JcfeE0MiWdeULD7pKGh7wfV6zpJO1HjCbmSo-9BY5J9A0R30PrcDqoqqyJqlYW1r8ZOSshI2epSo3UpN2GGiC3KWNmnz5LR5cL7WsvbvxaEESiunEX63M9kPk2CUdEUN1D-k-W,"<a href=""https://maps.google.com/maps/contrib/104089199504062431722"">Shravi Collection</a>"
P0244,One New Experience,cafe,,,21.108533,79.0542656,4.6,,,True,,False,False,google_places_api,ChIJk_u20PK_1DsRco_X7B4T_68,AWCwydhkI3qWxYfiF7_h-q7TtxUvfR3OpoSCuyewr9DGqFCB50dv-zxlxgT_it0CP5YtIr6t-XQ16-ozg_JMf8xzX8AQTwsz3qE5G5-SOdQvhGT2payh5JZkD7nGqHQElG79y34EBAgX88x1_ClZH440TbNxataOF0fEq0P7kCfv8awgWjXKTAwHvKepO1KlQSh52hMqBYrhzyxgRs3cGtlGYvWSFLM57tZSWlYwsLCjCoGGFCOB2ZQ1cpOVq-4AYBKJpn1vdXPhJu5AchGAv4kOI2X7FhJWajmU_pFh6iX4QZ1S1XCQ-jkT8em9cFwe1vuo2mHUz2rErJwKUjH5JRSBppeN-bE_ufRBXoWzHEjm3r8N1pKtez0jIx1gvY4X6BTQdTnuNrlnWXEwj_7hsTCddkujrIriaT-gTxWkua12BMvJioj9aOM2TL7EbexlvA,"<a href=""https://maps.google.com/maps/contrib/107919962524138195827"">Mrunali Kariya</a>"
P0245,Temptation café,cafe,,,21.1306966,79.1193591,4.3,,,True,,False,False,google_places_api,ChIJe0Jo2LPH1DsRprSdRrI2TAM,AWCwydhs0OSB2sdHoYGaD7Yoi5AkBN9RZRPxUTwv7b-9J_v8N5ZxnUn4HgmiwVdAwJlyvz0cGHqSh15TvykKwk4xHipcCVMQ4DuG7wJ1lDOsDuMcv9cuLIVyMhSX8J_jctnYglqU3QQjbzAcwbFS5JF8z095aO_GCE_30nD9I2B_8f9myKHtRLqAJNVR07phZsLGJnLznu6RIRICHJrUm8NvWKEyl79Wg-miX3ZqGrpKdQE2NBA71Zf_UbQgMa4nAoedpdss4W6bXUpJONjkfzT1Jl7nYNH-LXJWGefOALni1dzvjuTVBp-KuXpRyP9gdNWBR1LhAWIYenS9zW0MXbyke_5_PLWauOdH7-5ttR7AjZyQfJZ0W_sNY4hvW4yJGZNj4ivPZ_XywCebzLDCZNT_2RHGYdORN55u3XyaCWuZGMTXzw,"<a href=""https://maps.google.com/maps/contrib/108752350367670520786"">Temptation café</a>"
P0246,Cafeana Cafe Studio & Lounge,cafe,,,21.1319313,79.11667,4.3,,,True,,False,False,google_places_api,ChIJY7z1fczH1DsRREBm3WV0LFE,AWCwydhVdlK7uQg4biLLVdm81Q_bSx_P3u5f6s8qB8RIsB5Mw9ySz8LtdRLQ3rxo7-0r6Pi0HIEeF3d9cgQUBGlbu0qUKRdRodpGE06ybidaQDLy960io6oJxWpSrnMJGEhqCA-2z8CsYfr-aYkZnPF0f1WmzvDpALbM7LaplGN8hPZ1uMQfBkpAAgp0CNsO1ZKPRPf2EX570p-Kzne-tvfWaYlDBUiTPiKnP7poeRWLQEBda5oyGkuXBVCtNtlKk8nbB18oOFBeLIhQNYqAsdr22UMJgXcahDF5T1OmDoDBBBQXdHxPkalezHp4l5IZvr47wL2XDA0AltFse4vMpeXF5gmtDcCUaAJF-0Whq8Yqi2bCq0jWL5Gxfc52_jlMfEJhZj1uHLVmfhdqQS-rLkOT2b7KuB4tlt_D4TYoteRHs7ij-ArWbbDbABeEF-L3xuVv,"<a href=""https://maps.google.com/maps/contrib/110245232383261421309"">Cafeana Cafe Studio &amp; Lounge</a>"
P0247,All That's Coffee - Sadar,cafe,,,21.1639401,79.0802148,4.2,,,True,,False,False,google_places_api,ChIJIT6l3HzB1DsRSfofYvQn8Fw,AWCwydjV57Dkds97evK0pOqh4IGO4FbfOzTrUDPqIB4vRsEDZqxGyKT5rHC8j2fmFMfuraACZZCdyls90uyIvAhsclpLcCcluIEhlcEI0U-J2AOCFaj6_PaA1R36cHXXGpxyde0dnYMeWfP7qUGFSgMcXha_eV3BdvUvy02tKCbNyGwO9vlXQnyExouHT6jjUsqKxLImVqqLm0Skkj3Yyp9EuS8E8mjbrNbE-xtskig19t0ymkKdHhoKkZKr7LCrylyuOfp3c5mZDRLymbrus8ibC_yI_Efy0QE6d9Ruh0xRlFgHYwVSqM13SxFTeIRdYNWfwzZs33h6NdC8hn6uSpD3VYw1_N8H7Ft-3SoS2BZbXCp7jdu8h7d5UjfKZ7KYBmvfLYWLojHbyMLUbhceunvLhGct-82DkDuTHalD0n-Lwbu2dQ,"<a href=""https://maps.google.com/maps/contrib/101021107566869107360"">Sameer Wazalwar</a>"
P0248,Cafe Olive Eyrie,cafe,,,21.1301416,79.0466556,4.9,,,True,,False,False,google_places_api,ChIJr8opdeDB1DsRNdB4KhIr3ek,AWCwydid-XYhoJyLy7W-avloW0GAuJJqDvvv5XbA914p0V_TSa2F9v0ihA4c4IHBx9_VVHkJ2zPC4vKejdHtJsN0J2hQaxdT2j_LwMF1wNWdGuoZv0j38O9MmhNfyIa2RmrftwpG7pvIsVzzgD8nGxZFPwYPmC0sLsXOOPB-URL0Qkxy3C6EctpsnwA1xXvZ65pvXVqz1_op8FJJPifKtfvCv6_8T-qfX7QOFFOG0f1QArsg8VebGmS1phewJvEQEAEL9tATEnSr5RuTuVlBt_wYtN7mWzWKssq6giw30ed19EMZvjy39CcICeBC21pyptcwkjyGVHthzSGlM29oz_JarVJviQsZXq_gkprDHCEoyhbsrJioRitBKGJGAid0LrkIqfL8d0tQXwIAg3btM7BQHFVtg8PXILYKI-6ArmL2ZXPRKXQ,"<a href=""https://maps.google.com/maps/contrib/106310453181066355768"">Cafe Olive Eyrie</a>"
P0249,Crazy Cheesy Cafe - Nagpur,cafe,,,21.1370925,79.1196989,4.6,,,True,,False,False,google_places_api,ChIJmx-dAyHH1DsRfvnwPrOtsxw,AWCwydgr4IhQqqKnJ3mB0HQsFrbQEvbxC2OP3r6w3A0IbUcye61b5YCu_TG7glJuhW3YuT-o1SOMXBSGiNblapo2CEVD9v_4MPDOJcISGrdg4V1lpvR3PwxQC3xLPUT2FTvetGnUVKJGLGQNI5DsRp5BqEDE0wJhiplWdWzZOzhMFI5Q_Ao99-uy0r4FQh3i3z-vM1hRYbQyajXNmV4bRI2U-RpJ7K-DVXxxroXFhmlHr-fH10H9DFqkT2y8QNCYWoVjl614VGhWn6eaAUs_i8e_leKh3OKe8snTMdKTTekAjs3m9DwYeeeeSGJEnV_TCYL-U81kPSXWXmXhMDnlM8-84N49hXeQsoc8cJf9rFUjgE1V2ZO2Z7kjMEifcDVjpwTdaizDCJVuQ3LvlM-supXT5Yf5xodQ8bVRM3g4qVKtsmYZzdDvFqksYE57pzJdZj43,"<a href=""https://maps.google.com/maps/contrib/103812423595468392157"">Crazy Cheesy Cafe - Nagpur</a>"
P0250,Ktas Cafe - ( Best Cafe at East Nagpur ),cafe,,,21.0999512,79.12218659999999,4.8,,,True,,False,False,google_places_api,ChIJb-H9Glm51DsRwfa-wiRFi_s,AWCwydhWbUoXNPjyQcrQ1FEkeIdzOxgcj3w7F6UQr7abVmLEATHwVdZ-7oq6T64WZNpe48QDl3fqO0CQcpY1n4aK2sFzVO0tBYtFTUcNaq9NttFhpZVok3nTTsklsNkMVbgi17d66OD6SdcJuVBCaAyOxxNkrimZ1U6qaa3tspwK2rI5euoYrM-3cIDZ9tHPz0A_jbZZU4Z1waA1Qo5cihzlqj6RXbE99_iGNkdRIUojdB2cyW48zmciALMdncwssebqarkbTzdMaiuxeg-xTx86jvEFslHgOiNW0S4CKnsCbVKui4Tfbil4eSwBVb3wiKgMwbPhIwtfJst8Up5ShGF3HUh415ya2hi3-xAuf94rV9-xTydDV964_SBcBL0AzvYEIbCJpksFD7lhwyRAkus5TPeVb1XQXTuHegZ858pU_Rb68ME,"<a href=""https://maps.google.com/maps/contrib/117635355507053076168"">Ktas Cafe - ( Best Cafe at East Nagpur )</a>"
P0251,Mocha Sky,cafe,,,21.0913953,79.065529,3.9,premium,,True,,False,False,google_places_api,ChIJcR6ghFW_1DsR8323jZk2yvM,AWCwydhEeTNzckThdx0CMdNNXOstL9CTseCNp0NAtN1bGOVWE0lN_jUuAUUcGmN4h8DxSJ0PVcNbkseNzlZuUC-2lCzaypbhW2XhxKyDkhIedvbVFJn1vEWQndDPXUI1q8IGk9nhnAWEPf6Q36JRSZcqeGR7TaWKjCf1PiIXwifWmYGUdVe8YYye4QUn6d-jSNmpQHh2BcSb1IZW0DBDSkzzcVeWlCRG8Fvc6twxSL-u2WjYc61zS56VLKA9FunV5ffF_k9VyBpyTxsudPhiqnK00SL3JuzLs1buvv_HzoLYqJrqHOED5VDWMp8_VN_wNuJ2wGF6IcrNr_XBraECuPiwyGm7JNS9Ws3XWO85x1tqMWosla3e_yuo6UuV_MfGQi9V4fLLPWVmR315_jezR2utmuPNIBFcbKWSxtC0GjYbgXKKGA,"<a href=""https://maps.google.com/maps/contrib/113827778015679865305"">Mocha Sky</a>"
P0252,SAN SEBASTIN CAFE,cafe,,,21.1259939,79.0637081,4.0,premium,,True,,False,False,google_places_api,ChIJr0aOisvB1DsRIQWicGsGTTM,AWCwydj9gxLdJvNyYmQGqt7Z0FGMzoxx_klYzfXyatvAI0h2Ioy6naLvlUKFOnlHfDprtR84QxA9ZEAGly--ermyFdtVG5ZztlHMAITpSBABKPNjjYYUO_BOnt7ng1WB-ebLQkfESLyVKrLaP7XLQ6BourFY5Xbj0Qk3kTl-QFwe1uDp6Vda2nSMUdpmpgNFoBq3-GUYfYCWyzs-oIHpKvOV9DYye2-3wnuUtucxYkWqO9I7Czy9TqLgCOSaJxuPyIeggPAGmI781JdEc1n9BsCRX-0kCWD4hHPRNhvcujjTxdnIXQo1cnXlVCqR1ifoxiuWETwepDP_Ug4N6N5XWbOVjkauGyM0e5D4i6sWB6BIGsBtUSYJX1Y9PRksxZLYbiEntjHJFncZX3SKDu6pIx397VB73Z5bLsQBgLf0RQUo6BPcbA,"<a href=""https://maps.google.com/maps/contrib/115727156290695633630"">Akshay Rathi</a>"
P0253,"Yello - Cafe. Best Cafe for Couple, Coffee, Breakfast, Sandwiches, Special Occasion, Kitty Party, Birthday Celebration.",cafe,,,21.1132073,79.046936,4.1,moderate,,True,,False,False,google_places_api,ChIJO6e_-Yu_1DsRTIoulGVjB2Q,AWCwydhzv64u6BZcIjXiCFrPhTbREjnQbNu1eARVTc-_OzGlBHYCYq5ctfpTY8Bydsw5J-WNl8rCJXf8KYVmy0bAi9myu4CHy687LUSsQwxpFLkZJ42LdP7XVWh1yXRsU5tVg1lP1_w7CxkS9wIhzUlOo2ksdLzSAFOLRo4q38liv00YkNqlGBvOVLqroTMNn5IL7-jhbht7d-EeXwc_MBQkov6OzSBsH-hDHF4V5Nia43pXCBPfpLA6ym-H8pRVvuGeuGw5Dwol70sZq9TWoAQRpDD1kXiv-xy4GfpbWNWWuKnK23RwyhPQ9OYrJVDy1AJf78l50nNfNUlMCoav4_3Mzt4iaOIHSIaLlxiAR5H5UKOO3b8VzcakA0kOMwe5AX6OXR4qjAVDoWBYL3caMw_4ddUV_fLmx4Hty1hxzKCS8QxOuGY6bEX2pFnuaynzeQ,"<a href=""https://maps.google.com/maps/contrib/106532903345242186973"">Yello - Cafe. Best Cafe for Couple, Coffee, Breakfast, Sandwiches, Special Occasion, Kitty Party, Birthday Celebration.</a>"
P0254,Bonte Cafe,cafe,,,21.1333177,79.0629153,4.2,,,True,,False,False,google_places_api,ChIJS6DR_vLB1DsRoj7htjaLMlg,AWCwydhnJS2aMGNsgEjjr9Csvmh627_8hiaxSi4U-afv1p5WeSjuCb88gH74WelutbLqZA0yy8y3G1RrgMU1Pf6u1SUDf6Xg_VDXZMePUqIMrmcNhVeH-5NA79yxH7wcrIa2Tj2qSGEkwyl19SY1CesXk6F5tq9eXJrIGtEXKAsl7Ru6tEcHGPRb6EWAoUitKCLHVPmBLw3mGEJAF_J_lbcfAEUGS5k7w85pkYH9HPYjsMnGROuQkRHogIIbm22UizMLL6tupbudRAkDv9gtvJlT60IDQs1Iy7Bdpb0xpB-kDFI_zkZryUIltirHBW3wJKqhy-E_T5OaXsXphnkDWmYImdlejMoAJVtYFZwhkLHuZdpJAPCY7Wlgx0zDiUsAOKR77AscJ_G1cLn4ns0II9ZnH7arXSqgGVB0WEjNY4sZpyimW_98mxhK6h3zEtPn8RL6,"<a href=""https://maps.google.com/maps/contrib/107018565246690314609"">Drashana Ghatole</a>"
P0255,Spring Valley Nature Park | Water Park in Nagpur | Amusement Park in Nagpur | Picnic Spot,park,,,21.4512731,78.843192,4.8,,,False,,False,False,google_places_api,ChIJc2FZOtrj1DsR_nbztz55P34,AWCwydhJkHVilRMLH01x4y2Emu0SS4xha0Cwnha5siQA0dGrxLTvk9Ot0Pdfi1SKw4ZlEibdf5dtCKBM3CYmalsd3bpuFtrEoxspiCjffas6d5nCDZB8hrovMfktuVGnpvWX-1F9ucdvUouUffcFOkwYPNBFvpNsa37e_3twOLCYeeOdsimN8va5smUMeCDxQr3KKvafaeZeQOVGW_3Ss-v6dwG6tUqUnXeKLk1DkHnArnytLVTGy9PmC__-pDU4a9NvcytURkleZZeMCLCtXM29E4WP2MJa_wIaLkLE3XSrppmFF8kD2jOyCZs3Hn_sifH_2NLQrXfF6oc0eC_D6PChuKIrRkG4YeQMJv5uYRIGbTmGU2bELy7lqvqhbQevY-dMU66X5bb2izlOz49VmcaBps-sGhYGn7GtqO3VvNqtGrEgMg,"<a href=""https://maps.google.com/maps/contrib/115176756327273408239"">Yakub Vazir</a>"
P0256,Japanese Garden,park,,,21.1621487,79.06574140000001,4.2,,,False,,False,False,google_places_api,ChIJDyuHRv_A1DsRKzZFmDJPg7A,AWCwydiounAYsQ42q7O9v6cy2X7X8w9s5lWuZiaIhqEQQnn-AJ2afCSkUdEFcv69bhiM5cralbCoRZ0EizuNKEG5dMBt1Gqxdv9937CbpBYbWUvwxHynDEU4OGV6ICHxI4cBvgM_qsswEHisZKCQmkI9eUfwY7rOpOEXVCtWr_l_6le8X2-wuT4spaqVE7LqUiArjRDiaJCJy1EIaN-pY8BT630C8NfiJGzyd75IEwebR7IPjD-9dblM11XX0wCeE9utVkrBmyl1LwDmlH8Dm0eMSx4WD19gta7Z-ZCSPxdfrY3a4A2_auQehBUwYHUE7uInV9BsJ9Sf0P1WAiW7wcjal6MDSTFxn5QIpSRb0GDN4Ejgp4C7rYbnbkHGFT61srHSFrbKRFEt1gJ9YNVrfyco2UmGay95Nuber7vGx45_4xqj1RD9,"<a href=""https://maps.google.com/maps/contrib/112710679619630296518"">SN</a>"
P0257,Xplore Trampoline and Amusement Park,park,,,21.1458511,79.0038247,4.8,,,False,,False,False,google_places_api,ChIJo9pBuLvr1DsRA3Kv6a21_P0,AWCwydhUBxMVQdxXI2qRAmHPjgoiUs1m5KyFWjAeXYzYKSkWThQwQ_Q0egMYQQT2nma-j5sWl0LhyF0eQarWRzXTyxQi-LcY3zQz7JElr-5b7ezFDs8Skj84lAT62erDMNs-KOHEAlqtNGTKObd_hM0JKk1IPb24OHk1E8QNkPXjxaznCBP4C3Hkyg8SLRDyRzkTOWTeox0hgTCyq_tN-glmynDxHOidsqm_IVyE15iFGXFjctjEGPNjd8L3k6NTa23IMTMDksUCvO6dC1HFMnI9TwTYNptVVjaxWc9_Sq2Lc5mR6qZVlK7VUdk1ePH5ZIrefdXlr4LtBLkE0UFjwK2WlNbUhK5ZP4v57tNQkMEX-z5wcUp0Zi4JfrSdPQljqruwt8xvwJKbFfTmBoRIQ6JMmkYdmyvxcDvWnKbfJIG6TP3AOby2XSPO1Vgs0GHcbrSU,"<a href=""https://maps.google.com/maps/contrib/115371227780880256339"">Vikas Hiwase</a>"
P0258,Kasturchand Park,park,,,21.1538632,79.0825114,4.1,,,False,,False,False,google_places_api,ChIJzX1z3ejA1DsRag3uvKv2N9M,AWCwydjAOlWrL3QnoRTbpb6xTF5m_EwfkAQ88XGC64iOU5X352fPezNJlXTEInKVtqn4m0YidF5WDJU2CM5njHu-39AqO9RkHH_IxA1N2XR-aY7QeLJSKpaOOHMhaD20_OQCWfQ07u3bW-9lmKXq5XeNsR-zR39WNe_bIM0jmyetrLqwVl4PdvyfylkLG4hkcg2nBwTT6FJkhz6RuDFiN7xweqvGHtnW7aZPx2RwnXqTOCKK4NdCMeOZHB1TcWpYhTzJxWC9zx4oDXU-EZ2Q4w4BdJu0KguXgcexm4lV1JFZRCBZqo5Aak7my2iZwBmY5Oc2lUTG__RNi6xgVR90CwdUWDsg5VBALWkums4xfbE8Bqb_P02w_QgHchB5to8xbckBxZo72h-_Rbih3fXFdbCj-WyJseT3PpC_bqc-A7EDIlE_XhGA,"<a href=""https://maps.google.com/maps/contrib/110347137294698435328"">Arjun Patel</a>"
P0259,Shivaji Nagar Park,park,,,21.1379538,79.0555014,4.4,,,False,,False,False,google_places_api,ChIJLYNvY2bA1DsRgQEC2k6nnlI,AWCwydid_RFAhMTNFXSbMsJxtJqxK2Gn6ivEVILpV2eoNYtS_Qsh1zAYTqewGTxeuPy0Ir9fxmRgmwftCbAgsqHcfnsvbv7ZSqRhhPBJsD1fsCUY9kWUIpk4k5bm5fFoPU6VXxB2OG4A3aF5Jfuv7KhjSzXtGrwAMUH2Y1gemoyZLp2Ko_1kLmm6QraerexwTMbf5jPLwk58J19r3Wbld5_3UBUIi1dcPA3w6tqf5hNutZA28ofG0a2lEnHDz95AfIUl4CKCSvxBitQhb7LfpYlloyljtsxDrF4c5EC02v7oDDW75P-EdbK2ZnutPJoZVNRJZ7_m_2DjcSH86APhIvT6YkQkSmhCcDMQViOd2cruEnWlU9F6OrXjd5MUAk423K_dmd4u6vWQG6Cf9vO5N02rZxx5cwNqabJZSKN4qtpmJ8x7Vw,"<a href=""https://maps.google.com/maps/contrib/107002848305105688351"">shekhar galbale</a>"
P0260,Dreamasia,park,,,21.2436875,78.7103125,4.4,,,False,,False,False,google_places_api,ChIJl_LiDWL31DsR4ZPI5YD4rjs,AWCwydjWMnfHVzAiArslIC5jGiYi8cD2LepHCbNLbwcYYZZgJcebP9WXL2sq1nI7cKOAAGjWCS0LZTn543ljsjPTNnY5V6_1qYpvaUzjR2VH-p0z7K2SbYYD8ONdC6JFKw9k9zSS6izpVS4W1TvTEeGNzitSuSyLWZU4PYO2PMHjbRyVYbBd8ONUskBfkLnhlVRnyNqfhS3WV5-8PGUeJo--XN18vvVLjEtUGXBkRfAvVRWMTw7q7gXhKYm3xogJYWxYmgTAdKtUu0InHcl4L_51sKulc2gwlL3DLQcfCUQnHdo4vWPY9FELlBJ25Zi6frZL1DzauawnoI6g_Hre5K9jUnTmbdFQnthZyZqsB5Fm2ahhNKnwUmcg3rB4GXUUgmZaLxQxPqg5NP4Ar2T-Fkeg_g_-TgssfAuYe3AGAOesiG4JndrLKSR28daUIlyb-l09,"<a href=""https://maps.google.com/maps/contrib/114488506146785657326"">Ranee Dongare</a>"
P0261,Ambazari Biodiversity Park,park,,,21.1225159,79.0123023,4.3,,,False,,False,False,google_places_api,ChIJq8aEbCnr1DsRNPbzZWOaQso,AWCwydjMQR7aHHsvR10hDsW2Hsu4TUXsC_Hb7ZymQMt3u9EN3Zm38sKTAvKYJJQ5yG8iyrm3ko52mGzUCozVIj0aW84_ULFk0KbWbKxn6pl7OV7TZ2SY3MnVk2DckOYDYUc7Z_IYrbCVb6APqpcH4tHoKc5eXAzKBDipT64iOJG2s1GSM-A--HsM9yiZHHcbp3eB7WgGwObEHgHEH3pLVjOc40knssd0PWPyt1NjciLO4kmxCoXIeAsXP6PvxTwlJZQO_T9Ud90Jp7kCiLkzT85OZEOP8i6p1FTkNVKA75ffdqtt77W0gErrFUOBcy_3WVMcafw382TYkBXx18VncTMfL85IENIiVXhBqo-BrFsVTToSw6NMk7rH6fMxxWA28Oh3Zf1BKtb5IiV5gtR0yf-5FX2-xoNdzdG4hTlaPYjsPwpyaYdU,"<a href=""https://maps.google.com/maps/contrib/100798393236899222624"">PM Velankar</a>"
P0262,Shivtirth Best Water Park,park,,,21.4287088,78.8149249,4.7,,,False,,False,False,google_places_api,ChIJMxBNluD81DsRNqi-fcWQshA,AWCwydhyUqo9fncCnXLjZL-4DOJUYkx3Nn7LVGXShJ-bpMeMcWwf6XPdK9ZbMoU-Zh46lUxVf3fNMkdjSJfzylQpSnAP4IXc8jKhi44eKjyfiL6mGUocVN6CQ-2rjFn_3Xl51YuSVFTkRcvB77XNLTEB-SDvHEtz6-5CyzT9DtYLiq3_oDPvvOPvQifZUO0hNqH75-97A44iYgE-FKTjiUQZ0BpMMse4KIGna1xN5e54D-1HyFejkjSa38CNHZlcqk-GfSUOJBQR1W2Y4gl3Juw-x71fEcPLDoociM6WUpvS5aT63Q-JmpKdDbDM2_Mez-L1M34Z0SPnIApdxkb38WoPFlYTV20ddjSsIu2lIlX-kctOTvOoTHIYnDmXcm9hZ7lCpBl8GgQpNueWUCB9BLJ8C5js5aaM0IVaiAzOVUbq6yiMD1jo,"<a href=""https://maps.google.com/maps/contrib/107357266473919943071"">Shivtirth Best Water Park</a>"
P0263,WaghVille Waterpark and Resorts Nagpur,park,,,21.0752818,78.7670727,4.1,,,False,,False,False,google_places_api,ChIJMQQ_v5WM1DsRmqCUyoUwopc,AWCwydhhsjMHyqrALbzrGkrIEy6DpFjzQiPIavvEd5ESjEU7Lyj2vulSgFwhzn2s3EAc3e6xlkD_WXQbF_nviA3DdXOk5tKoB_ZNHWJ87xL0U9d9dh4VLLdYs6gtkuLp4Rl-j7xR1ILtbb8UNgjsyONjar0KKSuacDCzKyXUJMIuNkaq46xH9zdjeTtdy-37JAdSU-X1KX9zHOoY4BTGQQlManlH9RJ86SsEm4DyfmWTfLvKQSpiw32nMK4xx70X72QuWvuqj7URSuY_UkGkD3UerMg0pGq5pePUbSKiWS0h17nNnDW5FITG0002clPhzIULad_oY-DVk4vcCYUdK5J52sRCDjNBqe7ckVwP4bEPd8q5cxrSxwvT_FPfiWoRkVgtomlqh6VLzeF178OYjkDOHwliZMparf6SDa67WT1k6SPM7boEw1ESLWYzbkfOCv49,"<a href=""https://maps.google.com/maps/contrib/104932162579957124048"">WaghVille Waterpark and Resorts Nagpur</a>"
P0264,Krazy Castle Aqua Park,park,,,21.1282952,79.04622119999999,4.0,,,False,,False,False,google_places_api,ChIJwf66NXLA1DsR03q1hXYitpA,AWCwydgPn2_WE_GGWyAjChGNH6X3ObW9dc4m5M3OD2qvoZqoSnfXVLpi3RjSToL3SyRvQZ3HicKxf3qLryaxolCDYcXWqQj07HC8RwKm7umAKmQwGtZteqDB-OmGss2lv6sdix7FGXuLn2gD_M2E5GnebWsAgAu4h6I5SAc19SvDV9aTp0Y_0Gjo_NYsmursse0D5ULARUkPserZzydkGNLJ19ruHfao-HdyU9-ascZlfSHrUcXGUUHnbBTabm8l8fMTFRSpxXVHk0L1Ujs_qNmCOVz3jc8EuZKzji35S5-m330unclfBxvsv-yN3TcStpBLGZGhkdo4HnYviTu9UgR94k5XAJnFbax-CbIzgTH43T1WGheutEOH9qf145ArQVdEnEOIILtRM91HFlecsULY7tTzI6FFU-Bjsb7kXakzNGEEiA,"<a href=""https://maps.google.com/maps/contrib/100014454794861294014"">Mangesh Shyamkuwar</a>"
P0265,Ram Gopal Maheshwari Dagadi Park,park,,,21.1369348,79.0759772,4.3,,,False,,False,False,google_places_api,ChIJ____C4nA1DsR7wW1j6HGvbw,AWCwydiEiAsfx7Xx6_0XrMeo7Ni5NLnO70x3Q3F2Us7cTqvrSnbzAe2Mt8oixb71YGKwRz0bofk4ZlWYRDJ4P5euveYNUaTTOHS_WPq2d8DO_KgdBB3bfHMl-HdfIcoZVLuPJ8AMv9hx0sSbVaknSks7-3YEpdwCZJFbWZF9gECN4RcycGATQPXQ5YVl4XryarZ36QLvvXRqqhQFnAkINRX-tvAoLiDb1CqNxAzrxvvokfkfpqCVLP46TuEcKFJUuE0AUrJy1RJfddA0z_H7hOwyCDRrkC6TdX_lth6BFqdo3ghGRM5K5pwku0i-5XlgoW6JgaCnshXx08qxuTYJh7R_iBAfq766Q34FJuuGbhyzF2jeunDOMX6lsO207T0loExqu97vuRE5HU6SodjgEovaaObh3GsChN4cYiJtMBqyOWs_z7M,"<a href=""https://maps.google.com/maps/contrib/104366547788183980142"">Sandip Rahangdale</a>"
P0266,Fun N Food Village Nagpur,park,,,21.1338469,78.7607406,3.8,,,False,,False,False,google_places_api,ChIJNwj-xG_z1DsRS7nY96ESOes,AWCwydiB_210WAecnPeLIpbb-Aafp7e9RnmT5uEfs5jgyPImuiyLmuwopCnR10r4VgM1Xwjf9PClTjX-BkREiiGbyebR-BsKHw215TC1N4PQjmsZmygRFOvCH8-oVjKYNMzuruYYRECR-5pSf3h9udebcdyjfmgVu82gdRQjbsSPYl4AmaOo2Ws00K-EUaQG_KSQ-ka2emiu6j7RTyxWP_jxC_LSOV-LclJLmqHqGHWYBsgM7QjRL0b3iycFMOVqLomsrOtsNW8oAvM-peTU4pqOiAdwtEfXzYjO7BMlaHvxekAQrY-2SrMQgjGiCtvI4ELxr0LWaL49u0oplgOtO7kDpp2ZRiDQPxsGPoLm2oSjUhwrkTGDfo9BTCobDgn-ZQX2N0ZdBVRAjrjKBXYDRNHMLBuWtVAXw88QJCEUxHqkjvLJpQ,"<a href=""https://maps.google.com/maps/contrib/100719657969536126890"">Fun N Food Village Nagpur</a>"
P0267,Fun Planet Waterpark and Resort,park,,,21.3383265,79.0048219,4.1,,,False,,False,False,google_places_api,ChIJncwLIpHn1DsRU_blAbz0IAc,AWCwydhp8-m3ew7hURsSCENgCUrALRToS5s2Ek76ZW40fkxBu9zMGRX-4MRszJtZo1NR06AqizFlj6gC1PS7Vq1WY90Wl84dYhzpj5CHByY1uObdpGyk4-bo4CPjcMcu5HETb0viC79nnoACqTX9nGbHFKCw4bIjcp7wqCHtOQ-UsPptZCfeo7xo--YRtaqE9V75CreaXw6gpVRbWN_whv3g_geQ-AsWkKVM5olEkjEjCV2nQqp86-hOl5pG5Y0COua8hA8SbKNTQ0__T0rjySSar4cRBR84j4avuj8_F3fv2u1SHFiFZdzUoIdVRhRVGqen2blr4sZeZfV_AKOvZIbqOSHPRKBI_FkMgpEOWUWuhVnTH0_wWb3u1dUciBcnuA6zV9mvXVjhZndCrAsybisxVo0FgWpS0zGBYrGQDZeZekw8eA,"<a href=""https://maps.google.com/maps/contrib/101189372632029339633"">Suyog Kamle</a>"
P0268,Zero Mile Freedom Park,park,,,21.1475886,79.0804957,4.5,,,False,,False,False,google_places_api,ChIJv66_hCbB1DsRIE9cFAaLMv4,AWCwydgvGQaRHaR71ZxqIeYDBxZQ82iFVkSH8UKq5rjOdmI3Tm_YB7lQxRufie_nuu6Gf8-lUJETKBkXuWdkCGRdlbTrp5OYHdb9p-rIQJZ3sDuhEnFkHMZizL0yHKK-Rs-o7oYew03wRR-i7Muibnpidqmor79cJVs4MK2IOZ1UGDF7-CJTwvjxo4XLMaYwFhpnJltdhtpkMIWupuKwu3P3WzBBv_a5X2yohD3dYB8Ew6KObqEtAs__CFErN8ErTtAnWH_0U-cg86zlifKx4v9nrTLMT6ztf9IF2n_P7R3eHrSxrBjU1MQQFIKar5k9ZveAI3EQgKFaXYWGPC30gLSUlNGrVWBOXJCfd4ySkumcy3jVdIBQAexq4CIrsbuuNHfnu27iZcnOVu28oY2yl9etLQpKCsAB1SPV21tDSNZ9qXQyXw,"<a href=""https://maps.google.com/maps/contrib/100735546357352111901"">sachin kumar</a>"
P0269,Lighthouse Waterpark & Resort,park,,,21.3900505,79.25882109999999,4.6,,,False,,False,False,google_places_api,ChIJxW1bc0zR1DsRPj2K0NEGE7o,AWCwydhrDsxpKnLiItbLfYXVqR9OcmkTZ1lk4TJZVDwx4uj6MC-QWU_0LOQH_FFjLUY-aGqfG2jB44YksaV0TUjaZG08Fl-u8hoY_35LtwHjFbJJvYLmtmi6_O0b6ACFUMUr7LUfoic8xY9KUey7ir4ArPiojBKgNgJ-ugdQqi0gcTmX4wjlIQ0U_7tM5BMZy6ywFQinw487e3K4cp_umtmaTTIhdSvuCh6__bc53nqv_rgncSfhNfr6P_VeD30xaSKpvLpMMhXa4sa27JGrriGvONQOWZny_NKkJNgZ5Yh1fQMgDr0kQgMc7N-RyuzACAgYdADi_6KSUhoN9DDVy9F-mAHi7TTffPJU2oWPH09jikZ-COUHv5cJNFL5h2TTiup6NCcbopawaGFJL6QFwvWilypyxAAaYFnWTCgx7Vzt4eA,"<a href=""https://maps.google.com/maps/contrib/105047171516589718516"">Lighthouse Waterpark &amp; Resort</a>"
P0270,Blue Rock Water And Amusement Park Nagpur,park,,,21.0248468,79.10172709999999,4.1,,,False,,False,False,google_places_api,ChIJkf3-4oK91DsRs26kWhQE4ag,AWCwydiIZYNvodbtnE-sK3IYvvCK6rCcfzop3c-1tzOiWDyZL4156ALuHImdDlrsnuCCwry0Bn4CHV9Ojq_h0kfL6f0gYeqnE1FkDvbfPtVOh6JxVuxy7OCcacPGQG678kk59J8lsR6rSW1Wci11aGeTJB5g4tQJr5FOShyEjn4b6Lr65zbtwvSjpzD4alcxhSQ0pEQr4Q7Aoy-EFsGgSch-Niu8VfgRiPq8vsRyywDZo0Kq8HleDZFRPNWNKIFY9y-Xi8d9h3vsgj1NRwRhAcmLJlQwAOJsfLMYfUNYwtrEQW15DfSa1UP4c1QRcWAmD9Nf-84I5SnuUsEVOwn9-P8oQUdtexu8vTwH6iMPPjhGk2q1nfYEtlYFE15xExFy182N-Up6m8DBIlfTHQIAMbZPWyStAD8A93N3vTqhXjIrs_4t2utY_K29ddQo7XYAjUUw,"<a href=""https://maps.google.com/maps/contrib/104185854850496082875"">Blue Rock Water And Amusement Park Nagpur</a>"
P0271,Maharaj Bagh Zoo,park,,,21.1437085,79.07408319999999,3.8,,,False,,False,False,google_places_api,ChIJXUwMTI3A1DsRitiiciWB_jo,AWCwydiYmWAZ7CKt-Ep2ZJUrG9xkFiTbjYWJNxJZ5ryAdQqLLuU5zUCeVcDSmZtBhO7PC-bDFVfDV_zlCrIKm6lKinFQsmpQCnt-Q2ayX_Lwuprta7QWsKZWVJ0nbNu0wtITnU3owkHqmwNUE3C4Okf2or7nDe4UpyAh_RSM-pV_brBYnfvrQKavry9snifec18i3ZNuHXGwNNppXHfGWPVAEBZXO8fszg7X8L2hJ0fXUyIMjW2_-NtwfoSMuM3R1jzWqxYI0dfKWN2koiNJgkrJKhKnUBjHUjSOwKrVIBQlINEIxxJFc4pb9hyx4baKBPqwTnPbaaQ2xqRXyguC4eCtjdkHO-DvTD8MrUwpfg-vXJFwbjs0zWxppAAiUqqPhMpMfI0zWVRh4hqOiXmimzIK7kchtr0WZJ8-dJasEaO2WcM,"<a href=""https://maps.google.com/maps/contrib/108466339284469294483"">avinash sharma</a>"
P0272,Major Surendra Dev Park,park,,,21.1355972,79.081552,4.2,,,False,,False,False,google_places_api,ChIJKcIgKZfA1DsR8qxz-pTumak,AWCwydhCsOTT68Um8LrgWZtUTYcBs9iLkXI3jrtXM-87A9efZgfLCkPHTUFXpRIxOFaXlzv1lcj-kA5rSovciwHeIyrAwdvmqsNj0eJdFxbR7i4NU0x-rZJ7L1XzKKMuGArQK-3p4vNZbvV9YKGAzbQ49bTpcyzfXyA7uKZhXariz4Pm2aws28Sj_EG40H6VzEQkXMrP3n1IGDU1CE_il1P3-Lt6DzpmkAUCu7Mc_HbcOAHlv41qFdR6tppmgXGr2-7NlEWnAJYwTqCUhA6_SLRQSs5VEenWaOg5L4xFJr8oQmdaJSlohmnlmI1siHlRvSkLByuh5MtFr819gv7vki67SqRzN2ePGneLu5Yep1PBvrbpKgnZ0Xzdyy6dIkUZbQrd65Fq5fOh8l086hkR1dH1vBmrycwUS02bciBVxt23GmAuvg4f,"<a href=""https://maps.google.com/maps/contrib/116746170491541388443"">Kishan Pandey</a>"
P0273,Little Wood,park,,,21.1213654,79.0244541,4.4,,,False,,False,False,google_places_api,ChIJK34vMQHA1DsRPaUaFVCE8EM,AWCwydj1PXrM8vne9sWNB86tApRw4POtBhakqHxvYEnvvpRtm53tuqeGR252SxoA0waxZssFiqX3GD1mcJMIewR_7KnqK3Z5Tuzahf2eWrC1bdsbYWU7ZZtApa3RULRHwVQcOUSXYSOGNijZc8PtJr4S1dUV6sa4a0mULjjfDU31GQskqyViCbBmacgd7YLvi3iwEof79-gsjMKhUdZvB1k5vJLG3pA0OKtxDDQz9nz6RIRvC3w0a41aEaamuEjM4w6YsCO8KpK65r1WakNfkP0JEbd9gK8K-9iPTRLkudLaG2D027J2BMUxXora-AXEivZUkGvwbIppvhF7LdqQlFEo_P2qg4Hib3au6etG59IzJ7Wuiw2NbcIQU87dn7jZpoQQmd45ixFglYWgwbUF9WbFNmutMcGOhquvXAoiRWY42g3-Nw,"<a href=""https://maps.google.com/maps/contrib/102981236448798869365"">Little Wood</a>"
P0274,Jaripatka Dayanand Park,park,,,21.1841557,79.08998009999999,4.0,,,False,,False,False,google_places_api,ChIJKf5JuoLB1DsR9AzK9uT8Sg4,AWCwydhmamKGdns7U-KRT_Ny04q8Sg3l4u1qFHyG33rDUbPZMBEepl72z5UfubbJRGQ0BFGwZlOWW5-t4tVBBMikKQho-LJCs3VkTSP7J_yaBG0u4RkmtUOIJDyiyOufYP6ZpERnxCNdWhIXJqCCaR3oigA0Pb6dLCYmYOmv1Yp4AskP84aF_ubLMvBI36mJUGy7DZgIwqcuqPHKW3dU-UHg4Ilr2u-AY5V9XXnaFdOHmcZcVR9YSyigN9kd1YWUUjyAme40mcEnoyDfoLrBRPfGzTwAFB4wNlrukCXmaGeK1nVwnsjq1BdNI0fLpyoRLafnF-5idDjnUM-ED2JJOnYbs8rWZ6JOJtfwqnuZ7aPtbu1pltUHsHvmBRz5L7mRMTUhtgyyfIITfD8YKSG58MXxwi9JpbgiK3SLrvT_gALBrz96iA,"<a href=""https://maps.google.com/maps/contrib/117444226504947719082"">vikram tiwari</a>"
P0275,Dwarka Water Park Nagpur,park,,,21.390201,79.0391502,3.5,,,False,,False,False,google_places_api,ChIJAQAAkJnd1DsRQdXVVTN1wpc,AWCwydhIMlo-p4ude2JY-PD6RfUl9-s2zcFkZQKEgphm6UdSrweKmG0i0bXRjuxKB6RUkOqmwDljspFyfhiOlYxvRDGm5fRAkB2Htx0ygAou8M5p1uuJqvjLF257MNeA32SGpd7g8FLgBCHInfudntkF-Z9GLqlbEEHtM86oz037PFMEvRQn-3uNVuNtE_6xDxSYmNOZOjW45uP_j2fazZiMzTQTW1Sbj8dJOEmEkdff5VaUM7O2egSMUQy7SqoOYRMJIH0UNJkDHYAKKcthk2NxeA5cMbdW7btA6TDvoqBjbeksfTmIOF45Pu-Le_mDLZsnMQ-jwJVjk8yeHsy7uWS-7sOTvhWl62jtarOZpfaPoGKBI1zemdPF7zcgfbqUV-SI4twyuJGXb1nO358hZpOzjW_xS-eQkDeEDkGeQpQOOsIs9T0v,"<a href=""https://maps.google.com/maps/contrib/116904722217130508651"">Dwarka Water Park Nagpur</a>"
P0276,Adya Krantiguru Lahuji Salve Garden,park,,,21.1337375,79.0443775,4.1,,,False,,False,False,google_places_api,ChIJ97PgV2zA1DsR1gq7B_99594,AWCwydj-NRSmPK8m79zAw8zirS_GpAyHxNVfk6hwJ8YKGsa-uuLAyRqWRXzRZ2JmHcHIjh4BQuOcnEafYLRezVOXLcmJMytqAkeouxQXzseNhbtDYPkWJprHQua_ib1ZN7r70-V3yYxZQvIUUzPJaU41DCR8O2pTH1u61R71zf4qa-iVvEyw8YKs1lkdB9fwGEohRJKHnCQcKtTD4nwyujwEbEEwtX8UJDsTZR0AChTJv39UMkwYY3cmVcl2qk8dqGxGtBKLGmIs2NYamCCgl3DXzRCbE3uYPU8sxLM48bNd8BdcorjASKS4EbEBkvjIlmvCQTKR1Aykb-ugMDDdj2OGkWv8AtFQdwtTfygmEMyyffuDlEA-n2_e3kGp-aMh-KCH62KzAKeWeRUi3tQ8RrAJJC2BUGE49q0Uwf0t6h1cei10j3o,"<a href=""https://maps.google.com/maps/contrib/109214701568332649868"">Pratyush M</a>"
P0277,"Sudha Park, Vayusena Nagar",park,,,21.1625987,79.0331917,4.6,,,False,,False,False,google_places_api,ChIJIUI9OaPB1DsRrCNz66KHTHM,AWCwydjMz26fLE0ka2h165Axry2QP_YpaOpYJHkFLvID1DkQTT3Vyi92NOQHT5qrOt7XIFqXF4kJXVQFWxBgcmQBexdCFt1uHxuw4SXd8YCQHisXxvK5paOubGS--Lrh71-Ocr-qbLqEUnQ5VXGriTyy3vWTWEY3eAO0Ee-7uLafEaZ__Irvk_W99rengU1LosfbHcbZB3IqBz5liVVPs-BQRiBda8QiFuh7Vr_raCuujPyK1pqYsHPhYNZEgaTByrocB-koqvQEOOZ_RTbcx45nKgQq2rxp3e4TYSFl-8gWA0DNen0j7HEI1PzpVpHERfko0CmamR_vdFSCZzZKX3umEYZz5kwcL9tGtr3pUsqtWOhqQbJeM2Dfw_QNDyrXCmE0lq4aXS5xEoS5-58hE44fPrnFuBfNu82XkXnsU3xRaT7Zng,"<a href=""https://maps.google.com/maps/contrib/112763032199924730190"">Harvinder_minfulness coach</a>"
P0278,Aadasa Water Park & Resort,park,,,21.3308716,78.9112749,4.6,,,False,,False,False,google_places_api,ChIJUwF4x-3l1DsRmdTulPOBpXY,AWCwydhKOVUBtBHVbhoN9Pn2jSSKQoTbTu8wboQSqgv7-gh7nKYxBv-LdcKKgWBvkJzRZD5FcY9SZwKiS5AoQLoe-difk0zphi4wjAGFxXKKztF5LubFdPzPicjPo3W3PvHwstfcOEQavPWUxLVO43XsmLLvygMJyZW6Hsr8zPPYTQSRtorWFfHqL87QDNjRUBISce_E8Fpz5DYAzLEfiwXv-WKWIVqEIB4Ce8E4_TWNg0Hb3eKLQgx5gl0rluf9EuKXOqhlCrpkWSIO87s3ab5jwVPx2HYTo5h89ZZWKub96BiGS_b9aPZGjmFigjBoEVigEGuvct4TWJgzUlTh4636ZC0FbfKD0JlxF1-lLNAK51TaYGC7sKXWJVETeU84qpcTMXhAMPMqZc2CPh2dC3qFQXCY1PgmP6pNYfZb0yZ4zxRxzFAx,"<a href=""https://maps.google.com/maps/contrib/101053108633534447967"">Aadasa Water Park &amp; Resort</a>"
P0279,Rajiv Gandhi Udyaan,park,,,21.1140683,79.04267469999999,4.1,,,False,,False,False,google_places_api,ChIJKdMJUIu_1DsRUll9c23xNY8,AWCwydhzOZ8unkp4URUhC64uJup8kLWVhnqnWD8OFh_R9IeB4IowN50QGG8uMt-eAj4CtiSjNHTFIuG5we0NLDgDT4IqFzHr-v6cRKOiq1qNCYazaqg2Y8d95s2Oi6NMGTU_QDbf7uubm5lFP07CMO9VO9GTrBGuFR-nrY-AOQlARSwQWB4bBbVz8ZViThG9zt0W4q9bHQo5x5yZKlXwMVfnnvzMOgdeJFQuyMX5OCDLgY56TYpty0a9rq6vnB1B7LmPwycHf2HpcN1aF3tbR-7cKdIMk8cbgQV3tKPvYunyFGxwbvlEUwTBNLl5ZIaVMN3lvSauKV3180C0iKw8LAeJyR54gED9okaG_200sgqs0R0fKxhvWiNmuU8HLSKi28geIE414qssqAIsrktfGnAd3Ef_aXP36gEJdYC_RdRUqV_wwg,"<a href=""https://maps.google.com/maps/contrib/111854416779135683484"">Bhushan Hadap</a>"
P0280,Gandhibagh Udyan,park,,,21.1514821,79.1053695,4.0,,,False,,False,False,google_places_api,ChIJE5wm88vA1DsRmsc7J7OJs7E,AWCwydgc3DUNAOu70faXfKLEoh3a1wV3ZFLOJyES5AFtFd_b06n6PmiQ-SE1-1mI5pkuxPlt5KinohoxrkMAE6IY84dA8U_lYWsbMfA-3yL9xOZqQkkIgyf61572QgsCp5EeyVFg7mz6RMTJyxcu4GB9e6vuFpJuyCb40bEDH2DbNGZoGhmZ9vUDAc_HJgeggi2om7Li4hquAqM392aJGvXP3dafqbaaLXNtwkfOiQk1WgJw5EAw9TmI_a4Z1PQi_OzSzDpWGo6sNUxzbECXMEE6ra8LHW35q0b3d_yja15oQEIdUp2CtMFLLdtdy4QMKzAEqgesHJ_4km1sP2TKTqEY2ooYawIFFQB0rXSpSWYpxSi4d8w7g5MxcFnNvYCVOo7E3tAU7kDK6r6XSHzdNUyT7xybN5WEkjir_bT6pLCYZwQ,"<a href=""https://maps.google.com/maps/contrib/107571361890379628245"">Samarth Dubey</a>"
P0281,Savitribai Phule Park,park,,,21.1445005,79.09811479999999,4.0,,,False,,False,False,google_places_api,ChIJ6yZdGbjA1DsRHMEfD52hWlY,AWCwydiFICK-MiW8EYeL7P8gU9R3--pcnoLacax6BSsRWlgsSsY9hrPLm_sTC2b21xUeWuHc7dr4Hlx5tjbb4L43GQpFKJ41yA4qgn3J06DrLAUoqGY64KIROk2yM_Yytv2YzCFzQeeKdqcbux2yYPEEnWaYNKyHu-6xMr4iY-vRLDRN54aW2qZVAcClpjjbFzydoPTNqhyr070RzVWrG7P4JPQOZ3Xb1XZuzFxIhwN-09R5GAVijiqkuzL_eDUSyyL_NvUygl6mDMc7E4wN_4H0CvRKqX5gY9AOA44-UIeCUabyJDdYGuAqv9DbCg-K7BIRVbTOe1ymmyn9zb4r8VnXekULkKbekLt1H_QbW6oh9xju4_90IFrndXW0DdKXQe8tleQn3z8LOhCt5tAHXdnKGKLm-lIHSnUZZbvXlsAdm5AXowQ,"<a href=""https://maps.google.com/maps/contrib/116829217287040657306"">Pankaj Choudhari</a>"
P0282,Spring Valley Nature Park - Ticket Booking Office Nagpur | Water Park in Nagpur | Amusement Park in Nagpur | Picnic Spot,park,,,21.2079701,79.0771097,4.3,,,False,,False,False,google_places_api,ChIJu6OOnn7B1DsR0H5LSNxxka4,AWCwydj2Kr4lOkRytOsjXyqypjv8J6R97qs9nZDyQmKfDyvi-48-iPXLVF94FEUZ9vvYblmKvtmQLFARHaczfnVTNpg3v7gddvm1oa0FiXkwweBUQWyJ-kU66dRR0Ig0mGtPhP2W3PDQBLmgDX8Mj97uqGQ54VdAa0KY-agODWcubpz6KJxLRzJ2NFp-wzObeyM_VwHQ2sUO9qOdG_UU3El251rzQlYe03NcLBPvrF8s1hNt9szYwvjonPZtRVz-EvAogassDOitlN5BLLMSdT5ls362wEU6SqO7jcbsEQ-JVBoo7HeEDVxiwpM6vzZbkZJ6qOTErGdobBMEbCe4_f4age43yfCFtUHetvkfoHDCKcHQU6Q3gO_lTZXGmNgw_VKlgF5c8CTODC_ErknNG-RQ7V4f38LlC6J8nMqPGcpBaeVGtc-DTMs0KUzVKEbN_g,"<a href=""https://maps.google.com/maps/contrib/116573355771745025236"">Spring valley Nature park</a>"
P0283,Sant Dnyaneshwar Sanjeevan Samadhi Garden,park,,,21.1191084,79.11357220000001,4.2,,,False,,False,False,google_places_api,ChIJM0nEl6u41DsRfX_SsoLAx4o,AWCwydicEbL8PNYeqThRMKkeVR1yYdw_FXq7MSXSjz-W1ewBCNM7iuYr4uF_uhOofwErw1SVmHxvoXRGFWzKd2Tr1lQo2cwrSRf00kilf-VsQ5uZTIXEEFVUO9xL1rql9lrWOVIPWL1hN523g6ygN7I8qDqhuWIn8d_eJ0-FQPbZG-LxDWtVhv2PtXf-itjCN7ts0Y8ppkMqoHJVG61RRLci5fKqeNlt7D5Wjh4UEaKXXgqrQrgl1pC_d3lRBYCmb2NYaLPSl8GOYl44hPvy_6e2X1zZHR1Iozp_b42LwaK29sJyALdJz5UUZIZ_6hrWlE0EGPiqnyKliBpoX4j4lYNUfY3CRV2Rb4bzrgZqBeAmInF8pUYP3cHGJJz4tMxJ3Cdd2lpwCSqHwUOQZzyNe40r8r-pKDPwwRQh2L-Uf7Ep3CU,"<a href=""https://maps.google.com/maps/contrib/113648510730915166827"">Surbhi Kalraiya</a>"
P0284,Bal Udyan Children Park Seminary Hills,park,,,21.1678749,79.0643955,4.1,,,False,,False,False,google_places_api,ChIJ716hm6rB1DsRXvhNE1HJJ8c,AWCwydiHk2LHxniBxaQz71Wrzhmt78zwg1xm8HdZ45oNyfknGMFT3tpHB3X9jmfm4ldLogIbcHpnpcG3oYppTnips45nUGeXHE9FVmA_c5NetB3TpmIbPjupR5qM0rRjGslFU3gANw4ndZv-0_jzsCP-mQrllXGfyVJ7f7frCgRkpPsSTZr72oMwXan76eWlaRmc7XELCKML7IWBVURzm9k0TEhzuE8APjT0r61VBgSzeIM0Jsa5ijyplGvHp3no3wkRpD1bCVkvifcuhPFn21yEqZwAkdSwwIhQhmk-SHfIbjIWjl98qN1852ZaQ8r5TCwzb_IdD2Px1djF65QpnA39LvSQ_xr-9hhy8z6VdVP0ako8tkag9XKkyW43iNtdygN5W4OBoLFH0b3ZdJ5sYXECl28N0Nl5HU1eNZyFfw8duUiUTw,"<a href=""https://maps.google.com/maps/contrib/106634756603774817634"">Akash Jain</a>"
P0285,Lendra Park,park,,,21.1355164,79.0702706,4.0,,,False,,False,False,google_places_api,ChIJJbK-0Y7A1DsRN1o9J4jwuZI,AWCwydhMmzohzeqmoc1muXKTPTTZIJ335JftSP5eH1IQ4YCmlOLp7TIHqlGxWOI1Oc4ux6J9TTXlQ9T0JBy7dCMF2MI6VnicCDpWKG6RSHbcj-TDwcsTQWjz8Ho_ZPVtm6WN6C9CHcTvGioLggYXq8viDRYKmUDAQOrIvECXBDJoVRIPRU8atN6ZF7JQlf0J19gYM2kMceWUfdvK6ZAqw05jP6c8rizZdfHRPnT6lIAF4OmhBicA3RtiR9qdghnbi5Z0TaUbLted4mbD7IqC5BIg-L7AWy5dbmNkt7dhXXWOR1xgdNJO-pelYCsBQJgj-M9Zw3c5G_2dsmvDRDarKwkr-Y60hRFMy78_hZ5TGdTH04mmT5yotWHdom9Z-g738xe0ljLNqE1SYzC6APneO8VO2kgWL7DqC7Y4jnbbSohRoCUEhJML,"<a href=""https://maps.google.com/maps/contrib/109914739903993367581"">Harshit Shukla</a>"
P0286,Children's Traffic Park,park,,,21.1404689,79.0663356,4.0,,,False,,False,False,google_places_api,ChIJR4rkOKbB1DsRsweLn7Uw6ks,AWCwydgc372YO2fvX1YDguKBGQF7eWqR3F8mDXmRwZ9DwD8d7TZaakOv4ByaRB5Q-84w5FhI5Fpeck-Zr3xxr4Q-fw5NqbRpqz4S08ghmBoiMU2CQtcEd3TMNJjI30XDYtuHy73MU59oEM5AJEJeDcQD8-swWX2aVYu-iCOdjbMGnFNy2J1wkO6JOfPpaKkaPNzXDjxZ-QcnOsxM0Ifo_xQUY5J0fdSdTetqJb1B0AczLCTHvSD3LZuTb-KhFkgEfMDVbq_joVJmtPCaCg5PZhDxlLqmwlNFQg1sAeOXYbZK6tjz7IuYhc3Ins_21NVqrAgeUHfmTm4PkePMXJgplXEAuBJ5_ph8K1HgnRRgbwrXn-Di12wxag0uIwS5GwM7Yv5Jieqel15anqi00dpaZ9Gzxwi29FWQOraOuYXEK3z0-7IOsgu2,"<a href=""https://maps.google.com/maps/contrib/109571250522981416300"">Yash Maheshwari</a>"
P0287,Major Surendra Deo Park,park,,,21.1349525,79.081229,4.3,,,False,,False,False,google_places_api,ChIJoUty0pDA1DsR3FAlPSzJW60,AWCwydiBbUsJmHggV9FHi0Of1I5lfo7Cil-iXkumYW2gZqX0y2toUwZpkgbO9OHucmWcSpO_QSMi2Ao5DnsNWbJ0sEdhhKBS61cnQAbrL24PV3ub-uNPke5NKr2RD5JarAsLlpcZqL9tncoDwpFrnYbWP9lqgKbDJqXSSn0jvzBXYH4AUVz9QRLwuwSdSRQbCGBBwG74RE2KMMi_9ZPKOZ5yhKFtdDIOhE9Wd5ABeMs7OXCOJpT0VR93_UW4dicl24tS6cjoFsFl57uYbmfSliGLeByDg2fmk2-6OIJB22VrHPWmP-DV8HJSStBzKJRHn1k0-dtYfNc_sMp9Ym9kDTjHtfiCXjSTyxAMCflRanZ3G6FFNcT1SbQKBW0RFizg8v1-Ta5-2y6Sw-uh7wceMNjSjopXeXnDcMqDLNMPiWLI-GI,"<a href=""https://maps.google.com/maps/contrib/111628806984572293824"">Kuldeep Jagdale</a>"
P0288,Savarkar Garden ( Joggers Park),park,,,21.1119355,79.0672591,4.1,,,False,,False,False,google_places_api,ChIJxzpU_Xi_1DsR3yKPwh_ZaU4,AWCwydjkvJNq_IaF-I98MS74CLxL5jxst14qZyfIMMx4APrPw2mC5MtWvcqlgz7bQKCp2t8ptUqZNoIEz8Vyc1FkiDD0cnTYRsVRuAQ2MitYIqRpvC9npi1CmuMiCF8T471C42xFSLyg3fz8-ckNsALaNM1YEMeLTHh_Pjh3d88fhbXzm0k2DZFzlsX5hBMMs_SiHgHe5CyIrcuUK6_KXmaQZstgyWWEu2kUw0kzgHh3KRLt_QSY3KwymZcnHJ1a7mXKxgJlZKKmsHVpdI7eE09ae2b7QZriLV6LhfLisx3pWoU8in2daKeHLsl8PqeccKy59-3kbV4tXgDIaTUwG_pb51kkXGBdX_K4eHYTWZog72z22-2UBvtPKGPX0J_OaXRWZGHEwb2TMgKfAQ6rRr6TYri86JjiciFQ_gUcNqAqZ5q8-rEb,"<a href=""https://maps.google.com/maps/contrib/106467555106184114911"">Pravin Gahukar</a>"
P0289,Oxygen Bird Park Jamtha,park,,,21.0218243,79.04785729999999,4.1,,,False,,False,False,google_places_api,ChIJB8yBCAC91DsR9Lglx-Rjd_M,AWCwydgljtkUUF-YZIFtA9SBsxvKXcvJ-O3qlD2LMYcaoWnPdvM7tt8OR6RsAT8s648_70btMNJonJTEeyC8ui1oJyse9XszXYGjaO71a2S8jsxhJF5lKSau8TqrKWSNOtFMFDrPLD-0MhK0muLi32EbLkuuyyVWyWFMrNQRZ63_Kakc3HHChcKkrhC8smYPQ8lqg4dQbT1CRGDYebvaGjvsdrcXJug2X-LK8zESR0lt0Lk1SL8fiQADuP0R57r3jwsnvZhAwxUxQwBtNJQhKq3ogYK4_UOrykdhjP0703o8ILcZpgxn1RUWodE7jmst29HZv2N__ZcYriA69AfB-0SSvpBDFUXeXpX-qAFNmXoT9hdY9l5F8ybmY6g-s_umHubwcPQbCknDNzkTzCNzOFGasqM28p78jzOexzKjbPNgvAOgcq65e__VZAMqwLggYA,"<a href=""https://maps.google.com/maps/contrib/112402668317180045033"">PRASHANT MISHRA</a>"
P0290,Gorewada Bio Park,park,,,21.1884109,79.03656219999999,4.4,,,False,,False,False,google_places_api,ChIJ_balLBjq1DsREg_la6WcXO0,AWCwydgb7UR5x38dLS4JxeCdEYzhinLRfRPp1IHziH-S7nD3xO2CfgiLAugeVqVrVw7snCZawfLTMncYNbyGEgONigDNtbrk3S5wLXD8MvboSWfTAmNg87c4Jbky4rBfHmX8DOJeuJ8SUOdb3WqNfkdwLNIdSnhGiKI_-r5DtPu9PsdChDLqMUlqJ6XtK5dHWJGL98twBsr5blOZixKO9O99DPzae5O_B6K49G5NDxftybLfIosLr_-90IfjaJESr0_Fj1vH2S93-zOLt8YJPnOts2rTbjsvsJsXVSerIq4Em9hlunSUd9AebKwzMANUjRtbMmT6T3vH2cjEdSApGrAKr5qQHUCQH-0LcFU-YkENN-r7Dra0FzU13ZchXa_6MmxcX9RMyEqtcDT_B0jrFGMAP8nSlcDNlXAwDSV1SGZXOVH2XOvO,"<a href=""https://maps.google.com/maps/contrib/113345922825607368664"">ROSHNI BARDE</a>"
P0291,"Vivekananda Park, Mhalagi Nagar Water Tank,",park,,,21.1069964,79.1221762,4.0,,,False,,False,False,google_places_api,ChIJJ8j8Frq41DsR06cpm0dIiVA,AWCwydgfvruOj1nOsZVtH1SNOhW821fQk0QF_GBkpyEe-vV-jLA-R9OUOukyUazA8ExfoKkxjkyoWszB9IxVxYabUf1LcMuBIcgTI5lq2F9KfdYwSogf8IAAp27JVA2MN8DGM9j0tJ8LQ3VJkNSnCwYbGmQq6ku7sybAApXqIW4HkHrrezqWm8ShdYss5W82MgPha2oAiBSDJFBCsp7SKjRVYeGg3v9Fy_koHWZS3x-JTLjEKHKXlE793lXij1mzaMAVVLtBCLZEkgN3Fw_Z-UQsUfJWaDWZhzpQY2J5YVG8VsPx3ykmgAkr7C1idsmKRhzlNq0DN0pucHUnR9wVjCraYgnAxhVEZoIs2GUOZNpCZ56IpF0JVm8HXaPorkosD_PROUsbpEMXzHnsvwFe-yqhCuxe3gAP912vbPhIcgu96IsWyFJA,"<a href=""https://maps.google.com/maps/contrib/107788047496353406585"">Lakshmi Pal</a>"
P0292,Abhyankar Nagar Park,park,,,21.1250854,79.0573704,4.4,,,False,,False,False,google_places_api,ChIJ-UyNAYrB1DsR8fiRYIAMhsY,AWCwydjwj0VhBnOHCSRbeJgoEzs7Lz_MXazQOPdinOjiiAZ0OhSwWlA8GCvwnoEuo6v4V0YTBkMvbkvGrpXHcp5MXajS1JkOERBivHOLU_po3HcPHOnRnc_RBTZypUQ3jn5V1DIEx4BBYla4sGbk6_owC67eoi-tUEZQzUXt1B66hzFoCsNK8dZbJR_Y7FM31QCfB30Vm3BErURxtfBCLEsA0qHKB5nFxcoVYlcYp_v3_ShToH9raPpNu6nM_K8gWeTTSNfk22Xbiav57c6W3csViBJCsxAGrzQupFDINfgpXjjS4RY_lYR3VS4on7OfO0YysQEo41WyU7Zg6w30MMtn3QtziA8K4FVgTswhlJOjEPNjuZoLMIrAIzHRyuJ5jeQsMx08-Orj9TO1oqPdJTVuLzyvewfSXKuH0HWrsPex7t8IvQ24,"<a href=""https://maps.google.com/maps/contrib/112362473568119824819"">Payal sudame</a>"
P0293,Congress Nagar Park,park,,,21.1306451,79.0837027,4.2,,,False,,False,False,google_places_api,ChIJcz4ErpnA1DsR6Qmgp16SMV4,AWCwydgaGKGcoERrdZQeRr6aCsBAdZSmep7Ln7Os3Yi6ksVa5kheweaOQ2FvdtUCBmKrzHN2piaS-HBhsBD9cAKj8NW_dz_tXoT_3LqXYgJxNGGYAQrghHGMNunXuzuZ6MsMmb-OtNz-TYGhNKQlTWM_JEBdkvR32ruqA_4Kv1xu_s1hjxGQFW_ZA1oCXZI2fIYemZPdzc5bw3O9cPhrR-Bhb7_ff1I4cSp51-KfRKyZY-TFj3C2UpnV81QwM7h9JS1dzMFg4XQ0AGl3ozgMPmPNc78jUbFZS6CW-zAubW2EHuhfuuIN0d25l7nuh-AoJ2WFUQq4soTSyz6IYKTaVum2yVQp26u0JS9AWvB1KKjdfo5fBauwdLn3hhHMDMDcGkOGfIxTJrnrUOsauYnXh66hAtQQDxojNyhHiJHWddFGyyw,"<a href=""https://maps.google.com/maps/contrib/108252943877970867978"">Aishwarya Bawane</a>"
P0294,Ramdham,park,,,21.3902262,79.2589699,4.0,,,False,,False,False,google_places_api,ChIJ22lCnnvA1DsRCRaWPAssO20,AWCwydi_3krIDIKN6-e4uMQP5g9CFcxerjGgw4mUkMoUGaJ--cKyWGZWm4mSNkvoL1606-vpkAE1AJLgess9XUFDrHV7hgQ9l6weBPNrFosnjK4VSrJ6h7G2dPytEgpKirOaTcLYJCs9twBLFZjxb7Roqje1KjhiBKAtn-CscSjI_DukVDB8GVJYRMmgmwSzjYBm7-fx3pbYtrw_DX2ErlTVy_T8_zG2bBenwwaB-JYPnzv-fm_iDRprmmCZ9lcR2SnYbcIVohlwQA4TEgDOf8Lc1wZoqHGbhW7aN2eTO7pN988P8rYwH2lHxnBE8OHhxBMgiVINT1r9uHtCFrqSu6zhsJ4oU3v0vqtM2DZe9a_undfa_6x-oxATe9aLCugYwziMHIz6yo1rUgHyxpYUWXiSZVuh8lDxXSYs0HLV7HbBWxYrQw,"<a href=""https://maps.google.com/maps/contrib/101126781235120470106"">SWAPNIL PATLE</a>"
P0295,WCL Eco Park Saoner,park,,,21.365507,78.9265143,4.2,,,False,,False,False,google_places_api,ChIJIRnyxSDk1DsRGhJAQ5G_Bhw,AWCwydhI6h1Ln0fb5uAhMN_3HtUW23vyxbNFBdla23C8lVJA1UHrl7X3W-cbI38O2Utyg-V_OJiLJpqL4vZjZtUVi4FAuP4Q0p7kvB7LKxKlP1Uf1gcsAPXkODcXnX38ksKFv5qGiXqv8q567thlWd9kZaa9n9gsx89vFZXoJbtt_gkkfAEJZhRFDJc7-sfrDL37yzMs1R4jhUnl4pwH-LHFVi61I-aC7GW6XV_-hUmkOx1JzWbv7IViZe-zy1L3JHtogPaAb_qJ9M4AynOY7Sf0OMxFuWEW5kFVWGz6608sV9tuL6DjGdleYU9nxfIU-hGU4MTa9inQzhdjtRHjJDSKR1jtZRXXTGcSd-tHjy_Kv-J78D6tjaj2wjBijGGCajr4RMo91e3i2sgISuR3d560Dv4GQuaP4Bz8heqDmnHHMaE,"<a href=""https://maps.google.com/maps/contrib/110842628124945189409"">Mukesh Sawarkar.</a>"
P0296,Buddhanagar Park (Unit no. 1),park,,,21.1722538,79.10245499999999,3.9,,,False,,False,False,google_places_api,ChIJGc5jCinB1DsRG9QQuGSAz0c,AWCwydg83xn4SLtieehMw6QzH_1nvJnJK8q_c36dh4qOoVRH4b_Jy6kn5e5fXV_PWTunevBad2YdBe73JVe64jvVSEgoUbibNFqQ8JWyeJiHieP0Gp4RHi880pNdpcv0mtqaM9qmBdcdmUMAraiSbnrJYa2MWQFWihhd8ah6Qpa5Z3gPbX5Zt-TrIt9kVZL7Z6pfibjdtbz9pzfSpU30nJzDR96QAD0viGbMntgoK8HB4d8IlxWkIZHObicZ5IG3Apiu7QS7JVNOQupKSLxam5G1lp7B2FIk2PiuUu1klOqEXEDSgWmTwhhbR5TJ31WBi0KQM6jxbqwCKwFbHu9ypcsLeKXiqY2oI-ubdVCBvqbNBkyDMHlPsbYRoS86A2S8ZCV7mG3VXCOnMmNPU7c5ugKDv4_psD5bJ7fU9m7_eJZ0VRvy-p0,"<a href=""https://maps.google.com/maps/contrib/117575272656155506932"">Aniket Gupta</a>"
P0297,"Telankhedi Garden celebrations, Nagpur",park,,,21.1549708,79.0509397,4.1,,,False,,False,False,google_places_api,ChIJsXSBpkXA1DsRLSde3mUBHPQ,AWCwydiTeiYYpXLgiSBvtgIPNdRpym5FJTrM-wo0eAN8U-zCyA8u5FbxGiokIa5YOdxGZT9YzWx2YTcj-nbZdko3ix0sb0rfDBz3p0GYpsUs0cyE0i0wFvmfR_gP8WylENMyslO9GoLcCZf5rKO9ZvU8gWX5JxzZoUJX2HDuyho9gEELbxui7U16NqvGQTekshkjk8PKBSIZHR9AuUZltlkeANHFnDUDsTCCMKdNo_OR6z_j8POy5M6drqHJ40gJDQhJkKlcUkEXyptvbBC9Eu5qvKlhT9xRHZt2i83GwV_cw4Wi_XHcWc9StqmXX33fr03UCYwIsnVhHpKUs6yi78Y6pkncr3AuiTDisnm1HtoSDS_526s0fgOQ4Xa5c1__RsJfi9SYmnhKmXn6XSqqs4RyK123ft7_OXjutpm56iQHfAH1nIr_,"<a href=""https://maps.google.com/maps/contrib/117064852344975681966"">Telankhedi Garden celebrations, Nagpur</a>"
P0298,Gorewada Jungle Safari,park,,,21.1942438,79.0102922,4.3,,,False,,False,False,google_places_api,ChIJU1n6dNzr1DsR3Wp01lO9lPQ,AWCwydh-cgafx0MimKVSZYrAJMagEhLtmfP4NUdBWhNwgNx8Cxo39dA09kBzfrKNO8UFZSioBEkQsULOs6x84yjEWCZjd0WYLHjTKDHrv71quR9MddCyGq1ZBvXVfR73cavvTyNHi-tXpbW5cYAUnqfJA2UsruJ6GKjpwrFb7v7q4CRMwbCTGjsVnhT2EUM0I-qRJx7J1CSabMBYXgrn7l5UwrYjzXb27LzwjJhsZ-qrdWFlOJqPhUzV72R-YjifZMd5eHL2GxRbZeJZgFk-05lU63xYv2U1_cDYxaCxLXyPGCJJI5LnNCPgBaAxAWUEF_PGg-Epc_duZBh9YpIYbkGUwE0KLjyEL3CcbLqwg8iq1HextixKKKxqBGRBr7MbWd53NaSTooPSavgCnvEBn4oqn9BLkLlQMQJgNpahlI0wLdTY63w,"<a href=""https://maps.google.com/maps/contrib/110179114333715411949"">Amod Rode</a>"
P0299,Sakkardara lake garden lawn,park,,,21.1205987,79.11450889999999,4.2,,,False,,False,False,google_places_api,ChIJXZwTx2i51DsRIVmzVrH4C6c,AWCwydjifG2BFc7aBHfvAqhn041vhpk_NMWzQOGupfyQfoNMl-Y67bbR9YOPxMLbln4WaKM5aUdiUtnfRnyYAAIw2MwCl8fUgqOaZtOZcUI2XcmlENsheoIfyIkasFHAo3FbXCVUun6UO5w9in6EH_exQfCJcyJZ0g4u2ZeFEU3_ylYcvkcWbd6WWu0QlD08i8Uezy9UrAjcXbLr1J1nRaSb_6NESG1Gnrj23f1GzuWoJTj-y5tAQ67XsTH7ubBhbpU9E33QY5ESANnhQzli-A5q6tU8ukn9Lxi-7l8GFaSZBu6sot2fnUrYMnZvsOqH1k0kdOllOdeFn3eAQYF-u9cHhI9iC5RhaNFsJAeyabVcNiWLnCh7lsTHJyn3Mf4ag2YBOn4XE9mbYyXJOtCl10y-O8_4jsDBSbbT-1RO0w_FyllstsRJ,"<a href=""https://maps.google.com/maps/contrib/117586640239008190017"">Sakkardara lake garden lawn</a>"
P0300,Mangalwari Park,park,,,21.1659604,79.0834266,4.0,,,False,,False,False,google_places_api,ChIJ3dgQsOHA1DsR5AP-Yf3Bdmc,AWCwydhoTNWLRvoFTCUXWrnEiGwR5kN0Pxo6O8MzW-kPXclclePOPtYHLmNlxyWaPsFX5VGpwGLDc9W9kiwSj68Yg8KxV8cPIzDgYd3qBGRkiMU784tkS5VCgduFDtw6rYXwReVJ4GbW_BUkUSWqKDF6aXrz5FvOo43uyZj5-LnibMKzs44uEJhe8qLuAQgiBIYt6wlylSG64RR3-ZyX9jhiiLSuzzF47hp4XNoTxymHTrpEC-PblwZnUUPFjV3LFKKVnLC6wfYKfJ4W0nZo_UATkAr1pVPwu_Dj3ckRZG9Prs9CLtcRuYNnNYmtls9aCeR-WI6ypDv-z-Oh9_r-RSSc7PPa3LcvJOz3SZHtrfXXuhqDvRW5hLVjJ9jtqfE2p9j4nHZH3ZCTFMPZpM3U-azwTapV6YzAPOJNBnEGqw-G0CZTQg,"<a href=""https://maps.google.com/maps/contrib/109272734773789805628"">Shubham Gupta</a>"
P0301,Swami Vivekananda Smarak,park,,,21.1246945,79.0438685,4.4,,,False,,False,False,google_places_api,ChIJtwj-YnPA1DsRh4cEWhyAwaA,AWCwydhB9oikxW0YmRY1EezqXOxGa94vQxxXogSKQETRrKJLMOqMVsqzWL_mXhhaqRWINDpnJEW3xfOE_OHoUYa0B3Oadbn9_ufVvHJ_XIIiR-AalK39Sp-D-5hb5X8Y9yiqscg7UaQ363we8fSeWC6_fWdP-CsNhrMs4TpTH5N4XrQx5G96qQKvx6G8gKwwN6i1gOhZGpHZxVySfxpCNoYCuK49AB4Z-z8jiIExYqP0uxCkQJf-ebKJAlEI9V4E8poeZrFmh_VfI1iz2G0RVvU4NFfSHIz94Tt5Dd-y6oGUDaZwIL0JSBAWU-8G9dnNyUWTOUSTfBw3ECunU0byzOs1lvZOVeGdmKvZTa9n-0eZVXwD2CAo4LCZTj3fiFfHU-Sjvpo8cK5rWdQy0A-01i32khUGhxYJItgBFsybMD1qfIiAaA,"<a href=""https://maps.google.com/maps/contrib/114826407506273854308"">Ankit Raipure</a>"
P0302,Aaji Aajoba Park,park,,,21.1074916,79.047055,4.2,,,False,,False,False,google_places_api,ChIJdVCT5Y2_1DsRu3lXZwV1W5Q,AWCwydhstzwGyoG5ipXODZrFj_gvbjlIZPP3Q8fQ33nD5mCeiGFSWYdwJp451JeZd1i90qHaje9IjdZh-6-R_akLC0JvT-Ht-puxJhMuSGXfIQYitFC4V5OQw5S2N7kH6h8SW6JFeAcG4towAz203f5GOMZmCgJMQxNTVg-ZJA3wWc1urZ9iGUpBF1LxPQ6RY8f0_tGzYSRYu0-2nz8UGPAadWulZbTOXWVh1MTGLAj6G60YdwW51p9rJMZlzs-APc6qCA_6RQ2Ice2kCW0wL8u60iNbb4bCJiJUhDTCCEkOGfMpqYfGMooH-Rhhv3kZQX5Mg7MGDGL4qEBGTKchKVDr0yyNeFk2DUsaPsjPIOMDIi05DQ281GCKSSPs4nw8CTt98hilzAd63B1IwSB7YWzk0RMiOxMBxHGW3XJvVHq8ua_7yw,"<a href=""https://maps.google.com/maps/contrib/105984799809393462375"">Musafir Hun Yaaron</a>"
P0303,Navadurgaa Garden,park,,,21.1352396,79.11837589999999,4.3,,,False,,False,False,google_places_api,ChIJw8uH1U_H1DsRd8VpVFVJvAI,AWCwydhRPH2_8S6JJnaEGXuwNrYK_JI9t9ha_DPuAHVd4R0XiqtNFcTkDMBH1HwaBIP3eMBv-5AH2KLRLcpabtREPsapvDlXHIwkkvSyg9ixRQpg86gvnjA5q3hop6keDRHYJz1B4FsRAHi4pwotr37tAi_wr_IOtC58F0rjpTQI95nlMF-q1TG0dk4Idt8yRE9DK5mg86ig_TqURHwxa_TT5pqHXxnlwozW851AbNHTCFPnOsP4MRRFzufIQas9Hu6lSZl3nYaNQBkBzDjMhF_XUcfDsHR0D89I8EFxywAEf_FFUp17AUGoBcJNr6I9gcaHLdQu_eA6GQAIcc7RbuLMq8Z1m1GvyXv0E1P2KjIluhlCQXmbxusmAeWHEsCYRNjO3ufe3YNh6ZTcznJBBR8VNySeFmQSXIdoDJTVEAfwcmSv3g,"<a href=""https://maps.google.com/maps/contrib/116143991753400700826"">Rakshanda Hedaoo</a>"
P0304,Utkarsh soda point,park,,,21.1836959,79.1002774,3.9,,,False,,False,False,google_places_api,ChIJz1XdTDzB1DsRHNboZWnzHRs,AWCwydhcUSFEplCttELoB7kkHedD_eTUvbWldo8riIRZkWRe0xbVnxMF714caaHIdfDZ9Lpp5MVI6Cmeb7m6ZC-RuP3Bewbh-X7nRM3TDnMKBdXu5iYeymCKx1WFLhVNSvy9YcU6rkMepDji5eam_Cc4C-rMNbieEmt-sqCCkadQQqP4di63Re_ySo3W7GQE3PGxd2rtms7Z9U6QPAdjDZkZAPWf1wzJsIA_C6397QApxL985uEYfX6hb1apzJPnUHvl2d1OfPLD3uAc3WtR4RWV5KQgcDVJGQ6WL9jg1nNS1pi2QvpTJFctrMEaUvncvMJigbFkEGPAM7lyBZECb-zsfV52IIc2V5f6lj62TMxvyMfK33wX1NqgO3zO8Ju6SY2j3ocYqQdU8MkH9fYOEH8KPPI0oDlmwilc5ezEAXW9-3imkdi9,"<a href=""https://maps.google.com/maps/contrib/110059548923811115831"">shakir husain</a>"
P0305,Ravi Nagar Park,park,,,21.1513586,79.05767949999999,4.2,,,False,,False,False,google_places_api,ChIJ3ZUbyVvA1DsRrcCmvx0ugGw,AWCwydgH33F6DWa3COM70cI_2CZXgWFSNmY_KU5Vny9746TozMsyQAygIvBgdlqQ5Fd3pvy4mqlKQZrb0ttoJr8sH-SUpm3ao_MH13pG_j74MflIQ5R094nBfC7twczvCA2F3KqDbDqA-nBrZTPtalXElM63BHfNbFXP7DHbKmErpn4wvVgPMs2werDUWlWHwcYJ6xk416lnfQCtUpJlxyFo_uxxmfyIQGnXGMMqKXTLwA9A2R1AcTipYYC-QxxW4aISeF5k-tSrkSV1cW9_9QJzg6MKBGWVWwS2ztTasq2n1Xyzn9aoJyADPdl8LbO_1f86uKVHgWTB4tNFdmaOulng7nMUr_nAGJyW4m_xbUQ9eQTrhlMclCrkaltIAeMkzyBbTP7B7JmIHX113o_4sM3wy9kEWnadbmCdun6LsM7vzj4,"<a href=""https://maps.google.com/maps/contrib/108476576677989208025"">sushil belwanshi</a>"
P0306,Dr. Babasaheb Ambedkar Garden,park,,,21.1478831,79.1267323,4.2,,,False,,False,False,google_places_api,ChIJYfgSTj_H1DsRGubWJr_PkcE,AWCwydi69VeALWq9cjkYmcNpBeScuvwrrT8ZYz3BClUGg5OHuIUsxDWhPFliIT-qvY9iS-e92Y_BgHsHdjwZcZW6TeT7V4RCb9xn4uMUAOF5j6_KjY__W43e3MbkASoZvp7qSa8hW84IO6haVCgKaLQmbjIgm1A6BYmc6jmGP79woQgcbtNA0EfG6gAVn2_nK7OnFH-_czX4e3wsg_AHg4-zWr5J7b0FkZG0IoxMc3Ld86PCN3JHBSC3VwFyG-wDoR7-xC5akIQvESheRQDz11YU6D-VTBLiurN0TossmpHuxlFAQnoz_5GwWSHWBdZm4eXxhc7C-UfeGNgECxXuxObmsYlGYmfInEZ3o1Ap3Z4Yl0aQhmAEjM-SeRYNCde_RPN0FLMvDCSUc_FVdfMMI9mlVKRNQaYzGBNUvdNQ0AxDS2clBg,"<a href=""https://maps.google.com/maps/contrib/106506447532193704372"">दिpak Panchale</a>"
P0307,NIT Garden Nandanvan,park,,,21.1354106,79.1183363,4.2,,,False,,False,False,google_places_api,ChIJp1T51E_H1DsR-htTPAgQBrg,AWCwydhhTgC7Y88pvkt-I0ejGFemObdmtg1U_6mpLEwcSA2B2hjnVVqHxkulH0LUhSf2ADNe3C33gwEOTOvBkP6Y4xeRFNkxFWctJA-Irg0X0FdaN_24TzPzwJ2z2_4i9A0EqOLEmGegJhBSb3p9fLGL7m-qt59TnhM2hOxtjdtLqi0pRj4w5xkneeYc5y5W4PfcDad4wQneFZ9puedQDlyHsCP7gDJNXYSLYcNjqRPOhOUhpkyq9Us6_nKUB7mbiaQELIaqvN6FzJIQI_xYMfMiepRcUxy3V_v0Jo5OJpE_0H-DRJ77o9K-L58jQZGHPqAvFt0XctLjI_AB2UswlQ8i3grCnvisnrWU8RmYOEfRBk8Sa7dIkJoq7k6Tna-GDzhYTcGF8UQQDCGS7-1s26ZagPqISF6o56lOwROho1KD1gneG8E,"<a href=""https://maps.google.com/maps/contrib/105801785128750761539"">Akash Sharma</a>"
P0308,Chitnis Park,park,,,21.1472992,79.1043979,4.0,,,False,,False,False,google_places_api,ChIJBcvOiMnA1DsRhr39Q0ZZ4GQ,AWCwydjIQKYGUjuWtkUd7XAJaA2WVe3QeZAk3saXafPkE2ULmyOnhcE2YCaWaddewCtORwUIPMDohQUogHNbYh7nY-yRC8iRgOFmfixPGEuJORkTFXpiDLBt4g-4jypGAjc23zJZ6NeGT3Zug_MvVBeK_B5Cl3bj0gi1RIGEmiKqbmYcIB7jz56DhvpM2GnhYfF9W42BjuerbtTBwrOwptH7kfdwOWx9hLvkQL8JOH6SyNbV3CleMPN9Us-hpQbKo-4YUUwFOxzThuRTeulJzWCP8dbWN76LXg6HWtJk-v81EOV6RbpPeHGpqkD0Snszhp_ivp-HCT_LbX-QsEpFtSAQXFqQu1B5jp6f_qMb-pkVIkWExgO9XKp6BSKNkunSYfFpJUW0aaZ0fTkH9-WOGSIRTNrKaBvAuGNt81dePXAtSqY,"<a href=""https://maps.google.com/maps/contrib/102593642303853652362"">surya gupta</a>"
P0309,Ambazari Lake,park,,,21.1287056,79.0404926,4.3,,,False,,False,False,google_places_api,ChIJWe_SYxLA1DsR_abVWgZTfcA,AWCwydgKByS1oVcsQyQUC1eaNqkn7cARwNdSGFZ0E6lQCp4BJZCnEyLFJq7Wkkth4JiV6OT7laMt_7ZjN7RKQHpljvSKGDkQHJ2klGZTIQ_4MgG7GvzliegZNCnDbNDKsmJSqPma8i_isKk9SoExdSrnYFC1UrYmWf571G4KwRY3llsR3tm28V8CD4jbB7M6ssFZ0bhRMgTLNlZQ3phn0OwKQlzURv74UH3nrZQX7iN3_4bb5dOKckX6aXGi4N8PSd_KE8wfNBcbV0pElw_NmKRw5cuc713flKOUrVt5HzEcDJ1XZGzrEyXZUlFJlCkVrkz4Z2fqlK4db8ZJygwqnonqQuO3vcyaidy1IWPASeiKwLXxtDmL9tKdeqRkuYRAqtc1LPpoaE-WdPU2aeF2z3RiYqgDbamnko03kyxbS4fmsUfnJw,"<a href=""https://maps.google.com/maps/contrib/101229301022661604042"">Vandini warkhede</a>"
P0310,NIT Garden,park,,,21.1108568,79.0798631,4.2,,,False,,False,False,google_places_api,ChIJnfPGr2i_1DsR-0g0a9AkKKY,AWCwydjm9Zy7kYVPkhn-da83lByK_5Lj85zTean90CSnmFms6AlBd4gKEU9r-2hLYmovgvlV3xlAI3x-jqCwrQZaQv4MOYYfu8IIG3gcyIULFmiaJJewcmlDgbwEWXNyw5CWzD1sZeoQhqFJLpdAAQCvvRMMDh0uFEtWlwWGTncAWFy4F5D8XMIZSgsfuO8BSM5d2gyzv64UijgoE_e-YlsJCWe0SlpH-G-6qgmLnPlYtmQf2Tge3P7h0yQpe6N3xJ0kqPO5xK5dV-ODbvfU1NyQty8_X6MaLecV6hvQXduCAAGIdswUYVnAdrDiyi1mV2FRT6huWYy6qu5j4LOu3xkqSRL9YeuGrOj2ejfBqGCWT3Gfpqfc7uamuW5RChB1Gia99uKdhcXbddPZFAgtJJFOpb13BBOLGjTAO6J2SDbxJrJdvN-m,"<a href=""https://maps.google.com/maps/contrib/109367507145976330174"">purushottam. Awari Awari</a>"
P0311,Motibagh New Garden,park,,,21.162316,79.095282,4.2,,,False,,False,False,google_places_api,ChIJeXLCzdvA1DsRjBP3n4CuQ0A,AWCwydhHnzbNsR5K52L6hytiwMxSBtjdKsiHLp8hNffGffdoh2f250N-CbLuNNbigIIu_5DZyFiDabjyZj2PVYIY2ijJpdcLy-c6UHrdDcuBhJUxT1t27JGymHFwiVBO_MB3o4QNmgrUqKFBvB0R44LmhjeBD9wzPSYJkhW4M1O3A7Ui5CFjyNSIcns1NSSDIKGwcJsqZgHjJnt_7-pcgmE5GaHn-L-ygSE1CAjvQ-gSdlClEKIWMmyo-feniXHQTODNhngoLYeRKcc-kaclj-rzLaqrT0VtKPvZVfCgyMy_S_axQLLfmt7PcyPttUZqXAmhtcRorNvEe9klO4V5SWYL4uXkvB1yTxwW9fqrjb4dqDTXfH7LbLrzalp9aFHDq2PGq2M8Ty3ipzCeIeuPZ8-oMpvijg16J9viDNP-GwbiAFI4oGou,"<a href=""https://maps.google.com/maps/contrib/103723635886662696150"">Prashant Waghade</a>"
P0312,Suyog Nagar Garden,park,,,21.1091387,79.0822747,4.5,,,False,,False,False,google_places_api,ChIJRyO_FmG_1DsRixerqKE8vV0,AWCwydjmt_2jSA_qTHnIBcXjz1afcymXymreDLxi0lj63Z9lApxvBq7RswtkBKRYB5WZpR33gEKZI7hH5t_wwIMmSJZNJlG4Z_DgRiMccguu-QLfqfYkcFvQVVxCf8Nz66RUojo65v-rxBXwoNbngD4u4QD3mFLRz-oTCpBWBt0NkY8QZ2QI2oG5pW0Gp14ABqZzd0Rj6t5ULrAzl8iOoP8j_BWofjHRFcPX9V-wQbmu-H841xhH51BijjYcbOl9Nvls4qypIpn6oCEan1ZDUfWCwrYkmHERAX76_X0nloz8O-tSp4gFbQg1vmDb6WsyBvF4mU4tntQyuukFUCM-wbdn1ch9j8OGQ57BcyxzEsMX6JzSvT6rMsvsL6GhFTfWEHE9Brx5qBeXYTXyoVJA5gAcYObxIVnmv8w0XsNI2E8oLR0w4WM,"<a href=""https://maps.google.com/maps/contrib/115279111910607367017"">Manish Sawai</a>"
P0313,Trikoni Park,park,,,21.143267,79.0622988,4.0,,,False,,False,False,google_places_api,ChIJJ8mNd2DA1DsRYNkdYBhZYsY,AWCwydhUruh_V6PuASeT-JhppgfRoDelfafktbgnjJbxQrad6G8x60H876e3Qgh2MZW3m1U4pcNUOUQsxGGwLeVqdgx8auTJPdUwt0YoLYhPYz1JXahW55vddYLeA7T__-GpWu20ECrXHP9OP0VlMt5fSemxjTkSf3yAXVY-mKQua-HTFcTvkv29nP4-BTQZmiGVFnfW1ut53W-pVVpB9kJbT0mn9m0Hx9BNi2BpGJXB8mamyJfN2mw1JTAD__f-pFzv-W_Fsp0nVWhV5t0pInlzR3hYNC4BSfAYHnihy7-ytBWm22-z_ALM5ST-pqE8aO4afumrNN8ctXE-0nMHMptUSYM1GVU9Olrdmd8n2yRSQAX0sFI-Xiu8USHdCxpyrrBMSG5nMs0x1VAFvBl1VHmSiPz31gUhoD6yTAqFphS6groTXA,"<a href=""https://maps.google.com/maps/contrib/106728400957137793415"">Vaibhav Amale</a>"
P0314,Hanuman Nagar Garden,park,,,21.1290699,79.10176290000001,4.1,,,False,,False,False,google_places_api,ChIJiS1h2q7A1DsR1qg-hS0Br1E,AWCwydgvKPm2wcmLsU9wnkVGTuz3H85f8h-SpYElgJnpTzpwTGdcnZ7kYAkPDopYXHcHG4_hk3HzcIPLVln6UZzM-aIDX9YRw7Hy3EQAswUqRVd4W5x4XBuvPnZ2aR3qQ_3ptgOhLPmcnU72qfRcchW9oYZvtQXbQXzqzgyuzqkZVOEujyKtblcdqD3XeLOUw0yR5mFoQIm3wHbV74YSB43Kkzk4GaIJuASc89_-14BYM_ojaAwzvV2P46ij7_0b-EZ_yj6QFbvlCygmvoejBNSjT4_89cR6iPH8LUin22X7LyirIa-2S_mM8zxORcqqV7CLmIb9rxpcsM7R9lgeXRc9BnSzLS6APU_raGYmZorBVi6eIUxBurhaGcgcJbD1LG0zx348FPFQ-ZuIBoaLX8_v7yIQxna3GuoLx0FVfKmVNVi4_qE,"<a href=""https://maps.google.com/maps/contrib/117233197816301167250"">Bharat Pise</a>"
P0315,VR Nagpur,mall,,,21.1329608,79.0965008,4.4,,,True,,False,False,google_places_api,ChIJ0_Em_nLB1DsRaAn_dBP7Pbk,AWCwydjdVBXFFXzDVWrYU7oBfTZj6nkSqGnQEhBtBfmnAPKzoOV6qr30ejyyU5asNdZXi_JGhL-NXBLh6mC6T8zdzg140Veyba7QffFoMmo_5S2DqzpiDxQ3rlIUjcQytMseqOwqwhOAj_-zbwr_NOtLiNyqcCWJIQTV5MqErHRcRvHnw8ww5o8M2GG5ovPBLLZSWawQ6j1dDcCLoMu-9vvUibVh6--BAH3m5_Iz60c0Dp7ROaMYoCaKGkyc_isazpuLue8eiCpb19gkC8TSqIK_B_0sUuDnguXhe156V-zS7AHx_jPnFoPpQNWO2AX0guHMm6BRqiYnDjSKZboOusxoZ9pG26Q3UE-4n36fXvzJkhf5BLUNV6zvE11mDqnTQSJkzell5CwDMycCO5rpNvt64mc5PBCUadm3eOXkXOx2O3kj3HRY,"<a href=""https://maps.google.com/maps/contrib/101960897262337928886"">Akash Somkuwar</a>"
P0316,Empress Mall,mall,,,21.1482519,79.0932438,3.8,,,True,,False,False,google_places_api,ChIJ8_cu1sbA1DsRAtVhxAlYz2A,AWCwydi_XKBeHOV0-VJHIFGvDCt0GdgMWiNfQxnzWENtOFi5-bOtGnhKIWqhDchkQbIIpemqmPCZspvp5pGwkP89xMlHyrz7VQYfEq0Q-c6BDO6CjlwQ6s0piagAYnwFFIXS3e2SjbrwnsOJcPVUyNyHY7qntoWU6g1RdBzsehgRniWcOhhXQIEa4vNEHfBhqSoQ7p09TPQ91hHRZaPrJqvMAc17Pto3JNTIl6dNqjqVGH8_ZadjWOEsp93fkQPM572JhW0av459gPzn-7o3oNG8ZuT0n0cKsmhk7oKZl27TWAQA95RLzmbX3H5KP8rhSjzmb8UE-rCtOoW4OuKoaMMm6WGLR_bg3s9VAPw6g_r4IPR5PX7xQge0ftH_Fq-SjG3nv3VtJnL-4U1XwNq5nQ5rOvH-_HxfLxISQczmAoYj38DKOiU,"<a href=""https://maps.google.com/maps/contrib/113205582502971764669"">vishal sayam</a>"
P0317,Eternity Mall,mall,,,21.1431738,79.080315,4.1,,,True,,False,False,google_places_api,ChIJq_sDnZ7B1DsR_M_6Oyc5wZo,AWCwydhvz8UCic-c037RywkBafuIyxPuNZ9jlXPQaJaCwJzB6HBFlmjDYZtPXthYqif2RQ5XmZtRwFFSS2ccaZ1rDBl_BdhF2PmTjBlHzZq1VSc6nJ1_Wsb0i2nTEUmQiEf6N8JDABFxgQFkgSTs_-FPDqyBI0yY2UDZKmZew3WTli-4q2tDmoMo_N6D_hyKGics6izcT969fuOm22qQ0Gr98dloW2gjMsfxDmqD2cxBOId96RFYY9_-gvEdIpQYou8rr2JQXi9xEwOMdlOY8OF_iwzBObRUUR55eA9njrbkDtiQL0df5GARNxZsBBDT1V7dsfdCcSwK4tdFDSdcvIiT0K8xw8IM58SfM_Sc_7SmF50aw58743bgxj1RWQoDrl_x7sHqd5iGrRS2KKmhn2X17VyOjopN06M5pWlKS50QKbsqQkkY,"<a href=""https://maps.google.com/maps/contrib/114274744257605223304"">Meer Billal Meer</a>"
P0318,Reliance Centro,mall,,,21.137176,79.0688335,4.1,,,True,,False,False,google_places_api,ChIJpX2HXYnA1DsRE48GmA79PYM,AWCwydjk-bIHzOVgUfo8l_eczdw-47AezLr9I4ZhaU1klSdRBGY4HcWIHYQB8djWHmPDeYRHf0UVmIUhI18U0WOEsLD1fKQVXz9kR8E0F_AcK2GiUg-JgPM397T8FhU_BFYi8aTO7fL2eMf426_2X_C0sKPlXglxPM7FeDFi3uNn7NSmn_YuJ6YYnhImocE3UJAlX7IO5Xmqib2wG-U451qvan7NHbIvS9DlW1hZ2_rIfpmRiIDh1o2fqCkIK-ZLndqbD97odyQlCX3G3fTUl_-7sM1XfJJCCEWVLL6mixwHrhNL8Gq-Ag0aBSdvbqyDp0AKDsIyVS0Jak54C2Q20zX6Us7KXTdD8RnqRgvUNjGU0zu1_dGApz4gjU91MTf4VN_r335zo4CkvMF5BGi31W5If4Oo-6IqmWgFST84U_3bFUb4WA,"<a href=""https://maps.google.com/maps/contrib/102516799604606270814"">Aditya Patil</a>"
P0319,Glocal Square Mall,mall,,,21.1427324,79.0822488,4.1,,,True,,False,False,google_places_api,ChIJB1uQMb_B1DsR9ZbtEm-adP4,AWCwydh3sCCMYdj5IPDiu3yOkJ6fjhty8ZbPPw-WpcJXy5qhUmWC7sj4iVSYxf3jhLr4iyIFsbpLDZXP8H8tkG5LbvlbrvWnDxBDbcULmTDArYdxcCPoub3HXsB2Vj2Q5S7amDwlBmp0z7TQHvTXONTqtrfLOoHoTQbYD6cTXs0F3nnk_6zr2XfJw0nsTT5bARks_IhQv1QA0BIUvyv6hKkb-3b6BJLRSg1eXo9lR7q9EUDb4KEDx3OVczETJ8RzlGktf5KOj-V2CgJXbbKGo0-BrH89YLhJNeZ73fg2-ZxrAqTsb4zEW2xbxP2svgEkmsC7nu2mZlD0mQ6Fh1bKfDUn3B542hks3l0a6C3OFeVlQfzemFNpDI6xioWlzhkVlTC6PHf_LOXYyABqz7NH4h93-zVxXrNkXLjNC9-Hvks_bAoPAL7o,"<a href=""https://maps.google.com/maps/contrib/104776374708595693581"">Glocal Square Mall</a>"
P0320,Orange City Mall,mall,,,21.1040275,79.06722049999999,4.2,,,True,,False,False,google_places_api,ChIJ2R2Bx7C_1DsRkqLrrIBlC6Q,AWCwydhxPcaa0Fy9QJ3lEfp183hzNMNkKkpLvuT-HNCCNgrYZ7xNjfwlgL-OpV03_i5ElxPx4pL6R_r5mGCGz_Pd1eu1MoqtUwuvFmeszF-tk9uMqSxJHr-RYh5W46x-Uf3B_G7kL7dEhxVFiDh7SGdJ6lMadIPBVB1rHTCbyiFJoCFia0hTXOdUSFld6tswlZQafgtzKfaLMkZmsPTDp0MzScFqqomBtvh2G04NSDdEfK5E7WICWvCC6W82b0gDy5JLkRyHNdQHXxaKouTMzwrOUrNEtM86Y_NyP_XcbjJuC88fe4L242Dl1mF58g34-WMsvXC_UPkG8nS5rBFmNnVRpxgzH_FgzmWyHqFjhWp0PoLCE4Xef7TNo3YactipVolU4Is_wJpe2M7fqCdHL_IoGyAkrAOQz9eIq2ZgEF_adukY0g,"<a href=""https://maps.google.com/maps/contrib/100008871118694718306"">Ajinkya Pachbhai</a>"
P0321,Fortune Mall,mall,,,21.1408863,79.0820253,3.6,,,True,,False,False,google_places_api,ChIJA2eYtZXA1DsR7vuxPOwyLCQ,AWCwydgaECA029PmnigW6gFQ_mb-93H2ve58FlvEptckikghwnVheW5mmWoeseFav0KrPAjTJI8yVAf6so-59FgoqYVZN-I3vKJLF9HVvm4gBZQg-wNKiVZhLKYKTxSwPVDmGBAPBArsvQ-_hd7o8hW7orRW1dcx0y57QTI1VzGLtu8tKfGB2LwdQX9Og3E_MB5yI7enQDXT1Uq3gLFPItd4KGS8YvqjDrt6lB56Z1TevDXvzN_NnHHiAwAnJRoQeVnOA5Zi_w48WcodjAXLmOUshyV0ciyKKfXgGSCbZreUOr1_49LIYxlH_hN4RiFTssOIPfaHGe1Sz0aU1OrWFgITIoUB3cHUZCvmPWlxMa7hNZtLXrG61FYRpFvvuLJ63HyEML7DbGKyW08ey544jYv3m1GDslItYFXXDTw4T7jarWz0rv6A,"<a href=""https://maps.google.com/maps/contrib/102644647787863893243"">San Toy</a>"
P0322,Nagpur Mall,mall,,,21.1481422,79.09311860000001,4.1,,,True,,False,False,google_places_api,ChIJleWkI8HA1DsRrdn667_y7LE,AWCwydh_8TxQP1ljU0Nm7GgtovBDQMIpFi2ZmjhGoE7qZ0t8BSi0IeyMUw8T_yS4yfoe4YdQhkvXpnBbOHRyIYbsASGOOeDyjVKU8gIvCScGVUQ-LhEVFwy8kqOk1TChVQhgo3y90D3omjhBHozK2ixqmGmFCyacXx5RPYdkKxFt4Fr1PstFZrip1QDq_mZ71ai9O4Jji0sAosj4y5J6FKV_aR1_HWG_ES_bMXM-NYxQ2PlW-bB-8TioJcWpcUnk-q2M07rKXBXD-bdQsR5IMWxn3Pdaadc8UrEatxetqN0bTqn8m8SGzgIC60fnZjnEsgw4Yr6Y7KKk_06bSlOTZLThX2dKk4lPKC404ZpnouaflOjjL-CnEuH02MolBQOFCph3dxz2S3ryiV99M5tFG32kwp0pST2B1YGGnJg_ENwvX-OfAcqO,"<a href=""https://maps.google.com/maps/contrib/111646967846655331055"">Sanjay Vaidya</a>"
P0323,Phoenix Citadel Mall,mall,,,22.7463101,75.9353807,4.6,,,True,,False,False,google_places_api,ChIJreE9nc3jYjkR9T9Yn-Y-r-s,AWCwydiAz63--J8lJTWKkpbl1_TU-DCp8K7O1vxE1ueBAWhGax-swEawKWmB2jR3WgJFzDutBAkTYqDbr3noOtUm8cebI8DBUIvrpEFHFgDFYdg5tnNojrCvgl946ovWEWAcff177il1N6HBOAG-tMvqzyaHOC0IvMLLYrHZEHc2pnS1hO65gi4skTLDG8RXxWqeHI8kXWaDUjyIUG0lKXyzg2sYbdHzqwzSWt7iqY7eSFnFGX5fjq9cVE452Azsmzh2iNba8jezfdTAHBf6nuRafnoChne32lLFPOq1aLDCu6eNbfRCPswKmZlPqZ1gAWnO5NfKT3XV4aMzzl-0pkleYzTxSmjd-EPoH7fjs6wEyo3a71LZtCS2Pq9fqocjkpm17p6qlCqgIHY5y3jeiNkSZcHzLNc7-Sdr9lxAneGFocmxAQ,"<a href=""https://maps.google.com/maps/contrib/117541872755372820150"">Poonam Kalita</a>"
P0324,Poonam Mall VIP Road,mall,,,21.1373596,79.0685668,4.0,,,True,,False,False,google_places_api,ChIJv_1kEj_B1DsR5l1VxTpDRms,AWCwydilFrY7Kcdssu1BL0ShQk3sLEwEWqJ_D3LWOLQDPZAgdt9fNZXE3RYAvJplXErt5zdHKBWHzwZztfcG5mm5ME55adGpCvh78XRdWzmheYsg72eXoYyff-Lykvpiucw7w_cQXiRdPl5iDCrBGS_jzyboJwu3c6Xe_GmzvAUgh8GuT3IsEp_vW8E6pUX4-gP2OlVooEW97tz--oBwveCsWov-s7awcjIj3derCP8rti_uwIMYeqViQxi2qCMGWBGIveKnhb0hgUCTpWwt1q-uDS9a8FJA1c2fK5bUdWfvn4AgM4MX_cJqSjim3tciVdYhJbvGMPFn3SkfO7H2rhqXtTB3-McEzeudnlYJuEDmtHIq00q6eNO2e5qYq6WqAmGn9QX3upAB67JvjNbY3ja7Fkh_MgH6GOA30sMzhU8W5V5ofUk,"<a href=""https://maps.google.com/maps/contrib/114603741292599007078"">Poonam Mall VIP Road</a>"
P0325,Milton Mall,mall,,,21.1402822,79.0607981,3.7,,,True,,False,False,google_places_api,ChIJL0xC4mDA1DsRmaXOm1xTODI,AWCwydhtniYx1zlHaVIP49YdCk5BKjGJRi3zce0qpFiE_-wGdFQtg4jZpsTNQLwXMAg40arc2tG8rdgQzcWeRPPUJuDsaWhJhDywCCt6XAuFw61tZKA1nd5kAI-ABceM8S7iYnq3QKV__m2W8xoQuMlvoUf4v641ijvIri8NN-Yj8cHRdU76lp3OxA2egqx2ndMGG5Nq8Y_QgWVdcwwSqDD25uHXPhBRK1ubiyiHH1DkYQBrJc5UeFuVxX5OgjIi5p-imlDkw9Iw6Q0dDksDj5R-_tpE7UO960EjtIhMOuS_Rb1HiqhqGnBi7xuj2qj5_KOtFwAEbgg4teUGbPUA5U8lRxWYIsCPdOzU00KVtOGK_e85Nc-qwcA9yk6k8xd30U6GYlTwl8Tg5z17gFY8G3w6pwOwjkMPcPfznZV9hwUNvFSXPuA-,"<a href=""https://maps.google.com/maps/contrib/115663852942521774215"">Yuvraj Yadav</a>"
P0326,Mall of Dehradun,mall,,,30.2668125,78.0819375,4.5,,,True,,False,False,google_places_api,ChIJqTroZI0pCTkRBGtX6DcwUa0,AWCwydh0uqpIJq3dtFQlimmdRQUf423rars-AWpZLaHDk0sMMo1GTyRv0iiqUlu3FVEcia6-rsedFnnWz2LxTIClcKBmO9H7pVMLro3zJ0gwY8JUyMC0eLZSxsKZmFiTZVLUHD6x8NeW7GVXPWVfTpME_3i4774EXFSf7d2mwXCEaglXoleuv5JcPCLH9JQTQO4uDoqljrMU-OgTNpswCiouEkj_MO5X6IB0e2yjkLlI9PwbGYpukN0effxntoHPsY6G2_gJYKkFUw_jD9HXYJfVg7iyqv_ahAlVS9nrbABps21aV2xIWnGnuEw0mSKiEjtgI1ZbXwEwYmJIJsM8vyFZNsHO-B2VGfTulnlMYkGbE1tDboull7hEO7dNKdDR9QKj34uRNETrQZU57FM93cRNF_vj_rCnVpdEiXh2i3UZAlQmTph1oGBqh3uxlIXEtQ,"<a href=""https://maps.google.com/maps/contrib/105749554796936553481"">Mall of Dehradun</a>"
P0327,MovieMax,mall,,,21.14323,79.080348,4.3,,,True,,False,False,google_places_api,ChIJ7c2cQZPA1DsR7T4kXGELkCE,AWCwydiPpXzYKlySNIH0LJ73wNts630pNbHpZy2TI8xCjGrBi0bpRGslwTvIoIbXN2ckTwruJ3H-zJFwkVe_dwEqwBfk5GTHGhtrEzXKCAo2SBX96OwkMGKP_zfD4HH0JauBb6cDTzOLdyvsBOMC8Lh5ZvCdObGzj179KZ-ycVs3XZ-OXdd1P1JA-t0twqTXsWJ3oWGIeJflNqaBAZf0PLGsFVMEnnga2pBLGhUdmVpstxNo9EgoIPGOLWKPJbutLn6UkuatrBG2Ax1xRE1qWjw9AuRJvM230AMQPnmuw2U3Q00FqWDxIRzrfSHZGuQYxwALvqM7r1Fo8K76Ssv3DzSJ-5BYUy5Q_2UErTOL7x112ZaOjmgaKLposRDu3jphGzf1-OtW3AS1H71wEkDoaRkIVhLYyAAeAYXpdZBxcEk52uuBqQ,"<a href=""https://maps.google.com/maps/contrib/115099487508180861663"">MovieMax - Eternity Mall , Nagpur</a>"
P0328,Magneto The Mall,mall,,,21.2408168,81.6842606,4.4,,,True,,False,False,google_places_api,ChIJjU8JyTbdKDoRtGnBj5n-Ups,AWCwydij92N_Kv7s4IEzv_19gXOOUJ7jd59yXRc8EIpYQHl1ulZE45Xdxo9Cswcmw-Y5-rkWgvCFYeQycfeACa_-NwwRZMP4R7fS4Jo-8jBugziSj0_EYgEKDSCcmIQ0RDS3kRNppc_2dEU8AMHOVmUwpWtCOcrboONqzHzjInDi2sXgDopbF97XuXf2vs_S6y9JSormho3Gp4SahMogpDGcUieg_vfRHzRX35LDYUi7JNATBOqsqigacPU3wSPlATzwoEC6dsjpMiYnlyLSms31syFHoUwg_J2GNtCEwbAU-bRNNRUg2hAtqpUpH75ZWqsA2MWhLoZQyZAoab9BlVyuBsiC48RvdY8mzftnz0heN7HOcvd63nXq2edwI1YRnz2ZzhWPURIwfy-hdIst8muTb3GgVJ6gy9qi6BynfXmSPZvtYX8183lAVZfku0RRgASO,"<a href=""https://maps.google.com/maps/contrib/111367105807241565482"">Magneto The Mall</a>"
P0329,Ambuja City Centre,mall,,,21.275629,81.687617,4.5,,,True,,False,False,google_places_api,ChIJqShQRmDdKDoRofW4niZ4Edg,AWCwydhSyyth8Yw2LNHXUCyMV2pMrgiAgiZYA0omvdwNXhd4EikuW5frTtyqK7g5cHpQedPpVr8PpczLzwLhFzBBTDerxwHiDG-8wzA7Ub8Swd4-iNup1UPMWQ-f23l_uDsCgTRNU6NoVrzxb5kmfFxjGBI1ZQQwb8kIcsVuWk3YRcsG0YRnORMIaHL1fbPo7ux_QvQOxZYfevJ83S5owtorZH2d9Qj_vKYDuhdtM43dXQDYSCKKhZQFB5nEknQUTelxAkyYNg2gE87IoJSDjJSfihTgEL-6tVNPBrgv2eMb9nfDV-jqIi7cfsItoXw9z6lAkRrHhN1kQ2micQf5gJx1P9Iz3iGJ0ZYfwJp_RaxhUI2q4TB2G6EnF0wpmuRP67C-PqrkcgY7KRxMEbiQBB056wM27JNNlE7ibDyI7QSfvc0zYWeX,"<a href=""https://maps.google.com/maps/contrib/116832899941238464098"">Elesh Dhand</a>"
P0330,Gaysons The Fashion mall,mall,,,21.143777,79.0822488,4.1,,,True,,False,False,google_places_api,ChIJbTp6oJTA1DsRsXw06mJhezA,AWCwydhnAu_yoxqo6u7wfIaAzvnIo27WQjmN4YQyoJRJ9pgstVLvq78evS7zIKxq9_i6j7mE5BBJjRq5ZNIlpU2g0UcDwgaLm8IYFdfEvUNrYOvqR34RUg86qOoeMn_zzll-w31xatCN1A514o-0zd8q8AVrjKKrsD191_smJ9JqPU9WKpD0lcRLvssr8fgWVuuI-kBYbEXxa4IGw3fQna5Wsphz_XAuF3hx9PzBamYyqzjfqnqDF9MWvuXykZXopRnkz4eTReD8cqYzFg-7PH-ausKOQ-y8n5cs5bdVH-5uHQ0PQ7akGs0709iETenIsSmhzkAC_oVyoEDqfl3KdOX5sKdIyKpi2IKqL-kPN4yAajv5QCChHabTrJg3CXsvV2f9f-nFMuSJT0C73lICgWTO6HV4qTOEIIexjH0Tj3rO0dwCVUR9,"<a href=""https://maps.google.com/maps/contrib/102516799604606270814"">Aditya Patil</a>"
P0331,Tapadia City Centre Mall,mall,,,20.8998957,77.7481458,4.4,,,True,,False,False,google_places_api,ChIJawbZwGql1jsREZ-mO0wXbrg,AWCwydj8Q1WFDj043CKlFGPEYfkXRYRCMvEM63qQm5iUDcKp3sBynWnsoj5naPfv_nt1BD7Et2CGqYCUcMYgDceA1yLTK28QmBA_nbZKEmJarXrgLysoqK8RrK27WQB-ZJ88YrEG9O6aWnRi453aRendPX7Gw6opFRUKekhalRVJZl8NrEWe9T_2FQDtJuHb0N-Md2RiMdEH4xlZO6uhgseQidmt4SBsrq88hUyMI1KezVKAnv1OTqau7udEbVThxgNhPi9nfhz-moBIjkk7Crx8ZMLFeBQ3qOadDCwi7gj6B6dIfzG_2oRNNSEKVb68kzNiHqaQmJUY44l-nkXI4EbPd5RMlRGVVWTOKa2O-5s2mromjZnPCRMsNZNvX1JPbgZwDGL-fRZVeObhO88mPcMtWTC7ePAZc35vNLLJ8StNLShPlA,"<a href=""https://maps.google.com/maps/contrib/103903770210132530163"">Tapadia City Centre Mall</a>"
P0332,South Avenue Mall.,mall,,,23.124094,79.927194,4.1,,,True,,False,False,google_places_api,ChIJ29pTj46tgTkRoGjfLGKbdXA,AWCwydgiQ8_szS5_LngsyoUM49kaEDKZZKlmvJwJAQtEGPjupA8ysIxTXnWBsY8mfQSUuVuJERS-1tgLzCSVG8Zml1Qqw0AfTOcY3FIagtT8Eq1wXaiu6ip3aI5ibifF1QkV0n5R-1dRMICQ68BoHnju6tFDv9TamBZ-M4WujDTtTnuRE3dlF2lgtVUIqDEibAYayh4dy8UNrYjmJ7z-bzaL1N-KO0L6mho83_iIqfsq1O7JJwG0dWwXHTf0HBb7k9TwB2xjrErl7sr9MkgtQv5i3_YZGf9spDV-CkbfeX6_FV4G-tkztVeVC-sf0amtSOzUIvgmdBwT10hfjksPKKzbid9hf4nptQ-adCo0nSrYt93S8RhxnjaMaRQ3byMSJ4tPDdhUJ7hg1iPeHRlaxRer3srE645DFdL_X3hkcCdoYdTJuZSw,"<a href=""https://maps.google.com/maps/contrib/105359797835382983778"">Aakash malvi</a>"
P0333,Orange City Mall,mall,,,21.1040707,79.067369,4.3,,,True,,False,False,google_places_api,ChIJLfFp66a_1DsRqRh-JjI4k4w,,
P0334,TRENDS,mall,,,21.1330092,79.0967265,4.1,,,True,,False,False,google_places_api,ChIJ13Jees7B1DsRU_oZB_ytKIk,AWCwydjQy5DufvClYxy0Spt-rsOCKMSTR6ViCFDNt1fNq5rNNej8D0_YzatA7H2dML_siJTNu6Krd7GWcrexkjQOxc2WtG9KEoJKFaZO88fz8B9-cF08KPVYLyeLLU8PD-t6fRiBBqw9YhcLDqaNI8v9bYyiYxizaAPCvwjzhzvjqCfzv4qeX0oIgmoALIWhcFUBRI9SE-kNkEOOlYDQcbW4-m663eFmAuRSspip3_aJHJEIZsagTDSvudqWUFRzZvPChEbn7rCHJj7VaKvZB93viSuQb5g8PJb9sOYRrs3gq3n8OPHK9d2WZ3IuzQM3H0UawvfwWDULNUKJvfPlvIQbZ1PtcCV1p4tOOtQ8Iv-Xk-J5rBO-Mabl70DHr_ai-ca6U7JdWmuCWnWwWNRUzvbkMdIMo55p-_KU9oQ921u2k9o,"<a href=""https://maps.google.com/maps/contrib/100979445618281142508"">TRENDS</a>"
P0335,"Westside - Fidvi Tower, Nagpur",mall,,,21.159367,79.078069,4.2,,,True,,False,False,google_places_api,ChIJ4e2qi9XB1DsRkyo-xvNvteY,AWCwydhRCq2PXnjjqbN-jX6Ui_RkPp2us0cx49jM22cX2KpdYFjCiefNzqCvao5HjBQ6XPocU6O2wHRcoXtuydlANAgSPbiKGjAu-W2HmgBJlhn4SHhmORrLuhrfSvm7O8Rj5gnCe-DDkLzTDmkdtXWCK4fVWLea-3FyHIyf8WWJv9W3flaesj4Eo6ALnr0dBu4YtP1nEFdY_Dy0dg2ViW2T6frvECXL7BlDixudSWxBYH_O2zkf6-ai-g-aUpz-yIuW_1zkyKMUMTqsQLZsNOTo-55UIjmN9f70PLZLhxDqQqT_sR4vqxWBoVbCNGwXPzR5TI1v69-Z_71M_Fkuxkc8pXs0mi1H6SB3OJxQRwH8kp_uJPC8Jn2Hnzz8LdogNqdADiRLjnnbRipKvQojya8m8id_fw1f72AteYPyE541cMWIIw,"<a href=""https://maps.google.com/maps/contrib/113933238916175809867"">Westside</a>"
P0336,Sitabuldi Road,mall,,,21.1440409,79.083012,4.2,,,True,,False,False,google_places_api,ChIJQ154i-zB1DsRL5a5l1KatIo,AWCwydiDifGOosHAHpCNwNC10bSjqK0AAtRz6wkd1eLKrR1uOTUfmJS4Lh1ZR6fRZ--SmSCxuNWyWHPDzQSu0wgC4Fh9Wf3yDrK-HfeQh3EKUtBeY9lnLB4Kb_X0mAp643eL__uDUQu-GkApmsIJzUHqOHURlqDEqh5ix8xa63FAlGGq60ceoLQ7k5_FevKUU3QbK1SuRgn3kt6Tm-CTlHFEWo08_fxkqz4uSsIHoyxYvQbZ9XhBQ1X_MI71tQ9e_-YGRxZTMlQr2Gtpisa1VY7Hln2U3tzClTitd85mCYuYgXBrptW2vR1UufBnMb7bX42PqsGc7h8CKFXdSbhZNQFbIPmksmnqfO68JqScDYEiWDDcosvoll0UUYAQMhQcMi3m1aZgGJKqyqDy4S_vo_pkBBT-OtyFyqY4rbrTxq95GV2toCH-lwcMnk51GQXpz90x,"<a href=""https://maps.google.com/maps/contrib/110125420478936450526"">Shubham deokate</a>"
P0337,Shree Fashion Mall,mall,,,21.2908888,79.08525689999999,4.7,,,True,,False,False,google_places_api,ChIJXUc31ZzB1DsRpEcntNtH2m4,AWCwydh7rPQUZ3cj9PiZ8BkvD8GhjQt7oUyVQbKDxvQB-weSMJwL84Y5qW6rprE1azBxN3tv7oTOL70mtAPrM1JGtU6Ee2HuoMp4FoRDy-uf6P0MFh6rKn8P5bidLoYtJANgiR-mCg58fhtDy66e5dKDguzeC5sLnzvdXUJCf_6PAP-ho9ticq8kTp9fOHrpOl5eY_7Kv3Ra5V6UDB0eCRycSa2ZnCtLw-jfCBHHnw_X2tAx1P4epPI3iHD1_m6FH_1k9sPPjdHCQ-CJTW44hvf1TguEczgovP0Ym4BYeA5SsDXAu1SC2J0cvi_kHKm9kOAqEk3QOlmIuCC4ys54E_VOyuc8DzbO-EFKdCyQpDFdlcHnKi8CFnqqtilOsu0FhlhEBha2eHOGRwgtRctYa47bu3hAq1L7ZZot8BZmXTPhSjpFZg,"<a href=""https://maps.google.com/maps/contrib/113979065716851194217"">Shree Fashion Mall</a>"
P0338,"Surya Treasure Island Mall, Bhilai",mall,,,21.2187077,81.3226542,4.1,,,True,,False,False,google_places_api,ChIJr5lTjjw9KToROYYWfmi6W_c,AWCwydjCLaukemfpUiVkRQfM0q-mcXgnzv-ZKLHhxDhdY-1yGBHOtL8ocOjvQ-pzVOZVAPJN2gl9MMRiaBOeMlM9WCr3_tl5AZ3HLroy_e54SIzY4Pr1WUNWkljKyKNRrhZMc4XwUbqjSLAGlaAfGpGc9IvP6ibg6Pj_x3gOARhs_obtmxoKuodBitbFpsWGkm2jnAcI20FEI4Ri8y8H38Mf1PVJ97voU-W3Ufu5R2gXtxGWojvgwghTV4VxWHG4V97DCyYLi6hPFylgz4rO5j03GtUtQ-m52kZJY-AiIA2zYD-aQcujZNO9OJs6_2cadnNr-A4jkxarOZfRHwH-mcYFwyjr-X1UnjZeOh9AG2dWQHX0Kz4z_C5WyPKf9po0h03dTA4n7aBGV-kCyq0w935Eko1pktFQ4Z86NQv-jkA9IP2YJA,"<a href=""https://maps.google.com/maps/contrib/105517167329373435174"">Surya Treasure Island Mall</a>"
P0339,Toonz Retail - Kids Store - Trilium Mall,mall,,,21.1328412,79.0968611,4.2,,,True,,False,False,google_places_api,ChIJIwa6gPzB1DsRruQ_dMS-Sz0,AWCwydhFkOZJ5VPAlWakyg3Vly8N4glwANBc4yOG2iJ-EBAC-p7xPNnda8Cv1fk0VrGG-68LddA2yYuWv0j4RSmpXQDYD29F0nJnVmMM2Nrk2WVQ3gsYY4oZTUsVaG-SY0S-rxuf3j6RrJTiKUvyL7lZQ8LvJIvCgaCPAWCUxumB9p1-IJE-LMkeq-IUrU2KPG-EQe9eSZTPWe2zU_RHK01vc48Z7hpHguuAWU4ImTRaj7XCzognreQWEsSVxiMT_4dnoBlus_MCzey11HXkDn5sHZpo0KN4yN-09lkLUuypZSJ_zNAA74PYbystHZ_50FHE3y8uKba3ESVdZbtW6ynd8hcLWS-k6z7beT23KXM3TNbvH2GlZfdsiyPjO-usbvsbx_0ZMZNevpRb6ClUz0OUcO1k3sUsdP0A4CpE6_0vvglRMzU,"<a href=""https://maps.google.com/maps/contrib/115636410689242390804"">Akash Kumar</a>"
P0340,Warehouse | Cafe’,mall,,,21.1329304,79.09623359999999,4.5,,,True,,False,False,google_places_api,ChIJdz9w_QzB1DsRUcZIG5jNXZE,AWCwydgqX2nirFgDyulj5Tm0MSHSesmHd0sa99BUr6yJRiKxtJfJ435hOfaul2dXr6J1QnFF__PpLSAs8Udlmo3xXsOHWOjb5FgjXtBa2gEr7OHEwzcBdxfRtkGaZ99ZJZdjlRcHO3HmzHSdFu0lVlpzW_9vtmBiogiM-JCoYW_jXsebCVttvEY-YSFo8eB_UXAQrKFUikEu_44mAjVFetB-7hbtrY-0sa2ihoxiBK2xLmEZVhZ1R-90FRdkHUBqNCu8X2mPaqApmKx6JUy1QeaVHLaJOtDtGxC561Sp31XOpA7g8iQmuh-DV5DHGr4uPJIlYUwMDbGyiXjASvOudwV8GaHV685cq7Q9Df6r8c7UznYaNsldt4kej3nNuhQmBv3r0yYDSBF0TMhymEZb0nf8jAav3pkxn52-Q-BX0ou39hPotw,"<a href=""https://maps.google.com/maps/contrib/115659161698844795730"">Warehouse | Cafe’</a>"
P0341,Empress City Mall Office,mall,,,21.1481672,79.0932898,3.7,,,True,,False,False,google_places_api,ChIJRe2bEITB1DsRXE5Ksnh_EXM,AWCwydjPALl-xj4OMLSnSglE1DdagDZDUSbTk1mPjGxeYutMf4VusL8MXLHg017dP2La6iZuUt2sLcJlh54Z8UnqxcyhPPYcJZzLfRV6pRT_x27XhwP44w2FNyvo_03jCeZsqkKSh5yMP1H885L0BDjAMR55F98v5C9NP3y4U_6pV6Th8aWIty751FuPhZaCPrNkn-6W4345iALr1nhCqSbgRKDIv9I_Zc-Suz9NPbHhaawIDrrjlLfY0H-GdpUh_zEOfGJV1-AiqYOSLFbJe3gRya4UvGcIA8qcQUb7aOiuqwzxfYZ_2_Xzzu6jcITqKNglZChGWCYNtIzt_WvI9ZpJ6SDNeFDAt_UTk3GbEMA1u3u3yg6Mzx4RKR5GfQE0S7M6tzxqaE5SG6euUWfT3vRVooD-g6fDxlneLi-TP_cZJax035o,"<a href=""https://maps.google.com/maps/contrib/108609173266903024537"">Kamlesh Nagle</a>"
P0342,FBB-NAGPUR- SITABULDI-ETERNITY MALL,mall,,,21.1429557,79.08041349999999,4.0,,,True,,False,False,google_places_api,ChIJd3n3QZPA1DsREsb3vjgvsSE,AWCwydgBVXs7KzALnZaZNle6FkrLx4wLAvs72oChYMgoK9m3_XBl5LukqlSDloDj2RN2kHJ5JwH4XZXW1SCWIltTh4AqtM_W3t5CJFS6TpbJM7_hZj5QuQ-3FN0jUAEkjh7fw6n7ccEW8tgBWGfrxGp8KCzKeJ3wPjIrCn_wURERXVUOcG4gYdB3OI1dW_9gkis4vI4Xwk8YFEvz6l2E-U5w5IZFQnFLqn5rC51cfn5mvOx4lyesP8aPdJbC47E84HMo3DYcjmMZobxW4d4eztLwKOxTd49fbFXMMQmIQC2pnFACv9Z3NblsMwBCA9kwGKHL6FCIjWfEbDuWE5DL3LHERuQRFZk9vLer5QKnJiZCFVha7fKzSYIywKGtedi6k1kCBxz7AbHVyQLebC7kZui1sYQcBChWTKuSXhJbZnwipZdICg,"<a href=""https://maps.google.com/maps/contrib/107959025486141567307"">Palv Jaiswal</a>"
P0343,Poonam Chambers,mall,,,21.1712764,79.0794332,4.0,,,True,,False,False,google_places_api,ChIJ7UHkTRzB1DsRGZdxBZnQP28,AWCwydgvNqGDXwJdolRu-ercLhFC6QnluGM6AqCJxapyDDlAXzANAVlCyTwEat11t_aPVBTGFi8NX4XMC8luYjC-VDng3RB9CSm4b_d149jgqsmi0OFJnGHVKK8yhoqbm5zQCt95Xhz66iOjbPd6xeqWSPSNdZLdJIsTTDxNUkEAeqILe3EbzZ1tXtR5q0vYOZvKx8EUPjNgmgp6nLtLPn2hmXzDoUeGFnSKyQW5g7nG3b8i5U_bJtrhzHjFJ8vBZhr1R04jEh62SxT7fXnwirVa7hXv-6iqfnKImlyWsNR_aOXSogL5d8Lp4MswXfP6NDBmx7GYwA9BPIU4d_HWLWgzXPwn-TwVsLtwDV-XcxlwXkX1dhDE43boP2UtFO-thmDsnasZoUQ1fO5Ob255HftjAldoGZbt14Z48Asfy3Ds54S9LpI,"<a href=""https://maps.google.com/maps/contrib/107279197993729600752"">Not a paid reviewer</a>"
P0344,"Elleven Vr Mall,Maharashtra",mall,,,21.1330745,79.0967084,4.9,,,True,,False,False,google_places_api,ChIJUQbdz8HB1DsRA48yYetAXLw,AWCwydgOX97aFkXSFADm2Z5LDMxE1QhousZV1PLK_lrbqw6xQL7i4R6nx7uF56Rhn9i3jxOzMGIFewMSpARHf32Jhh1UDX1HG2WclkELu2tt-GLDiXNyBQooMPxhQnLZlks-wsbmXZZm5WHN7jZRFwSvnK48UFqHT2S-YRwSIIQdfB0g3mr1OvDz1-g-73X2foSrhuL1tk9iggDsavGm9cE7Aj-Oyagpt01s3EWh9xcdMCBDpe2wwAm9T5vRmQKpq30OKiDbMk6edCqjgVmpTxgwDQ9hyddPUk5_xAFBuBSEn-7AVTNqEDb6761f0HSXIyMx2SFgj6DxlGOuCFG1r93FXssZSd3Lx2gPSLQAa_4IKpetVgi5-59kLom37_OA6fLWu62vpC8B_y-SpR3a6i2dov0BZib8dyqyl8BgV6qa8xrBYw2r,"<a href=""https://maps.google.com/maps/contrib/107568548903455779003"">Elleven Vr Mall,Maharashtra</a>"
P0345,Lifestyle Stores,mall,,,21.1329487,79.0953576,4.0,,,True,,False,False,google_places_api,ChIJeTxIWZ7B1DsRSGP9BXBQzBI,AWCwydjy9uX6l9KLnaAHselJC0m_EDkXHAeBPsQbevmfxpxiY2qpnoxrdAVPBCNNe60Ug7i2y4-uU3KkJu4w698O9odXIe7WmN3_1YIAVdnjzH5g_hJSORVXk1vAKwyvS7EnzxWVoCksFK0IPZAxnSs7-cuHcVBEdoZdQj_1wH55xOWkUriVtTNp6IblyjQlal_8svU8DJzO3xopoD1qZC3PUSR4KV4_8n623hoKcrfj4YWrDpuq-be98INXZuL-bmVoQxF9AofZ7R_DYfoaec3tKyGZ7lsbHD3uFAUNMHy4L9-NAi0CVr00RdVVAG4qnh_k_uZ33Cs6p9RFFQN8m01Ueuqw9m49gRhjyn6ygz1IEgdN7OqwF1h7hA7doSVLaRDUJmdC0jRUCskaLZlAqbcL6TTvIKSN7JEzpN9cF90xHoEqCLwD,"<a href=""https://maps.google.com/maps/contrib/116829217287040657306"">Pankaj Choudhari</a>"
P0346,"Titan World - VR Mall, Nagpur",mall,,,21.1329231,79.0963289,4.8,,,True,,False,False,google_places_api,ChIJMU0FLMfA1DsRVsP4CucVPAI,AWCwydg0CRRPO1o7W5y55mzxJj3xGxJ7EhcSqIbVGqeZC0qLZpBw2SOBGXTpWISkpOtxkCuQL-Lt94mFyKDLn1lagLm80sf8XqIVsoI44fhxIdLkV788x6pjR7MDshgZCz7C-4YTANvxM15OLHSK0deslXTQmgNKP7XwtgaZw8sqhUkdx37G6x2vie-AiAcqZrsFpEM8ch9rQLhIaTCvyh7YcE2ZKmus1EmHrurrADugPSR8m2HKMzxI62hc0IC3EKO5PEGEvKbXsuh8HWz_fRGHX_KksUGVU3jLtJy7-qO7JYXZ6czz8zYFZjf5JbQrDkvIwYyJ7G6Ct1dNin1cyVF0b2NcUA3-zV3HHML0O5vzyn6drc9Y4N0NFPwLcvZYnE1AJyXUYIiIx1K-02B8d5bDiMfNxL_4Do2VihLOi0YHg5QWwFHsiFqSb0os_XYzij-h,"<a href=""https://maps.google.com/maps/contrib/104400761997141872693"">Titan World - VR Mall, Nagpur</a>"
P0347,Poonam Arcade,mall,,,21.1599353,79.0798916,3.8,,,True,,False,False,google_places_api,ChIJVzh1SOTA1DsRoRK_3bjOZsE,AWCwydh-9i9t5ZD5an-QYKk75XrA5LQ5qhO38XC1ykzQCxnTRIO7aUWqnaFTKd3fjPgtZH5yZjVQVy_mt4vixQZWJrwNP4yxeBWvUz45-uyMmAhW7MmcaMqQ95Kra1Ekp31x9DVY0CIP67Q8gS-g2UYVtQozz1r-oA3W9ONP0h12RaAXjChtSv6zj1k142xa1xI-HB1_XxXjRPTlEps9gcXX4_7LfLJ6LA3ALHAKQMGlb3iziTTZ3b7LGCtMsfm2YftsDQjQJcmzc0NYAVShGoXUDqSgwLrJzAcL6z8miLmJVxnH_O4XVgMF1d7Cc8GbqqPcyY9feModRKvA9y5CbExPgv4IA2QTYL44kOcbW1I8Ui3Re0fsLaITZ5Xbu1z2W2vLyFSMoKXGVuRiTgvWVuteKPF5b9jzXg_0GFlWvxGbFP-Afw,"<a href=""https://maps.google.com/maps/contrib/110539003678566269082"">Jugdip Saha</a>"
P0348,Attire on Demand,mall,,,21.1821007,79.0902888,5.0,,,True,,False,False,google_places_api,ChIJ5cgqHQDB1DsRcxlAHkWVL-Q,AWCwydgSjxBCDBKdFNdQmmsOci9UOMqCYWt2UqBxudKGhsn8MpHsFbZ7RvzwbzyPoRHgDaIp3uZddAu_scs8C-tTQacGFh-0TdT6dgMF5cDh4gzG5JoV_3tBJxz_0EZkHlBqmPXNmk3jmo5wH0X6wSwI_3NKKO8QOsMYclo0l0HFB7_J7_Lh-fOTBVRCR_fbvCfpUojLx60PTGDGjiV2EpDbK7dqD8CPWPOmd28RJP6ppBu_dDnO56dZWXg4bggOIguOJvxJLCq2PiEjFtJPEW-MwZncM8BKPC2zNGzhI_nOwtID_0QRQaT3lZb5WcSvCT68pooSuPb3SorqlU1oXYP9VLAVxCLBlpBm92aHoCLk2UDcNgNpvc90_0UJkqb1ObTXtrudK17rYLYIxXVsdeNWbZ_-Xz29noswBotkaYiByoNdRrlMK7eoWqkL1XPiCcvm,"<a href=""https://maps.google.com/maps/contrib/102579609258486569341"">Attire on Demand</a>"
P0349,Dr. Babasaheb Ambedkar International Airport,mall,,,21.0901569,79.0548086,4.2,,,True,,False,False,google_places_api,ChIJxxksaKO_1DsRXM-xzV5fmxg,AWCwydjmpaWZSUYw4NqQIXWYKj0cwfE41ubO8AmJBrNx-vBZl7Z7TvXCY2JPzZX7fsY1U99zKPTYzg6_I8ZwWdfYnODzIbU7SY5kd16QzphYEkC6qPQaHQc0P1Vl81cLN17QzbXVi4djGXOo43dYFcQwL4IeN2rJ8_CVEFcUO_RK8DD8QzE2h_1Qxi3ez_KNa3u9g7jEKwekRa1ZFlL0HiMpMk-72JoabFwZ_eLcAmgRCjTxq2dsySbpbSxe6V1Hjm66EtxF8LS3q61tobkkbK2ha1EQ5SwovBISVlosxwYVtlgMbgImLmO3McSYzR4uBteu6nPG-XgLfUBarO_zWmdXLOkiGRIFn9A08cLi-rIw7QxnN_1FpZ_cVujulvcP_tPJb1zBcMKm0Qb40p1veeaHV8EclLmhvgORdGCy7QQpvrKGiNe_,"<a href=""https://maps.google.com/maps/contrib/108469857394886366004"">Mithun Gajbhiye</a>"
P0350,INTUNE,mall,,,21.1432622,79.08027009999999,4.7,,,True,,False,False,google_places_api,ChIJpRMKKU3B1DsR3D0gHiKXQVc,AWCwydjadFGWI5RPqfH74FGu6d0wJI76q_VkXiKAlhghiSCWAst7k-R4ToVMLtsR7HGVBkONgglpjbHK3fDIKU1w5_PeKAHHaLB5qf9ugn8a0dIDgRXchNl8QU00UzoKly0onhAbbQ3JiVoDfBmy1-HnHZAduNDAKR1FIYmy1BByy1PRtiOGB-OqnGJ72YXPGkvxpGHAjWE9a18SywC8-ta-P68_toxI4x7DM6DEMb7yjUz1ht5H7DcZL7OtP75PHfJ8T6cIIwI6IjXopdt4hV2-NYHs5JmPiD8iFYABXZlZMHibykXUUSSd6-xrKwsXN_-FjWhG5dMK7FbELN2sH_WG16EOWWZ1tHyEPt_6DURRxIwU_5B87F_AOXF7xsmTuf-3ag8r-pDTAHuzeVnhJFkS5LT3wewF8HyqH28nkyHka9cWdQ,"<a href=""https://maps.google.com/maps/contrib/106047811236046643618"">rohit gaundharya</a>"
P0351,ZEE MALL,mall,,,21.1433176,79.111486,5.0,,,True,,False,False,google_places_api,ChIJycfxhCvH1DsRFbINOt0YwU8,AWCwydjjkOuE8wUI72ZJISYiISemrKVtjOLAL4UXZqV4qfnpHh1chzdBhzp_Vy8shqZmUHcU9yorwtvP_aRfazK8lyS5qhFitMI_EKFvS5Rw8z8lqF3pSuOP-JDoqyGcYHLOfcHDK4WWup2QmPDOhFJ2ip9-9pZ6hk3AoCd-fV8TCqG_DcFvqilLBn97Phc58AokS23-lnxFaBEpZZNe8W-GuBb6AIOht5c9OolURYdaCdAMNg083SCKyxZmTddVu_rUj9Gp7fSALknS1vwekAiLwL5uax-odvjzVlw4kO5QeFpbY84n1AiQ7-OukFtcOZgb-Qn5LpPR597hsM8tT4WiRJsxFrWo8cteSVdpMV5n2ssCXqGz7KKvM8Ro6zjJg0BpfqOiRMk2wqpwesIE4UF5pTx9ANGSfvfSMu0byojcKxWowzmYYPeCH9cf7JVbHhiN,"<a href=""https://maps.google.com/maps/contrib/104344596496621025652"">ZEE MALL</a>"
P0352,"ASICS - VR Mall, Nagpur",mall,,,21.1328687,79.0961209,4.9,,,True,,False,False,google_places_api,ChIJr9L0kPLB1DsRv3FPHu_yrFg,AWCwydiguIx_mrQmrbWuxNkOyb30vqM2lRycCPMz-MYgUT8kz1J4vAVX2EL1emX4pOlUc-Jsy-Wm-6jRYqiLDQIuafB2GklrL2-z83ICcvp8hkw59WWWGU2DINueUBU6F_FdBw_jFro70uPogTtMQKI30146v49VnGeOiFNPiLm7Kda5ubp4TXp2aGeLqwnjQuLMOZpDtgSLfYBxIv9HOIwxQmJqoPmgK8YDcrGETugpbbbmBCN0X5asgO1S1q8_79TqwBJFAUwcxU4BaRMIK-oxHarC3oCL5BTIAhuDbmYfEnQ9HvJbsZ1-hWaB3wpIRwKqEQPmsY5_bUeP5pD9CLD0V81b5mNwK_DgCu-YFOgnMVcOukm3fie-EkOX2DWoGPQxkCJqi3K6rhgnyN9JWBZjUjBmCFKIyf9lvuBuwQM3WEzUzfdrRVE2MhIDICcqXvA1,"<a href=""https://maps.google.com/maps/contrib/100560688584137913228"">ASICS - VR Mall, Nagpur</a>"
P0353,"Pantaloons (Orange City Mall, Wardha Road)",mall,,,21.1041329,79.06717929999999,4.2,,,True,,False,False,google_places_api,ChIJkWoiTgC_1DsRSMyKRB0uI2o,AWCwydjPe7Mh-sRANxuhNJ_UmANqTlWxkh76bNNEzRQnN2mmHyBDg_d0YAiHePA9x8MbnebkFGTSo1An9GYYVGhVFOd0hQF3qNzXSF94ZKG4cf9fjIYjHUmIjUSUK0JsfOPDH5TTKyGRDGUNMujLQCBb_OyuiNEBAW5cgDKoWO82CyS_XZXtboII66Zi4uw-GCVv8k7yJaVJFZB1gslLSi89R68tAltsa4Lnjr2CFblyaIRaYc1Id4woMgiOrChV6ROpYpVfuW9CRImCwoVjZReiO73PmTpRBmY-TkVCPsEfUEk4hGBttq7SREK6OPtRGuic-ikkROzpAAJyqrJfd5C5Ip60BxvwqViwNEoe2kZJRBBfLVSCjQmmCJVTrF9pj2meRTRFK02ppqrEIyXvqWKD6i0XBgTh0_7AePdgUyk596FvQADLlZ4XMTjooWj6MA,"<a href=""https://maps.google.com/maps/contrib/104054693242412346897"">Pantaloons (Orange City Mall, Wardha Road)</a>"
P0354,Rana House Complex,mall,,,21.1341666,79.0689854,4.1,,,True,,False,False,google_places_api,ChIJrQ5TVMHB1DsR9m6iQFwY-GA,AWCwydgqNXhu7XEtzl_sNC6VCv7iRkDUPFKPoBKabKjDJ07bueMNbyTyR4ruvItloSLX-bcRakmUObV9rrBCYRldwg0P5lS6nvGtVLH48fkM5v6L0v-7UkgIo8YG78Tl9xc9ng-WXiIFLtwz5JzbIS04ESv5A7Io40eJgxim5RiXpRBJEJAIFwJzbtECytXX--mofcuOywGnSzZNCqc9eIKzOtSUX6pL97mWitdywX2Fs3jx9y0QC1_5QAC8KisGKcxV0QQOMwKi_T6ZS-jdIFEzoTBau-6mS0uEHzqAu_C8RO_CTXNws71CipnhhfjcX56KJG-dUwR8CP3GSvsfLGtIbhOD-A79Wz90D0fmKcVYEDe_4-hcYbRsAycWTHF7zZWYt-LWTJYjdAT6OzXWXy6_TXMAzpIxwDjazPo2s2O4Pemb74rG,"<a href=""https://maps.google.com/maps/contrib/103910864452457917455"">Richa</a>"
P0355,City Fashion Mall,mall,,,21.1443586,79.0840051,3.9,,,True,,False,False,google_places_api,ChIJ6x-Su-rA1DsRIE6PHQVdANg,AWCwydjfQnRFf158RlhIme5REJZKKo-TIVnCaLa0xUXK2nMh6Jk_mgnXOEhESv0hW77B0-r8DqrPnz_y6dzs7Xb6sIBxRX87DyNwxRLh9tGU3aN9rm6pk8okYOJPpA97Zob-WhABdMm59U8QEwQHhsCVzAhSzY9HW0uEQyeWTBQg67Ttd39Q5XvbI7rWngsbC4Img-KnJ4Xu1Td7NosEiVL3FkrmUukw8yKMGUljHLM4DTVLj0XpxnAMXqFZibWB7Rk-MgelPqHR5kyLQBqz16mXW_it9R3LDf5MDJv9YDCMTFfqSQi8SVha1OX_oUqXckV3UJV588aUKJ357bOT0LtIXBh2Hx5s-PxPJJPkFbJRA3t6uVTLkwTa8sN1AD4Fd8HF61Qf3TxFqtpvDHOL3ipDaYVb4aFNJoHyWZ8Y39H1yjF8IohE,"<a href=""https://maps.google.com/maps/contrib/107959025486141567307"">Palv Jaiswal</a>"
P0356,"Crossword, VR Mall, Nagpur",mall,,,21.1330316,79.0967172,4.9,,,True,,False,False,google_places_api,ChIJn5Pg94_B1DsRFBu3EJoibjw,AWCwydiQ0TcvSoKjm5U7xBZfy5v8IYR0YBnvTpIiZB1Wf2ObkhQi72zIS-GBinz50Ldg3L7_d3HInERllIbvbxKgMeuz3UJphsVSk7gP_W34tFGBLKxvx4n8IhPPuPT95RyichPzlgev-SQtaKKoA6vrixrhLnh6DN8mLDhcfVafgOMT8lNvdx8O3yOCS9q_hCgqcD-Nxpl8lE6gzfMJP1jEJzzmzLhWQ9SNlGjTePiFo4O3t4YpHEPjhuvLfh036AraYDYuL1pgHBs_rJGmIR93Qj29M902NomuiBZUsPrFpZ9Mudw8uzjhTtWoa1FGiLONgdfkJBIh7hKiNB3pZd6nI2e_CBu90CB5nKwExm1iQfo_EVPUldQ1ngbEF_VU6QBaBLwVjvF4z9VJz3QnjeRPHFGCQ1Q8VASWP5CePoapq3Lyjhkd,"<a href=""https://maps.google.com/maps/contrib/100518169831931793550"">Crossword, VR Mall, Nagpur</a>"
P0357,"BIRKENSTOCK Brand Store, VR Mall, Nagpur",mall,,,21.1327084,79.096206,4.9,,,True,,False,False,google_places_api,ChIJt-hIPhHB1DsR_gTq7C_Fkuk,AWCwydjTId23oYD84Xh7GMBRlZsnvaBeibQFNTxlxDfC2AFin71XEF7oPKCC48Xv3Ezroee_i6Nbc8yBDU_m88mX-c70ZSAYySKfwB84pWReDowCXPOf6nt1724m_YeEbrw6XcdbXIU4PuTVKsmlFVx6MM64mLEywi5zEM70jjfZ4lp_Z2aIE52lKiND92eUwqsu73wrnnIotNiuzbcG0yVu35DzNM1X2Y1Wf5IIW1FITRv0i1EIg-yJhGlGrKhMxiXspXap11SMBoIQmo2DxsI8s1SvysIFu09Z8YZ7HlFYXUMa3212sp28VHlyEGnkFh2cO3BmluRSz172kawHN8gXggIeRjzzaOOXdtBiRGYfNYmFdd22xCaELbhoD2jxXg4_47nWWRflHT9PCpxwETAoM_FYmlCOG25D5gId_hV4OxtS4qoZKKrfyM-iIh1dngA_,"<a href=""https://maps.google.com/maps/contrib/106968842975447753754"">BIRKENSTOCK Brand Store, VR Mall, Nagpur</a>"
P0358,"iNSPiRE(Apple Authorised Reseller), VR Mall, Nagpur",mall,,,21.1329158,79.0967055,3.9,,,True,,False,False,google_places_api,ChIJR2lSsj3B1DsRmEslZjDpaAY,AWCwydiWwqOTzpCPH1p_XdYBR0HULZXgy9qqU4p7V6mohOdVOZSctD06DEbRqxvfGCoN_ohpICk8t1GxCNlzN9DMPZF8_7df80TYtN-x-DNc9jORKLcrC1TTSSbL-tyEU3dbqlkCVYT4nqFjp7JZdufTvlfT27m5s7FJJlJAc-KlfPFHcWHr8zvWOY57uPDreuI83qDjjzXVWf6pRoVNat_oL3xMj32Ztk_getCTt8jdLRf1xeGiC9DM7ihEqSyO10uUXdy_zbg3HL-9f1d0pwljHUExZVVw1RdmNFnM3jyPUaFwR9kdDJuCN4Ddgfag9zWQaHbr6iW_musZ4pC3vseXOBdLEG2rFG5QxiJHprF2G1bBaPKjnsQZ_CgemmNgOxJhmmybmtfh8BdeZ-swbdqMr8px_n_Gha_ZMHY3sLoOEtiEUi8,"<a href=""https://maps.google.com/maps/contrib/112028769334705030866"">iNSPiRE(Apple Authorised Reseller), VR Mall, Nagpur</a>"
P0359,"Go Colors - Untkhana Trillium Mall, Nagpur | Women's Bottom Wear Store",mall,,,21.1311176,79.09832159999999,4.9,,,True,,False,False,google_places_api,ChIJHZysiGTB1DsROs3fTJF4c0s,AWCwydig5qf_FECOmtKYQFf3VaruAjPzBXubzsNmHevF45pDNwMk3tRddbxtHpb2xw4bWgHjldxDlG1SENuV7Kf5TZBQVnAWB3XOCNOJn_Hgf3bUHuhlWdKUznQVlP4_gPRAxDWMZoHVEkChGJoCe5ysavAMWEWt3gCdqYj9cBVALB3S-3ohoFk4HSgRIRyI95nbgmCHvFICj1Rvk_bktbPSZbkPiY1miPN3CciDiMU0wTXTGw29MuiDT_89eueC6wIKsF2r9URZ_bYP_Q9Dkxa5DbAZfaswVjQHcm6b8aJHU_MrbRyowEWLhAPFtJGf9I8Jh3WRSRzzIYYpVC0gP-7M60xOzXtTpVe4gj4KRVBDIWsRtxWbybZLvnzpbMTzaKj8Xp33sDsYoJKK7X5vC8oc4XI2vja-z7bM_m7qhOn9WOhDsg,"<a href=""https://maps.google.com/maps/contrib/109014708961577705032"">Aditya Khandale</a>"
P0360,"Mia by Tanishq - VR Mall, Nagpur",mall,,,21.1327677,79.09665509999999,4.9,,,True,,False,False,google_places_api,ChIJZW5ra9zB1DsRYYfLJxyX9a8,AWCwydg9QXeW5O5lMsDrNvjZAQjYfjRme6yB-AGKXrs9demi1S_aj2ld6n4p-poDPVH04v1W1kDToSrB_6Gh-m5l6z_IZ0KocYQKy3HC4AN5P39mG_nHeIJqjD069rYNp4jK4fbMEgzfEi3FolFhhBdQbLYu6vU5kiJgCvAyl5m4IspNeh6GKF0ABMWTr8lyY7hCeTQ1PSkEAi5ViL8bn7Yctpw1Wf1Q3CbgtdoAeJ702HGfhp1bEI4vuidEfYt3bArQ0yYcpCBaL-9uIfSW8snf9byEFthqIO1tFWEL619-6fWct1amyjKS50YzTrQ97ZD11AnI7crRmnHLAgnvuJJF-i-13RlxoPKrgUZ5MIZYy2ZGrOrt2BuYvqxxzc3mXaCruVF472CGb7nH0xhioiS_pF9sS3wkmZ0-OU-8cZHFXHNqI1gI,"<a href=""https://maps.google.com/maps/contrib/110591506049651946042"">Mia by Tanishq - VR Mall, Nagpur</a>"
P0361,"Louis Philippe - VR Mall, Nagpur",mall,,,21.1329115,79.0968881,4.8,,,True,,False,False,google_places_api,ChIJ_bsKJbfB1DsR_GJYovxiX2Y,AWCwydi8kTk8BwoAyEvj2oDPA4id75Ww9GoxpQzoaJ15LjEcSjRYBB-ZZTQ5InmWeLR7gCg8JvZVHuOJnRTC5FCd-QWI83gwMOwOR5T079rhvCVnB8I3iavoz5bUnjQlkV2XqtUZCVneWwyNTq0eKi1os1v7zip3hQJAIk7mYPqqxxROkq1FgD2VMCkTySyD5Nz2oM80CZFfQTqvRLj9-ZRukkKxHWIAO7fE0qkd5twiQdzAX2uLdlIab3cCeGa6NLw03q2c3iJEfPE2JYX44D4Ku4fTs9ieB257ZkDxmS5ZfbN7ul4HG1ZxXF-MUl16F0LjigwyJPIdxGsLUmqwU7h8QL8-OhPrLvP2qUGCBGAINv3-gknUps7ozj-2vlk5UZKnom1G60P2O4TPZTtrJOtzDrREeOe6DVONGKc5BZRLX80p21nO,"<a href=""https://maps.google.com/maps/contrib/116829217287040657306"">Pankaj Choudhari</a>"
P0362,Imperial Plaza,mall,,,21.1430008,79.08609919999999,4.1,,,True,,False,False,google_places_api,ChIJ_VkhBHPB1DsRR-pT6XZspog,AWCwydjdkFlkWIbIzymvqjVPsYZJkKFGLvFqgbMhX8fCLaGCqLHmZ3SxgQ8TdVcyxa_3nXCU6pa45WRHqAjNr6oprCzCjD6Eo0dGPcop8RxHE_ICtReOVMkSFJ4fYjmWTKofJ7CuKmqp14ufRrVBVXooHyQNgqxugM77-SXlRsvFQlqWDgXfc1lRHYz0n5MyJ4jl1xvzNTsbfCCIp9N31wyNvggyXftJSaRdr6_hl8tTSbxIJeuAn0QmBIpwFCmjEUXA8srraDXxDSLTX0kL9M-no6sYm93iSAGWYzFqpCQ1RqcgIFWst3grIsIjYI7WKhayI6502nEGqNSqoA1LCVEkNu3Mj58_EE35DrsFFXd1XCo3YvrIOjyxPBq9Ii87ZYYCCLmwkoJuE2kEBBy-nLgaj9DMcqfIHBx-68MK6AEDSA1L7w,"<a href=""https://maps.google.com/maps/contrib/113960143854224466755"">pranay sundarkar</a>"
P0363,Poonam Bazaar,mall,,,21.1375015,79.0687366,4.0,,,True,,False,False,google_places_api,ChIJ31TKXYnA1DsRbRGukUkEVks,AWCwydjw5v1i3DTAJwzcoRwYlvme37jg9kvFI1MF3WQhXhbXA7KGozzCn336QWBhqA7hRAv696Tfh2AMqxANzog5WDaBGgM6cApmWxHtfBADtwvekgJgSLPrmLNFQ--hRTb0Jydvwvfzo8DRihORR2k6p8sN1QcmdikZERIJh01F0VvX7gy16W1ZK3sz2KqS3yto9SFk5Uq6ckgqd7-mjFzCnId13ju2uN5JPVTghE4TrAmae-6UQW0WHr-u7vm3N2iT7ky69iN38N2IfP1_dc823NzUHDmy0zx8IclIh6MWXfCPDoHD456wcNX95B34QWtSxYDHuuB7dxTTJee0Ybx1X5ahs-v2iSzERopWJooRfpCo70hImdsWfkiqdSxLmNOfrF4vfom0MdH4FXCLxztBCJsoGZm3D5GMLwGd4m-eKCo,"<a href=""https://maps.google.com/maps/contrib/102750148030526175047"">Santoshnath Chouhan</a>"
P0364,Umed Mall Nagpur,mall,,,21.14714,79.10707,,,,True,,False,False,google_places_api,ChIJSROWCFPB1DsR4_UhxkZjWUQ,,
P0365,Panchasheel Library,library,,,21.1071066,79.13204710000001,4.9,,,True,,False,False,google_places_api,ChIJpc89nRq51DsROaS3Si97byg,AWCwydhtroU80PUxdH8jBOgmNfhtTrTnfExsG6M-WIAPuDczJDKyhX3mML-5JvUN57aU5QcuqFtBXeZwcXDQ_LKzPyevmU8u-i8ioBRP0U3fK-LqNbzskT81cjC2v62TyNO2NFmCTpKWsIIwKk_7Hz_gEJlSwQDE6B-iDKI78hJIPDejwCxno9n7al0HrJdA3__2k-FfDTqHCQBHYN0jOGbNdJhWPd6lSMp2qEg6AKBBP5nxju2VIOLV11uRamyNjwkBY3xwQYux6o14K3ggXfYZdRqOVp6QZepucmXImmTNO8aVy3XH5gRU17-vkw9XPCP3pk_nHAYtvIZX3pXhBr5V4M1JYZRvv4f_hYwAL-HZym6UnX-NiPEa7OkedzRxzfXjK7j9xD74zTe9vQjjaGd8sfg2steJSO0louAW0yf-xWzzPw,"<a href=""https://maps.google.com/maps/contrib/116659876439597812660"">Panchasheel Library</a>"
P0366,Gurukrupa Library and Study Circle,library,,,21.1550872,78.9967972,4.9,,,True,,False,False,google_places_api,ChIJhW0cAZ7r1DsRyjnFHcHZOUA,AWCwydgoCH1lkWiUv7BA-xZm59uuNFgHZ6N0Uv_Bq8ymBVKM_i9makxzWrKY2gXLlb4W0apVr78PfvBgTisnrORuMrovhgj32xpFf3pWQhJ6NjqAYn-2moBg9OsJ0dMjPlwBO_mXFFQ-iyXLO-Vbs460D8Qds-1RGTqYH9YNJiO2l4yLL3bz5IMu-pzczAN4VF3jcXLQ5u4tEGoWM-zunL59cqLc7jp6U7vCl4fyqdob440Gb2GfFRg4gK55vjv4kUF9DEd5d1lLhyQYTef550hPsM33rJfClrvxuWRvp9dxtqa8YgUi1uHC9dfUbOKUWCRUkfV6v-0W93D9sNIpOrCnkokZ5nVT-8rDKlAUzBSG9KVLxED61oQT4sfQBYWpyB_rd_ke8_nFeeW-BLdTIPLFgZzCxEcgO3ujH5ZoFmRNqSF3qGTJ,"<a href=""https://maps.google.com/maps/contrib/110017622139894938663"">Gurukrupa Library and Study Circle</a>"
P0367,THE STUDY STUDIO / READING ROOM / CO-WORKING SPACE / LIBRARY,library,,,21.1320006,79.0986313,4.8,,,True,,False,False,google_places_api,ChIJG9d8_iPB1DsRNZBtAwp5dtw,AWCwydiXveMKqikgQEINuH5ljnocmj8VLTSauhpW86XA39AdqHxnMIHciMwfQ5GWslpOaBX5jYcWRYF8L9hR4xtx74MnX7dU9bDz1UAJa5z3OPqOKFv1350T7aIOBBujFHsLQd-8jGWGx7tF-d6iHzBjYmJlKq1tQN_OP5o6NnM6cuJLGSACdZNT4EaJNDtzqnoZnnE3wRp10Z7EYElcZ2Gt4zZn2kWv2GpcNUt7a85GBMrdnuyArJCFxNCzsPcI09PKbz5gJdYXYCMZhlFUwqNZNzhGh5JaxSd-wspod92Vi9pw-RO3-VAl70QsDEdMOxyq-DYKM4jfJVBB8ojCOMuh57OTip7rMt2RcWcQ501U5TD3PP_Dx-FP4zZfKf01WMn1TblT5eOgc2mjblcEqHTLg_7FhFS-gIWE5wLp8PH_w38uqnrIrvl6rkDTLV-45--x,"<a href=""https://maps.google.com/maps/contrib/114518778836668871459"">THE STUDY STUDIO / READING ROOM / CO-WORKING SPACE / LIBRARY</a>"
P0368,Readiology - Ganvir's Hub [Reading Room/ Library],library,,,21.1227308,79.0982362,4.8,,,True,,False,False,google_places_api,ChIJU_LX_KfA1DsR-Rm1LjrXf0A,AWCwydiWcYynsPOlPyhzVupzrDVwQMooHPNZ3ChsuLmk9wDplU0P6giqiY8FTfKXmZOwELXyo0iQCAAulIfvPrJCrG7babx5pQjxK6YbjDIf-kErhn8Bz4VF0fSaoPV_Bdfkp-5Tejzagq9smd4cgALCi91cgxPgjVXr3_oTNEYnRmlrlggyhwTgl2YJxK5_t1xUDlqgIdqvU7vybwJjK58LbAl-k3Sfknbsu3UCBvQ2hFyvEhlVc9hgMBqSc0jmLWV5ohJb7ZwEQY7U8zqRhjPhaBeu-Ce2DjudvOsYiJQEdl6dkwOuJ0rqBpNE8yqInZyn5mPi8BiiminsW5IymJycesoGoNbByAFwJfx5qDi6AKud4eL-16ohqlKJDJVD54MV5UVLdPla33gjYSShZdIpEmEC_ssqG739gwDs5fLbFCB9_RF3,"<a href=""https://maps.google.com/maps/contrib/102297461255719962980"">Readiology - Ganvir&#39;s Hub [Reading Room/ Library]</a>"
P0369,StudyMantra Library - Best Reading Room in Nandanvan Nagpur/Abhyasika / CO-WORKING SPACE / LIBRARY,library,,,21.1294991,79.1195946,4.6,,,True,,False,False,google_places_api,ChIJVdiGTHnH1DsR8EAF07qjJMs,AWCwydjRBhw9DGCPJ8RpfOHJP_qezeh2QYspKkeY1Tz7cfvGCUwouB-kKoXYe-v4Qp-YZfO1xWvYxhGHfmfrwQwh0e46-qXFOQTr_A_dxAPUDgM0penOxRs69MVVSphoMjdPB_n75qksuuJuCYVNtnw2wCtHFZ9KhOjpOhhzwmdiRL7K_lECVlslrXuFYJpzmiDjm8Qs8vR8htzdbDUoKzExWYWHkR7R_R6TTEwnEy_q0MKxyL1ZOo7ZCdWLOtcOUq-BrTLSCz_RG6duxWVqs4q7crX5T1yqPcVJ93n0oQtJbR4BGuJvgMt97YXZYrkMCIAc0C_AsFog0uT-zjLoXl_5ZzjhFispUiObDtj22sEZYCcUkbJlw13vK4nRM7s-gtNLn1LdGM4keWk3GGGjBhxEBcc07geXlfkhFDlApSLwI_E-5Q,"<a href=""https://maps.google.com/maps/contrib/117077927737355568503"">SpeakMantra Academy</a>"
P0370,Royal Study Zone | Library,library,,,21.1781981,79.1400915,4.9,,,True,,False,False,google_places_api,ChIJ58RelhvH1DsRZADWYIKkip8,AWCwydjRS6MUo6DlXRLC_2swXYjkQlyy1Mlrhf4rE8qftrYvviundHVFhXYc7GhXHgHa0QcaZMt1ESoxVi6qEir6gkCxBO5ZNzNew8uoFonuSdaD70fPamHDSo7AzN5z_agTEEMTKOvJ5MER98ghqKFbuGwqlwMMhmcxtUyvC9GuiEiXBJqOZ9tDQdml4lkUJdVr6aB9a2VNzHRjVNjwGqt7NASyM8jeBFO-Mk5ejU9D1NOUaNtIrLQhOL53wMcgRtc03XYk62fhGJ7guYKUnx2xYK7OkAjrgMjKpgd1-9_JhfqyqCZvvLQlJZIn0iXHdxJPFz3V9ebdcC5EgBwhI5M6CAI8L85c5J23Aqw0HUCU7Demt1OnhZOcgdqIRn-VxdpcHqw7H0AAN-cg_vDgV6OAsZSXolUYzdJq8cBf0rovlQM,"<a href=""https://maps.google.com/maps/contrib/102878643525306919322"">Royal Study Zone | Library</a>"
P0371,The Books Trunk Reading Room,library,,,21.1021009,79.0744699,4.8,,,True,,False,False,google_places_api,ChIJET6Wn92_1DsRNneSCoXXWMU,AWCwydjxrOsvMJDjoVzNeFNo38p4O9E61DdL-xM9r0AwRzgVlMpGCDDEqX4YGjC0jdYudqfproqi02MY6d1FBGdwEdRspDEndPc98Ojh9ZbBHwhn7CUyyp41eLrOQEgjVRJh9eSb-zMt-FiV-VYXQilfYi6LSO3tCCgT-cVko7dMAShWrI5yCUQ_RVERJ8Lz_83zdJ0HoBTvLsjB7iYF-9ttNa9esgLPsxGgPEmXHaPF2f6DHdD0VG6BJ2KRdhYy4CD7Q5wuWJ_SMVIVgSnUkXBql2BQJpoTn6H9YpQ8xZ2oyNsPCKURJ9jBZ2eLPM-3LNfsj7p88WbfQrTEFPAo8TE5vYlNSKI7Phe1iMRroxLo4ZTarF1GrI8AUhokt2dvHcmVOaKyfTR0Qw03cyOULvCCluqUfXYYNd-REflp8d7CxcU,"<a href=""https://maps.google.com/maps/contrib/108828270392591681141"">The Books Trunk Library &amp; Reading Room</a>"
P0372,Abhimanyu abhyasika,library,,,21.1206954,79.0267959,4.9,,,True,,False,False,google_places_api,ChIJ5SIa3QbB1DsRasjgUflCgzQ,AWCwydglPp7YZTBDyfUyWaOxdNgIZDa7YuRXL71RfMmMyoJQTwLsuZiPTBSXy3DXj4W9iYFhlZT52MXkyVUOlmcy6EOu-FsJdzXpnsq3e3Z0E6yun9GFhgOnxt3jx918GIgdUnhs3M_I25k0bTBG7mnWN5E0WdlaWNFrPliL5pgjTSKmqUa0ytJxua2sCrrh0vDD8a1LF3HOdHxfcgx8J3So6zjwaGSebShQH1wmhtt3f2pgPYzkJUh9VDJIVCtjne79GNlvA1bN8Pnc6oDGPXy0Cb-QTjV_bpMnmxWkgOWZ2FLivtOel7K2dWkx6ds973dAUl3utqOE-owo-mvjap8JSEFs80E5_aWA2UUK69d_3GxoEfR5r41aY0JQLw_457SNtHoxXYRv5lLOwrj9lXo-QS9FMu5uvmWaqgEgktrCEoEJ9w,"<a href=""https://maps.google.com/maps/contrib/107069595537388747077"">Abhimanyu abhyasika</a>"
P0373,Dr. A. P. J. Abdul Kalam Reading Room and Study Centre Khare Town Branch,library,,,21.1391605,79.06340929999999,5.0,,,True,,False,False,google_places_api,ChIJb9mhBcXB1DsRszLeekv_tSE,AWCwydiMTdrlEsvq5H1rsDJA2xNKamYgZaG0A6brfuMIxdyPY9wSM0mRqei5dNfmVnb7AGhmhWZ2RE2I0WDP-rUlw6RPHgaNth1WodeE8hRj9Z48MsdBSMxGZAGck1VrEpVsnQGIJklMUM02ia585V8k-jUo1PvQpBcdSsu0pDsQkiO45oDAQOvWZX-ZMqGTSu88YxSiKnGHCH9CixBRtJzCLmX7xaXul07rAaeHJrxWM4YjQNIg4t-5yOabLSqPLoUz6PXmqHy-0RpWAyLIWGWHcdJ2EA31-Vg3Jlpt9D7_uM_xGmW6q0LQbaWCeioGvgB3hzPEs4ozh4qTQML4xPoM_NeuRor03aizYqUQwuaUNpdxQD_HDRR5i1SKgmMGhdiBsDRP_1WULD3oO0XlXTYVLlM6Qj-_WVR3JINaCftZjBDuhe7gqbGPGAsM1Hion0ts,"<a href=""https://maps.google.com/maps/contrib/100165514814166735758"">Dr. A. P. J. Abdul Kalam Reading Room and Study Centre Khare Town Branch</a>"
P0374,Lakshya Reading Room & Study Centre,library,,,21.1058582,79.0939949,4.4,,,True,,False,False,google_places_api,ChIJ5SL_V5W_1DsRt9GKPHM3j88,AWCwydiNJkmCV6r_EKZXoHXz7qiIxTe4eNTM4O_TQgIxF16NOh_TOubEhf750REJqROXfTv_apdgupjXaX4FhiMcnu28u1QG9AvICzvKu79aOiiBRhPugEHsJL1AhowgJokl8vznq6eY0pbCg7c1Ko2x2th9DMPkIum3RD9CDKUcXjgtrAY_cMgMVyAK2uXFoDH33vx2XF_YJqJl65QxdpAGx2oVWj7fnAcvQCQzXm8Dgg-FDQoRezXn20DqahJ_XkNDCJVjKNV3GGf1SgfIuUuGAKaUWIoh8sRKhkEBlL5WzypFPgVhMh13f1eWjaooaF_X8hvTeIJMBT0H6-E4TFR7e1GzRTxBUiNV-XZBBjwt5qYc0ZZdnPJzO2u8TtnldYCEqgJbCJgFT5pbKnQSZjEsPRv_vPJDtN5SmvLB1grVvWid598,"<a href=""https://maps.google.com/maps/contrib/103035729833652163150"">VIN theWorld</a>"
P0375,UNIVERSAL LIBRARY AND STUDY CIRCLE TRIMURTI NAGAR NAGPUR,library,,,21.1105254,79.0393409,4.7,,,True,,False,False,google_places_api,ChIJLaqgTYS_1DsRadGVcwv9Rk0,AWCwydjf9-AYdmT0mc4uwYkChUm69cNFJ0UkTBsIR8LBY-LybVqNvJiqhgew4uXe4ASntZs8BVXsnpxw_f0NyzoGLVBuHElosw69iWFdJ6-bCaZLjlM31JMNAmEG7CM0veiBfOsyF5YNXrz2YXRWBDgt2ys7pXVYxRiJjVceor-EaKX5nWYeGC3eCjId_f0HXRladozUbMtNpY23XBSZ4MuwpW906dhcmBCGjlNxSz2yjtruTd4M_muEcERQ-8qW-f5xloi0NhdMPxW1zEbU4BNY312Ay0drFWGuV-p9XnGkpJp6oKyLay_8BmOXSMzNrjPPTuIYSHbDVFL2jum-gc-p5FXkKb4fFzoEzVn_h04Iia50ieh5XfZ1ludUirLfwFat5wTTgVj0YSlE9qlPhJgQxjw5MXfXwFrFdfzXUGhpnIKoQwk,"<a href=""https://maps.google.com/maps/contrib/107647517930057784461"">UNIVERSAL LIBRARY AND STUDY CIRCLE</a>"
P0376,Dr. Ram Manohar Lohiya Library,library,,,21.1704482,79.1051933,4.3,,,True,,False,False,google_places_api,ChIJVcoNEirB1DsRwMvcTV1vibo,AWCwydhw_s2xDYt2SSO9qg3jTpY5fZG70UzzxdcOVBDGNCnIEXHOidCio0Z3ydUWhLbHNvzoJkQnW3wbM-uaijTe-3rB0wwK6l-NOSLFUQ4SRgDQWu5IbTpQv8g5uV3Az_YdZ3yRJ2o55sJUu9IoNbpgEnYbOV0jNDQGgqTyCkowbQGk_5mhY5x6pu5vM3w1_B42RvLQKEcOIGQNshIL2daUdaSfKFWEV5sAUjmwsa13l6K6bn97Ns0u3daW0fVT9640NaQxKtbzLXMyB0JkteQCqJLOCGaIDLwAoexqhBRq2BM7XcSXauUp76yCIcgb5w2gfSbb75_WQY176QGfnMr6_iHLmKxl_jX4090OX87NlvereH9aMRpToFQXcTCKAfzs4DKVFOQHNC_QXREsDlmC8FwuQY-LFxLUFQftaJRI6gFZHfJYDu298mpy_L3XxsGv,"<a href=""https://maps.google.com/maps/contrib/114559131891600454235"">Amarjit Singh</a>"
P0377,Swami Vivekanand Reading Centre Nagpur,library,,,21.1314806,79.09520959999999,4.4,,,True,,False,False,google_places_api,ChIJo6AIqEjB1DsR8WdbySiBdf8,AWCwydirK4wj4YMq_ny6ag2I0In0gFTNwmYWfFHvJha3hk2KBdgJfQeSYIbpuSbSJZLzNfyUpY_9supEuJM3fYteIbvNkhayIcsrgFBHFbEANQCWWP1mVPDnf0WsS-Htsj8CUKhU2pY44tB12zOnDalq12nt0y4Kt1B1-cFGapDONdCz3883q2td8AroCXsY6sYV6ogjGL3su2hMir9BGQfuM8zgeMNv5jotXsCkbrLMevtG6dlLJyJNT9C2kqKlCNBL-MzhgzEONgquHhYUimkA5pmzE9hE5H8uXynSBf4PYdVdWnd89ATQc_BvL9Xby8jd-tSC0Anun3omO3QJFag437kqZ32cpudeC99YbY5GspYNOZP86HHhDRiHIv7saPOcDus0eKdmxxV-bONlzLjxADNNHQFqg-s_8xHa_f5V-Dysmw,"<a href=""https://maps.google.com/maps/contrib/109120929999009780778"">Swami Vivekanand Reading Centre Nagpur</a>"
P0378,Jeet pinnacle library,library,,,21.0985815,79.13611790000002,4.8,,,True,,False,False,google_places_api,ChIJb1D-UkW51DsRkyu4qR84T3Q,AWCwydhcwAv8COrKxsIm5wrkRxfJCy64gF45JmRReQLK0ayT6jkYQfVi0VAnh5rMlNuiPkspfJYZVd244wOZ8OggDa5AcSFottl_8SrFB-McAJNVugFB5zrsEMoM-NcqwGiUVLI-d_ry3heSSNV0Ju4wA52x18AV2ntjCNZ2xGlRzrL6WqQjRb89JAPMctWDopTQ27-ErYlIsCN-jgPxH5QselDaPBeSNSewrkGuZnrdcc9dhjEmQYi3wio1olTpBDg_-l1ouPh_7zJ5qItNiypr0KO4HrBdNtIbgz6hduQEgAVhH2cSx6_fhpE68SGke3UKveuFFdH3PRvifEHBa6ecXvyPSChscDIO-RcJCYMeK9nYk2_OvCOZu1prq3hq6glN9tHWrcG-rtSxK5CyqbjR4tM8XEdY8upFMQG7mSf71RA,"<a href=""https://maps.google.com/maps/contrib/115195067377924311524"">Jeet pinnacle library</a>"
P0379,"The Study Space Nagpur - Library,Reading Room,Co-working Space",library,,,21.1025363,79.1162919,4.7,,,True,,False,False,google_places_api,ChIJVTUiTQC51DsRKcAqh-oThAo,AWCwydgUxZgeQu9kGmDUtsSc-tKse1_mTAW0jBizRkQY-e6QLwPEH3hUBHfU3xAq-m-S80R0IvtcTVgBJq8rtpZ2S1ausLju-TRglZFRdXzEWFRCfoBnad87M0nMkjD7-MyqGUXEUtzO0RQhdTh4BtmrFjdTGPKk_ApRBRCC73_O6hx3Ev8Km-4Yw0i8RTlSsPbFVxsNsgEPl7EasQMMiDAhIkEiklRSOWdQez147wi5CCM4Viok1CCW8ayCKDM5YhIzaDvs2miaguSQmp4YJ3qT33gW5j_BmWktrDurfJiul4oGEtOU4vs01MZ03qNt09fUXKQWVLeUQ6rgNV779TRz8kcKiS0chQdGcsriC_g5_gt_XZSSpvE7JOiYcx2K0XcK-MjEOjgsFYG1mhmPocDrg7u3-HEZVe2jfOVUqLWKf8Zt_hY,"<a href=""https://maps.google.com/maps/contrib/114836520298211039669"">Mandar manapure</a>"
P0380,Learner's Point Library,library,,,21.1011647,79.1244744,4.9,,,True,,False,False,google_places_api,ChIJQRtjbQK51DsRMacJRnh6Yhs,AWCwydiOnQ3u_UFIZAsDDk73JSjKxao4Q8V5MHuUYEF3YPIB0TYQV6cY3X5IK1k_IL_XOiLp9lszaRL66jXlLE9tiz2hNCtegpq7dLnSyZFmfYrOdBccKvAFrMQO3JoIiwAFrdrb89090cnplQrO7eorpJBNxTV8hMR-u8XlwKTfC61Lsb69weDN-HFnzdw707FcwJ_fP9Joo_CJdeZEgEIgP7lgA1AWeOc-50Jc4zHXliXqOvlH_nNhnpOyF0Bj1ijas68ebZOTM0f5Z9DonNvEbprIs0c-ilW2RYeHJw14pXAfEfagimdwdBxCQDLzbImn7x33bKJSfFzLCCS2nTHQR1OlEBgBoLyTLPflZur5efyx2aH9GLkT06uWL1ZQLOd4Vb_IshDbaypDmOomhQYCbrwR3hlXZsJHqdZh2CJ263vrQ75RuXlpbfqFUdmEFWC7,"<a href=""https://maps.google.com/maps/contrib/116179559002593151206"">Learner&#39;s Point Library</a>"
P0381,Book Buffet Reading Zone Library,library,,,21.1941967,79.1361577,5.0,,,True,,False,False,google_places_api,ChIJy6LG_G_H1DsRrckHooiSW3Q,AWCwydjYL5610UCAhQ3nk-NtjjSGfUSopi7asyyYA9A_ZDzVymrkgpxox7lneVfZy91tGno4hBGLWoR6kXrCXDI_I7C6vn6zPz52H3YwIVIZQomIqbPjHG31gFVCabo-gQYtHpbBrpPpQK2KySUTwBSZYOmupKHiJe18-h7oTgI9duUX5ru9-ZD8Ga4p9zwEaKmHEiLKfavpYKyzjcuOHXZNEdElPD9uFBO4RSvoxrozjwrffYejke_oO9NXzLWXQD_SqeuTMhdZhWaEVMu_BYR0VKDAFzgwEwSe5SX22uwSNNIXyBgMCigA6iWDIC_uHzdasMK1gpp7r7cPhtnaDFBmWCSxPY2rT661avjYjDuR_LSu_J0GL4whiI_2xKWUqGJe0YZsgOR0_ASZzkKbG1sAvLF3LBzdA_pgYjR13qo56ozY7lXg,"<a href=""https://maps.google.com/maps/contrib/114312319747178565944"">Book Buffet Reading Zone Library</a>"
P0382,Prince study center(reading room and library),library,,,21.1035361,79.0755504,5.0,,,True,,False,False,google_places_api,ChIJaXr22kG_1DsR5oP1DNXPOQE,AWCwydjj9Bw-_rWJRXw34idb3Og2B7i8qRtpMjiTMmcOJJVUX3oZ5lhdQsHlY3Ey5-niO29EXJ84NN4g-m5baadyFTbSVikUvVesNmfnTfvNGBepqjugmn4lvphiU4dp0huGRc4HuB2BtfhosbXpC2z_P_blPXL63j72ZI5wE3iGqNHfUogCfpp1rvNz4hs7Ygc4GPMRDYsksQk_IqLz89zz9n4lgHUa5FiQIn5dQzWVImS7_iFt_BpwQkpKuGb3Sslrq8El-jzr4rygDnFJxK9MoK7Iw7euaF8Wn-JEcMrdpd2ZHRNfq9Zfh3t7mIe-i72eLWm-AhNdtPyrx7b4Zuj683TNywZIvj3qUEVcoS09f3KT0HM5qM5S6I2wmrnoRajmh1i5y0iFou7d179mC0IX9IbtkURazxyI7nHCDFTjg7fd9vb9ZQ3QTsGXnhoiwEwg,"<a href=""https://maps.google.com/maps/contrib/117889919271996446123"">Prince study center(reading room and library)</a>"
P0383,Maa Sharda Library Nagpur,library,,,21.1207276,79.0289805,5.0,,,True,,False,False,google_places_api,ChIJ_Qv7oanB1DsRugnZrW0FB9Q,AWCwydhynjdQw4O45LWXHZNoXYOOBlwhjLjZFAvTbQ4YfNg9QURgStbelZscGT8YpwMngspA_5cREXIrghzI_bY_il9aEVAY0-wHzqXRpEP7ef4lOh8ISrglA6sW1iefaAC6By4tsVcraowjzR8qBZzwwYbGcmXRDTHEaPfCMzpKFjPmQc3njAlLYnAZ3Xwu8pbGn49-wcKAuzJ1CF4YocAQ9y-KHzMawaz0qJUqLWRlIfZwpqvTshG9zg1L08us_VMXt1MnUfjbMr0rhFOTAMg39sdM1QK2IE_hnFIKtdOrqIfHW7NYT5LNDqoQezV6sq2L0hDjWx4d7RU9L4fOusqz6Cb9jW5_hPTQ2G07lTeO_fKAAz77z-Rf6ZuclJSFeMoFcNZ8ZpPutpHsoTbTP4DGICnexZJODuY1KCyDB-0-iP4_pg,"<a href=""https://maps.google.com/maps/contrib/108975355989943031659"">Maa Sharda Library Nagpur</a>"
P0384,li-BRARY - Library and Self directed space,library,,,21.1891771,79.09749769999999,5.0,,,True,,False,False,google_places_api,ChIJEQ2tbgzB1DsReSi37uBXXQc,AWCwydh_eHsJaxxUkRXrZAao2cavVdqrr8ht1X3LRjNFdoffWSmNyK-mrXeRM5OuRJovriCpQorxCeceq2Jn-6ooSs-HoiutWtwtaZXVUv-JeyZnyUekbCbKUw-o9KSunrHoz3QRuvsv-R3OGrePlnuaZ-T-S-xAuR0z67POVdrX8kKirIJ6r8nCt5kOLQ_JNUQSvkiukqVph5WpnvnGl5SuKifNKW6JQsou2_cRZfp0CVwi59toakVcP4nhfeXnrzRqhOCot7Ag9MuxuQJ8k-0g5Xbuuwljtk68CxqhT1LiHUIludooA7a49TGxnRmHcbXyPNefCeym1UbxwLWbOFs_wc9AkI5rKvJ4spCHXbhajHk1BlNuteE0tew9FseLxqhV7oZ7qUOkjJo3TSBP77Vz15cdMLmmkuFfZpRvzz4PIIU,"<a href=""https://maps.google.com/maps/contrib/103734996477274651271"">li-BRARY - Library and Self directed space</a>"
P0385,"Dr. A.P.J. Abdul Kalam Reading Room and Study Centre, Trimurti Nagar Branch",library,,,21.1118743,79.04105129999999,4.4,,,True,,False,False,google_places_api,ChIJPfw7BzS_1DsR5_gd6XPWgXA,AWCwydiLtu9iQJZHQkKwQD8ONkTpSZiNSmrJ-8UbnvMxZx1ZwmAnnKYvR8hgtsmf_vDok1-0EY4HN7oRDRlVGNNszKBLOlsNJwCMJ6mKfO-wHeH6emEIgeq1YHET26yDDj87eypWQMqXbeyf4pSPvhldg6axMsf6WTwc7BJsPiUKGGVvZaQZY6TBvnISAV1oo7VESU4QnDPJd_alYHyg2Yyf4GMWv8Sh2s0dlIhJlv84v8CCJXLUSghWfwIfXIYXCVG2NrZ1-jPT46G4eSKxpuIuR2K4v5jkE0hdEVoHcresuIeLAKkncxy-h2qCHxjok_O65WXek47yL0-ArlYQhzQ7u8SSHtfSWxf3rIBqET5Tcy55TFtkfVFS1_yjVBPiUOkEL2ZMkRLybbfZchWp10nHU2GlpPTpLdpNLs3bwpDZnbXC7Y32,"<a href=""https://maps.google.com/maps/contrib/112811286594482518246"">Dr. A.P.J. Abdul Kalam Reading Room and Study Centre, Trimurti Nagar Branch</a>"
P0386,Laksh Library,library,,,21.110165,79.066386,4.8,,,True,,False,False,google_places_api,ChIJyQ3FSNy_1DsR-gex_zlaDPM,AWCwydip0B_CJl0XnaJhd_lmkGPkbMFmHm2E7IG7HA14XEyL7yTM4zd1jQfld8uvfqxJYsO3mvPboc3jztacSUqn8Re25yrerrUDNwKXqbA8DljQIKN-thDFODmM7LMcyxf87o8NammNX_tijh_S_FuUrBBnTK_vLDSK-uonb5eXLdnaLYTQ5NkLAWAQYGSVTCDs4BBMUEdpco78fj3X2eeQkPkPbj2SoXBHM2R-P0smYax1evchQPUtdfUvclcvxGQJnu2P2Q9j7Nc-zd395L172jkge4SKdRNR4FQm6ovqBq79xuO8XsfrqBUfIRjdGN6-Up9QdvwXURnDEfZhndEB9Is5Bugdk1m0yQMH4tkiyffQqrXJNiBhSrQ7ksUR90CELSvuIy47tn7q648KYY7CVFNdCmffNU_BOJfOs1scp_Om3Q,"<a href=""https://maps.google.com/maps/contrib/114681325265530028881"">Amit Ka</a>"
P0387,Zen Reading Room,library,,,21.1447248,79.067739,4.0,,,True,,False,False,google_places_api,ChIJm_ny2_TA1DsReozwYcGoqAc,AWCwydhNOHwLR6GrDstRFt_L-_97cj-8oGQzqoD82VoNziPt_PVmD8GSfT6mmFRnwynt0f3BlQuRWjFz3eAjuyndgz8KGncYLA6h9WXyV8b208MhUfzq0F3wmpwr0dIrUAIy7pWTiWtVRl9P9A2Y3HgK9MHAnHP8kW6IKjqxN-Q8SmSAc9o40WD7EcH5P4DC9JAAf3ikN4MmxhpIyWCgOAVQkttnL5F9y-KTrm9Xl744CrOgOAaFDd7GplAxajnexHMGXuOdrLKBxjiKrhdnwbjZ1NPGSBL_ojHK8jqhVnPGvEuBSOiL5cxiWKLSJVSZxGspzNTfPq9iQtxpOYNO9w5uzGT6ecDTBCGZwGzwf505qEn1dCzQAsQg6Y0eiu9cmBhrIKjG00U6gn8thcavfyaILrCinBKSzCnbrz-J1gKmRVUlYQ,"<a href=""https://maps.google.com/maps/contrib/115129580489779764069"">Ajinkya Deo</a>"
P0388,The Reader's club (Library ),library,,,21.127397,79.1107411,4.5,,,True,,False,False,google_places_api,ChIJeSd4aevH1DsRAFaQPRLvZlk,AWCwydglXc93ra7b0jDABdEtMlzJK6UfPcca30BO_207Zsg_M46KuMYG_FImOmrTvHkPZWjLoNGKMArjD54W7bozumhKldZlb-SItHtzuF_LVHPc4XVQOvrZBAH1cxwZqh0CdHrgXWqzFNOvmpTsqfgkHa-RtFwbO1oEE4cOExwtQcSzrKgVhJMBSgDJR_yhhCcNVt8KrsKEu3DXcS6zskkzU4xtMSJTQZ6xTt7WnyC4lAoq_31Ruji2uw8vpb55cRqjexuLZ6zU6vCRnfvpurkv1hCB59bSzCkAnMbTDeaB4_SR84lPCTPrOKJvW-pufZy-JD00n34yj6-NSpLk0TQJCNJ3-Qb73Ws0-046KG1eonLZO_8DD4kfhSfIRp7bxNrCUgVS05oZh8gA3FdJZNFTzuPaVnteOvhWFlC3KBVVtEP0aX_l70KMQns_BLYM3Dbw,"<a href=""https://maps.google.com/maps/contrib/117467920793914024052"">HANUMAN KANAKE</a>"
P0389,VNIT Library,library,,,21.125282,79.0514622,4.6,,,True,,False,False,google_places_api,ChIJh_RrzHDA1DsRcsVh7LNT4Dw,AWCwydhsrR1WZx43LCfN2lPePJ_9CLDgvl2ev6KNV1C4D-wFkM1Iv8UFCH4Fwud-cBVDm8JvkV8mupqEd-25sbMkVtp632rrpQJe57hxx0j7PkZqjoIARiRQ0p4bY6S4BFmoj3iwjtc5jVuw6Onq_Bk36B-Aq9qY401nTUEqpdY_8VDtuVXZY6x42zvsRKhX7MQzd5bmp-c4mCx0l73K7q7J8nZtrHy-h6fZMYl1UhQLp-z8ekKjfsTWSedP0FKPI57ZqHJUpAA94UKshpkH5r-RMoc1KQnD6LESbxn3xthkFy2X3z5wQZmpltb-bkA3v7cCj6MX6nGiK31lKW_-vbCBVZ0YLPUh8O3rlxbSUqIRRyNicNNqqm731s4W3xa8UcGZ4WjkVbyFUl43AfyWz56OCUgFfCje7klU9mbB04x8Yq91yg,"<a href=""https://maps.google.com/maps/contrib/107609959353170263403"">Saurav Yadav</a>"
P0390,VEDANT STUDY POINT (Reading Room & Library),library,,,21.1062228,79.09035159999999,4.9,,,True,,False,False,google_places_api,ChIJS7SjrI-_1DsRfabREmp9PaI,AWCwydik2rCjEuCjHyos1WTMXS67ohg4ngrco2QJHJC8w9Gr6YREMFkTaAiF7lFb5oECJ6yuC-jpLFhntjNYA9uViIVpMtjIPMupr48nnyDrooinJ5-3us5SV1kslg3a1UNLyUwt4Pjjhhqw-axQ8X6HrkujglZtbTeoPgSQgorckNX496R3KTze8A7-QTt1SGYr7t_u6KD2fPnYNIXh1kGEmWc7sJjwxisjL70OBaw69IDWqggE1PfZq0TKQtOwRrWa5lIpjsaKxbY_e26Vq8x3kNEaZfFfdtjYyZeyRC3cAHhXE3aasmO9kxkhABegfq1ksUtev5pvY2Xp2pxu6VZQy5tOeLsE2iBSnvoAIgWISWiuQer_zIgtpzvErru7d6N8xegKnfMFjzJaWifKDt9NCeq6fpUND-ayxpIjcIBsGlvZveNsVgBdB0EVd6sxJbCx,"<a href=""https://maps.google.com/maps/contrib/106344170537208781098"">VEDANT STUDY POINT (Reading Room &amp; Library)</a>"
P0391,SAI READING CENTRE,library,,,21.1332551,79.0985693,4.9,,,True,,False,False,google_places_api,ChIJeQDkYmbB1DsRTqu2WTOLm6g,AWCwydgiaigHyZs75-7mBMxYApKBKJCg_B3p2VUe15zNt1DTurUrbGp-wp0OwZekzNQIKvKoXfPaZOQkwnikvKD4s6H6TUz0kAUeV6y7fcVMmDr2HEwJk2ye-zVZRGITWrAFoN4TJ8U5_IPrpSobldS0tnUDQuI09hMG6ADTKkhIB7Ij7BgzpkUOG8LV_Wi-slJU4UHii_3P4NFLK5a2DCGe8iYvGToei1m2AFf_uW9rvVV30G0s3mx-1zhxHyEp6kkg9NykvUAvjqAOVQfxkb7HL_8ueNvTPGP10fOHSLf_ajqifqIeclHleoDO8VDVyoGhFS1siREuMEcPiunmCCcJiswOLhjc37zNfi6VuN7_cZVW1LT5cMwaooYUQeuwdKw3eUehZQWXo2JjJmEpGxduHh1-Ema92Gizq5xjBepjWUU6ze1FP8rRlGt7Vchopw,"<a href=""https://maps.google.com/maps/contrib/111159059607495037508"">SAI READING CENTRE</a>"
P0392,TO-DO THE READING CAFE,library,,,21.147262,79.1119839,4.8,,,True,,False,False,google_places_api,ChIJJUsyeQDH1DsRRDqsvkZ_qWs,AWCwydgjva9zmyRmkd9CnDue5ATe2qGhPzfmO0QP0nW6pFtAPU3x3ypNf7fyrFouccAeEVvw9wuWFQjfoeYX7kTKOBFr-SKC7BiiRtEYfT1h82-QAD3trNaFkX3VSPhZjivnqV3HeLbDFe7A9eS9UvPaBePfmZJ-8gI02jEliem8AqqTWbi_ZNoULNhNVw3lRNxHWFgmDgqIMy5t0kbgqBQEovqa634Vhr7O-9Muf0zZl2j3GXAUOCoRvHsfj_kvK0aoNgwKbFhXZHVuvUr41s1Ojyf0Dwgd6V_ZAEizF6o5LiR0vRL8S9TrU2Wbk_sY8XX2nUoP5nTccHckkcMRaQh3bxehKFYWmT9Bs-BQoUKOwpg2fSl-nrP_yrEK15qfGygYdtjXt0Z50DomCUFIHERsHQ4wyGZFcZlc7i8stki9knhcFw,"<a href=""https://maps.google.com/maps/contrib/102956937720221614013"">TO-DO THE READING CAFE</a>"
P0393,Shri Ram Study and Library Centre,library,,,21.1302225,79.1159322,4.9,,,True,,False,False,google_places_api,ChIJfUuCIjHH1DsR90kDoXd1Br0,AWCwydiqUngSJVSUQi7Ra6b8mb62JYigja-O0arhc_tb0xgRk6hsqZwvYEBKosHmJF8_wxAMC0qbIA9TU2AjaGz6HL1cYHPwbw8XwUksBD4zw-P241DHLaxoHqGs4B81SK8UFjdDlQy6hM2z_bdu1YlWU2ay2fuwqrocv7_2E-WtAEUwJIdfJD4_SgNhsXccyxRYQaQbZGljJ0P91J2Ub4gmEE1dsqe7VQQ8so4yHuUgRs-Ppu36ZEzvEpJtJhnVilvp9R2VhUcfN5_rYBPiAQ7wK6hFGlTsevSUCkmQSJQ_HV6IDycM-uuJvLXyICpnVAhFt3bfIbKmIzWcfTOTvP6BKI7x2-AfeWN2LXjohC51XKm6gVmlm45AXhsQ6jdhNwO97KjRu6VNz51Y9GskV0ExwFW4cnrCebBd7EH8jWldf2rd-ohR0MYfKjNedCqL_olb,"<a href=""https://maps.google.com/maps/contrib/103189983779422070031"">Shri Ram Study and Library Centre</a>"
P0394,Prayogam Reading Room,library,,,21.110098,79.143478,5.0,,,True,,False,False,google_places_api,ChIJk2G_er651DsRqBX0z2vt_2Y,AWCwydhnsUQau-EPUQP_7QrJsTb4AsnfAebJ898Eydok4Ce9Epk0h-6lsAJ5gGRN6m6IfpcdHcv8It_wjDZPqBmzcfMdVqB0idcLY6BZ5kt_NlDGPTq0YWKTTXbb3QGxKjWqFmgf1Gs3p9P2W-WyRdDH4p3Kg1gATnLIC_yjOqi8udL6Q_LzTDpfdiOZydsCKpAjqHtTdLvRves3r4_mwu8eus4gw1mDHZFpTOjAo3AJKlWYKXazaxpfisty_4-fGJFDO7iMdbmWxXgY3fdtYJVy3E_c0V88S98-k7K8Gf3stOqIAJsdMJ6c6byBOK28wvl8Hj-P7zgfVCjbJMFkquN00wjGvl_3JzkG3pJtfECctI36fwSzzP-cAW3pXuS3bSE8CevF0fqHgfk0gy31UbzCJcizPTm9YLxpC7gk6XJxrF-e0Gq9xd6jd9HsCW7TVS4c,"<a href=""https://maps.google.com/maps/contrib/115858315880078367809"">nilesh sontakke</a>"
P0395,"Reader's Corner Nagpur - Library,Reading Room",library,,,21.1029733,79.1235604,4.8,,,True,,False,False,google_places_api,ChIJK7g4_J651DsRRVvqLQVmNG8,AWCwydhl3YKWkEXRG0jq9rXfMBW1oSJgw7RiugOUs29UHDYFf5JtJlsPUBxuDMPXp9aTWYXdz5R1bFn4_yEWi8MeC4sMsCR9YS2ljCBfraUEyvaIAFSXSv0kq5RLpTEW4OgUZYKa1BatGKQp-q9U3mBpX_SiECM7l3PZE2NtYleTHY7UewvyF9RNvzfXtDM-pAlmK5Vyb-NVkYg7KxNX0_Rf0X9af7oQ5QFucQhjwXiwH0M1NNKqiUrkEDh1qcEQHdegWgjacgfY1yR4Ks4LrOy47MY1TdjfLk9H-kiYRsjBvBNszcaLwUjxzbu0AfloueLcMhywOPxPTO8I7tEgIuajPUx7O0OnCt9XBPiyjHykw3FgzarKzeG9pqmKvecywxeXkE4l3IoqCZp--cAUiRjrVqiFEON-MtsEiiqkNsgSrzthdTGM8XHBPB_65h09yfLo,"<a href=""https://maps.google.com/maps/contrib/112316609844413205049"">Reader&#39;s Corner Nagpur - Library,Reading Room</a>"
P0396,The space 52™ Co-Working Space | Library,library,,,21.1288614,79.11680489999999,5.0,,,True,,False,False,google_places_api,ChIJ75qEkMDH1DsRpdap4z-yLg4,AWCwydgcyq7Yo57UH2heA6VL3K-W4V2drgbKbsT8R0S1MfbleTxAW2oA8OH6_WKzOKfCdVvETez4bGsFwYlVQHCFVEp0NKt-jWt57pLIBhUZV3s_R7RC_i0Nju6IC9z9h9aZ93mI82CmtPMtzi0Kv6i9Ot9AWIdNAC1MJra5jTNEmKGaN3CJsjXLw2nNGDQVlR11hSvKIYnOsEIcuotbHIZ52VJVI1Ni316zAYbCjnWFaOj-pctViDlgYqhRXGJvoRuTRL7rHPr9jG5OXbZMKhx-KzOmTCvK9fhK5pcUHYrl54WCkMmUr8es3UcrBgPddW1ThZOMIrxImEDEAk_oAkJw7-FrVCZKx5RvMLreLy5VtervYJ0UxgkqdtxhfsOKJsQboKrt7qCzwhUKlPyWMMw2jJV48WyGqX9Ydz6RkGlVf1GtnV8p8OZ8ETC9fyIibLgn,"<a href=""https://maps.google.com/maps/contrib/117782384415470668271"">The space 52™ Co-Working Space | Library</a>"
P0397,Pandit Dinadayal Upadhyaya E-Library,library,,,21.1099621,79.1022079,4.2,,,True,,False,False,google_places_api,ChIJeUPve6O_1DsRCv4uaJNMzmo,AWCwydgPbBa3aoQvbA4UgPw5UiLDoGcHHt1o0EX0pH7q5v3WJn5JZeh-J9mnPjl6HXv0lAXfcK27HdReg0IUHYobVbr-ul5ha2N2UUqnxgNdBmGdjEhMBRJKnRO13WfzQtXiWaxhIXu4vP4KnE1GIlR_3r7yfy5eNh1Ze4svBNDUimE3JeyQrXpjHo1ODwVsArbyFfMbTT4CZoRsJjwFZMFR5tK-LqzyQivZaDQzJN2P_PTwfxYLZxsGXT0tGKlIkuDYAYjwVDy2jNn9syF42BWvQS6xGy2yX6RdVytGLbGO7BgEQIdNL5YEvxoS_cw724gsOghY0bbPsaj_KCEBYjpE6ZtUDci-ldloMma0K7j7aGEGB933tLdBZtPZse6VY4pi6yshRy4hcqeujsCjqtB5ii76r63jIb2k9RgBtOF_SyUFPLQ,"<a href=""https://maps.google.com/maps/contrib/107629870499579561852"">Pandit Dinadayal Upadhyaya E-Library</a>"
P0398,Utkarsh Reading Room Library,library,,,21.0991016,79.04973179999999,4.8,,,True,,False,False,google_places_api,ChIJH-LyKvq_1DsRqlP11C9dH8g,AWCwydiAjGh1Y1p9Qjp_1WQcuWgkYAgaBQhU-KrHElXEpgAqpVKPzZAt5snGnUNF7npQSIUa-fA0zRgiM8G_lNs6TErsOWYn3t4Y3VrDquK0Gw_pqMiDFYG3FhVqV6KAbL4D5f_r6gBZqDaVqESow6agtkzN4G24dUm_wKOxwjv51flUYa0B84oq4d5gvqm9uAwoFUxXKkUFX6GvrubNKPPqXh1dInN7aH6VQy1YIzw9OsAaSIBIif-K8qETW80mg-k247ZnFVe3ZGmnfIZeNflnU1pSvMon-HNHbck-V5ZENvqM_tt7d-omI4pj2SkSt7CsS-ZpNiU6DlhNrF_KFypTsUW59cc0QI46uegWSSi6dqFIUYkyJIWXkI37sBiQGcUTciKIqRvYY1sI6pCmmodd_1rSdZhwhG5a1V60vf1OWc9jTg,"<a href=""https://maps.google.com/maps/contrib/113123808525013563262"">Utkarsh Reading Room Library</a>"
P0399,Dr. A. P. J. Abdul Kalam Reading Room And Study Centre,library,,,21.1471951,79.06526149999999,4.6,,,True,,False,False,google_places_api,ChIJSYTsfVTB1DsRMFIiU8sUv0s,AWCwydgaZHwbPe7Wf5NWGDUP0wExbQ-rcbyA6aKUo_x4STVHbsF_nQ2Qhk3m-Vlrx1RUuh_eJmh7A0FYlCaeY86EIggwVtoXETJ6npa0XaMQ2FAlpm_NRXyX3xXPSUd3ZMljiDSFRjjdhZCZiE8egDlVdey4C6L1eKj3Ls52bxt1QHfKaiW_6EmvHUR4K28UJjPyLBrNtf7XaVFnJV-WMfHqP-5Iam17-a63DQPiPsQ34yusTO_-0JC1ew39o7kUaAnOS_ghXpB58OWLBGk-NWwTO7zKG_2tSIx6DXUXvu3zVh_j__w-6ZcVEi5mDGPn3YWLkDV_TJhrTgQXnmzsuKWz1IJwULmNUmpcK2ljPkSC84a4VWS2MfrLwM67_nSF4EKA_jkoApHbwXsJo29-28tpZVS9LInS-qGyBqhYuRfYPVRX1XTuNPPykyOuuGoYvWFv,"<a href=""https://maps.google.com/maps/contrib/109986895832929697748"">Dr. A. P. J. Abdul Kalam Reading Room And Study Centre</a>"
P0400,Pathantar Library: पाठांतर लायब्ररी: The Reading Center,library,,,21.0926788,79.0976391,4.9,,,True,,False,False,google_places_api,ChIJsbz_NAC_1DsRzU6aaHTyYYI,AWCwydjRzyB0LkI19vivAFHBxSMJBHfOjRPCCjm_UorEfJpePyMQdxyt5BqLH6O54prqjd_imXl1mXsiI6Nldq8ab0ZA39tzJcwfXGj_2MKxeugtbca29ZL1pA__S7xjurhfLzb-Hs_VS8mAxLJOEC-xo2alriLTbmgQ2Cjlvoxywv30M2iSZ5IZTRno0ip53-FzJrRc5leqBZLNuvEYVUuIcxdPbG7Yr05d8-dKtZ3N1R-5uLSFoq5XUtJy6bleUjrkvLKWll-tuvvb58obgPLJkmG_QVkOL4zo9fK0qonWsJaa0MAEfYCLLH6kZxRfMhmi78rEXlKvDVDPrtsBnSJRQWTB_A2QKUyonx8T_JtYFzyMmyOZbT-FpMJMZQOd525fCFLgVlrkL1TpgZy1xtmuWTk8ixnfNTfqQo7keij3vmT3Zw,"<a href=""https://maps.google.com/maps/contrib/112675737420949127500"">lokesh mahatpure</a>"
P0401,Vidhya Library (विद्या अभ्यासिका),library,,,21.1298861,79.12365919999999,4.9,,,True,,False,False,google_places_api,ChIJ-URZpVbH1DsR2HqI1XKk6Jg,AWCwydiMnVHHMexGPf7utmV7KrvpvKsFXopdKE3Kh346xMViNUPDNJKpYFuCb6R0QoGrHyhwxElzRx43Fwq1NWzNa5RjF2_kj-y4grlGNufk4PH8nlI-ceZeg5LiheSET0-3rVEH4gtrWMf0fVmitsKdFxms4nB12GWxEjBzFVUwdUb73ONTYvP0R_V1Iqryh9ssJzkJsoXqva1YDZFhddXqOrYAe9QRZlaQCZf_aGCTjg116hFMs14mdFyK3Xk8TNOD9VTGu9JvAYHLkZj4XyPrPkdRiGv90bxWRdeTmmUDqkjbqOIpz_d7wnzPpDiCzMxj9Ra_MwhHuyunp3m_OIJqRroQuvbrlqIHx9PQyHHfgo24_BcOV_VOs102lqAUbkJebM66lyU4OUr5EOMjRE5VRz38whe0HDgfCOPZ2d8AUF3CWc45OpU0cdBqDNXIabzE,"<a href=""https://maps.google.com/maps/contrib/113965179674882714566"">Vidhya Library (विद्या अभ्यासिका)</a>"
P0402,Laxmi Narayan Study Centre,library,,,21.1349519,79.1154478,4.4,,,True,,False,False,google_places_api,ChIJA4Zn_rPH1DsRA_crFqtGKrw,AWCwydhF2z2-P3iPt880Aiop9C6Q-m1V3-KsqAoTxKZdFHCdv7tCJcFmXC7nMxeLfgdZA0hvcaFTT4oBO4jyFBjv-fIWlQVDkEySMSuU7aW5QnAEln810nob9FWorYOLgbKVYqj9ypsRZKO0fpUOEcDJ5RbqncT5leGFoN084b5EHd1ysxdkz5GawS38-WVpeto4BW8rKBRfi0195uzv0EtWNYS55o6KsSeN4YnqjHFuwnb7Aqqd4dMAFDgYoPMV4UC-m9qu8dG8x3-DPfX5lkmJ1YZ25h2em65k18lgprNp17ZEHwtWGo5MBRz2Lch2P-nWEvE6GyigADmvIfK5KLz5RrlasaRGSYabwTWjmrmLiPEFEs3V2QNtrnN0YXztElgG2IgK4IdGyUZEMbJby55fsKO_3idfLE5Q4RiNDLp8lu4_k4hX,"<a href=""https://maps.google.com/maps/contrib/113335423047653051984"">Laxmi Narayan Study Centre</a>"
P0403,The Peace Library,library,,,21.1827043,79.0905564,4.1,,,True,,False,False,google_places_api,ChIJ2fg_KfPB1DsRcQZO1aVp62Q,AWCwydi4RrcPvBTIJnGFgkZ2Exr5hzYJWhvEDikQzHcAAW_ynB_lZdcZdz55gaGgIONlOgk8bR2-YmyXt94iB1vG3xpNqntiTfICofH4_fE2MfQmp_fkFp9LaLyHHLKtA8jw8U53xB-y_c7XpyV6g2Ne08UIDRUW0aguwicERjcqzsxgKffU2x6C_0ex2_gRP_PTgv5jxpIQOw18zqWvF_yKOrGOASrBhxXIigEh1JwaWWmMnCIjrGRTNjvxceBnvTfoNGhtZZF2jg1cLN4Ro4oKdfHxou1WyBqtCfWPyUET9kwqgw0fOWL6mwqlj_Hm0j1FcXzDIqq7FaU9l_HiYU4DW2DVudm8vYesUxoWNuYDLETSjALaO0brevUE-fwbylSShKRseojIaA5JD30S3csCZPT7AaEd8zQIBo42-GZ4FbGZIF5Y_pa_SpDKYxfsq8Z1,"<a href=""https://maps.google.com/maps/contrib/105605960086313882481"">The Peace Library</a>"
P0404,Read-work (e-library & workstation),library,,,21.0979909,79.0985528,5.0,,,True,,False,False,google_places_api,ChIJoe_S2YW_1DsR904zt0FQVMY,AWCwydhdllVl2sDUqTXCnmqLdPrSvHPu7SE0gFG4K37Jr6QWKsaap93tHnPEl68LkR5PMYtH1_h1hCZqmrHN5owN6uzHQaWGPN4Yw6tfB4YlOeHe8cKi9nwf10X_RNLo3WJvU3sg4dkaUdNqojnnlnPqyW7yLc7ER1RugLOUX2-QS2ZmgtIRvDM692o5hjA0w3zZW9KJeb0b7qT-oiYne2LoEW6c4_SVC9FanZtTPL458MQ9Rlz874olKuFI4zBbiCexaNbPGDx10TJHCUG28NksoKL-g5wqBs98pcGOx64vXCHaOYPGM4YuYOAg_VwrjjiuwyhKYYyA5aViYUTf9BnzhHfRhKJMRcYcbHfwr35GYamjR3hKGCwcb7_xGUxaRstUT4isGbVLsvzM40C2NfHnZ5TF4RfmegvyihaQVurj1IDX0yy3-9ZbOd0AkUU7jPRK,"<a href=""https://maps.google.com/maps/contrib/111588132015912581554"">Read-work (e-library &amp; workstation)</a>"
P0405,Adhyayan Library,library,,,21.1051962,79.1408994,4.9,,,True,,False,False,google_places_api,ChIJ9_zIasS51DsRpj458Ic-6sQ,AWCwydjtjeX8fSYINyn98qb1rh6CSEWOayBUdnXlDhmZP_yX878Mnz9u_U_hC8Jz4zPMulOyk-8r3gylKY1IirJ6L8VTl0UuWLawsG0g14hoy9MBs5z1x3Po-k2wd2FHbkm1AiU0upSoPQiKe0mnH0sFl2Ov_8uAHAUHTxGAYFDL2KJzqkDr8yz4dvTyXmqpGFZqlhXpgmM6lH0jtDP-kfUVCmUUQ5QZ9dvnKeuZz-0fy4nS-AqnNpytzipfkUmkplCuR_RHa-Rxcl1jke82Q7d54E4fWDrC_oBBDKivjJ1F-0iMRPaGPOrsQasGn6Q25M6oNOa3-MYBaEZl05NdbF7n17TLl-xNIoAmhtS_VcVvUVAN939_lwqxzVooPWrSgl79tqFyARGBqlA7wJHB1Dd2PO0VEnPBna7A4PTgKhpQZ0B2YPczzM2b-GAI1g8fzjvV,"<a href=""https://maps.google.com/maps/contrib/116975079821948506000"">Adhyayan Library</a>"
P0406,AVNI LIBRARY AND STUDY CIRCLE,library,,,21.098403,79.0990173,5.0,,,True,,False,False,google_places_api,ChIJM1tUdgC_1DsRmqz2uPu5RdY,AWCwydijt3NtUHb8JQ1vhxfRFnhmufY53QU7FXPucqp2U-Z5pWpDbD0i_E1Fj4-hbcw4OjgELlElTt0w--ir89_7soVyNZDpazOMAvodixG5VsL3GAO-_SWJRsuo-5qP5fm0kWSTJfe4d8zvKLaAiilSUFmGHxjzJeSZxktEFd5zGNks-hpTgk208dLAEKln_t8v43BGQRP-r6gEBQiUp9Fkouo3p-UR83eO6u6CooItS3A2S-5rRp7l7Qq1WGLQdO8hwKQOEjVyyrVmq0hLwvqfjeuTkXrFBL9ryRtnKQe3lJL6ZYmQLhKx7RONwatVmZuDLrehLrooYGRyUoFHZHPlsvLQRckni7ZV8_pxJCh5tJJf8xpmVCfYg8LAqCcQHbEK0TqmVVqEuf09H9O3liLRGr1XV1Tfw1Ol6mGbMI8Hz6U-PmEbL7gw6cLEAcFU9CCh,"<a href=""https://maps.google.com/maps/contrib/108441713936658135500"">AVNI LIBRARY AND STUDY CIRCLE</a>"
P0407,Signet Library,library,,,21.1039468,79.0558325,4.8,,,True,,False,False,google_places_api,ChIJ549yRpy_1DsRtLIE8kAutbw,AWCwydjSir1SCaT5x8-GQxKEYx41M6H9r5CGcTY18xcKoOOGZIjfpk_0wVKrM7upsy_VSSwvf8IwgsII8IUqiMu8Y57ym4F3tUrFeRuE2qChwuVnhn0MntU_CeoCTUycB5M2yN4MjFBHUFpCgMIFtiRRFvyPFvl9M-tj_fanIeJnkfUV363mC4T4JiUYraMJ2a2ZFLPF6xDskkC8YXyQAMLEv11yRwqmjtEqcrrSEsgvWOl4Hg5s9rbb9Po4tLItD1z5wMz5nbsXyk3A7eaNikUwYvAPzTNxyY5G6CnjxFbnPXttTi7tG32_toXlA6jRbXrbrVZ2forfdZiD9U4n-9gop_BOm__0RxTfLrBqOdpaxmFtc4KH82NWEMMqwdG6DEVgY0HoIuHEvjof_rdqeFTD-5ttkjcd4fH9b7NE6SoIE-E,"<a href=""https://maps.google.com/maps/contrib/109273497876490757612"">Signet Library</a>"
P0408,Kamgar-kalyan Library,library,,,21.1251602,79.1116905,4.5,,,True,,False,False,google_places_api,ChIJR7CDm3bH1DsRrW-GiIUR5LY,AWCwydhggnZgLBg2Kp710ACzGLgPAVvlHIhJOFNR1rpQxQPMXE_VjzwdJJSphwr5EG10XI6SA1k0CuZnSq3AVcN2LLgpmi8lE_6L7KgZ9UJeXJ8HLFZRcL-0lwclpNu02eqg-_LZIGOjd-9OUDFYPIFXnl8kBjlsjsDbYbWH1kj7QZ-trXTJ_uFHHibebQB_-H028Cacewhm8WGD9sx8EzcTJMZJi54hUoNw1BhRoi1VeygIqKDap6rwwY_DjyY1X9ruvQEjrnLkNVlq6zyvOUeHkoM8VDjx-gynZX4hjdJ2tzkOhXNZnk-Yz8mMoI09HqDeYktHYRWLS0VIWAxxlC8ye2u5X2pEiCqo810Mv1SyuFRrzL58uCXxxvlzJPhKV8HTeAT6uZPycD0u9STN_-JuoAHf5as47Yk8YqALgPfIeOT4whYT,"<a href=""https://maps.google.com/maps/contrib/101815624044027775442"">Rupesh Rathod</a>"
P0409,Shree Study Room,library,,,21.0969429,79.0770257,4.3,,,True,,False,False,google_places_api,ChIJb_DE2QS_1DsR8diZH5_V6ZM,AWCwydhKBZ06DC4OxzyngM9Ol-Ki7igWoEe_vNcYCsOY7BE_95FHjQ2BAopXC1LSZpXVemRQaDFVSg5-EAm7s5mDVNymuz0zh1EoRrxXeqUjKXLymrDMLnfasEa2ZcyTi_QwlqvVK_TFUi-ch16uycuPmfhe8ekk-9oKBH2k3tFPdeyxueQlNhNjefDw9mp3W1FLHK1uHpV04Ky3myKeJXhhA2YmwryaoKctvmTdUSFk3IoTaNI2M_ZaduCfcPQN1fk0E5Z2ieWCubUnKRyjOCVEnVLJUmn0Ql6Z1JUt1BtOBgwYzT4R41tsn4bjLKJZ9_Jw1javraHHaXaJviXsm5Z1slotIhs5EqaxmFVu0HEtsViEJNXM4n-nZkYONN3Q4YU0VICFU3Hhkhuj_970pa8cGlsR3vtdognmju4dbYyE151tdQ6a,"<a href=""https://maps.google.com/maps/contrib/110040879944500082878"">Shree Study Room</a>"
P0410,STUDY HAVEN LIBRARY,library,,,21.1095611,79.059596,4.7,,,True,,False,False,google_places_api,ChIJW8X7DtK_1DsR8W8ZQ_jx5uA,AWCwydiqF0E-EhZFMzjl2h4jSmnC-_HzUIz04izdh6_AosRU3mJRmPA-k_4w5tCmc2xYo-8J8Awy8qWd4dbL_fsjEWCPOATs2ZIVBVueVM9HEYvvPtUGkNf-qIrcjks9BeoR8Y46ZZMpKZY3PpYhO9utktGecmzrt4ULYnygo4EgEfLg0_ac1mxkO-ra1_cglgEX21K8Y-2zr2g127E2Dx_dhCh69J5IOCZrdqhCC63tKuj7e0Ywzr-m7Zuzb-hGxOUI16jAmOMtWPQkanr8dC7xpcfcCCEm7MUMizI06qyU-qBXepK7EDPLhsbGUMDG3Nh_SPAMWn6y1_DZPmPkY0O_tc0KYC86atzyID7FdthExKdPn6CxTg8p258aINdWYdegl4BpddEDKEwgOLwuSWaNWIj2djWC-aJgELpr5ZaOJKsd7A,"<a href=""https://maps.google.com/maps/contrib/111469800506113594163"">Shamila Meshram</a>"
P0411,Asmi Reading Room,library,,,21.1308371,79.0982654,4.3,,,True,,False,False,google_places_api,ChIJC-fTFaXA1DsR1LyMHwISlT8,AWCwydi2xjjpcGNe8Vbj9NVX8RF8i033OCMZalQbBltJcYdpiiv4tSxGYPm6IGcRyI7_4Zu4xV2LKUupMTsUrfkNTwyPcKQ-1cnVlYysMyrSeTmqi3U2i8n86u_8IYg1dssV9I4JOdRDAYLXBr5F2Eg9Ipgwog9fcJ9KrRPO6twaeLVSfOvkr5sSrunk0dCR1DOQe-JKMvDKF5aleq0jelf9B96s_CGdOki6e_z0HKBoOmMs8vKMeAGkbc9tvoIopgAU_hPVBUV7C3v_gJvmnRo_NI-AMCEiaKR0uKXIHWsop7QxCIHfOwSMt6VKrEFGCshJ7JMV1dqycsvCaYzsYHOxaUbf_kT47e14CTNFa8lvgHrXC3EIfnxhfNR1MExiPInU_D118nM0w2_H3Et41KJcaxa0mHm6iVFs-cmjLQDSChshgAc,"<a href=""https://maps.google.com/maps/contrib/110378440333820646293"">Roshani Gandhe</a>"
P0412,"Study Station :-Library,Abhyasika (Reading Room) in Narsala, Dighori Nagpur",library,,,21.104835,79.1332043,4.8,,,True,,False,False,google_places_api,ChIJleUWDAC51DsRdhjh2nup7SY,AWCwydgATrGFX6INGqBXCekCuaoObptc-N9fzBkSi-xWrQavx23NxpNGxbj_Z4I2BNAV8qt7qVucFUgiDJz4NpHZLOZlujimCv33HQp_hzmblb3VzPPEOu16xC82WnWrg1jqBO9jtA8TNH59hb6ly7-wgcfFAKRYKxiqgiTYCw6kj66gGnZ85P7dQpB8GQu8bKSEn--sNjZEgyDHs6MwA4QdcS_onokhi6a8vF_VMdv32ReTOS_WmnX5nIsNBBRqzhDg3DLz8W1eYiX4xUa9JjQIOxm4UfwuYkX8VpXRnQU6NT2uNVP5PC3xA4-8X1INOTJPuqU9HZBrf0KGotVnOUcgxuBkkzZTW9Ea94R_L67UqZg_yhtQuPopWfWMQqODLTuXI5ztGX4iQ6X5nd-8USSk1_IVMBnTdVwmM0PlXzdvZPR7dA,"<a href=""https://maps.google.com/maps/contrib/114017769186618384316"">Study Station :-Library,Abhyasika (Reading Room) in Narsala, Dighori Nagpur</a>"
P0413,STUDY ZONE LIBRARY,library,,,21.1346297,79.1188061,4.3,,,True,,False,False,google_places_api,ChIJARrQ50PH1DsRNmmiGHaCMCY,AWCwydgXZxth73GDRIAvYF2Vfuyv2BrtP-b2paHUxvs0xBRLLWSEudv4LXIoy8A15ycMq8hOVsoBbc8DOBx2RCglBYeQYdd2k3NLaW9ZAfSKbobTzu-PVE5nt5HRK3QRPQJZhbxs2l8r7tIiQhF946MCYTYbje9tkIaPm_u7FZ4trgviCa8pcS_AiaLnIMXCdjX8pWJa9GwunXQ1sYJPaMSPeEHVE2xOkmPTdP4UCjua_53PFzSQF2vJ6OGItJ_43e4BJXj9qgY9e18EFCeKvy0pze39W_ozfRjm7PgOOrJjJTGPdsSV8skXtywj-OJtrAxEU3FY2w2zi3BmLUapBeXR3sSdTsQT2WrxbOdHfG5fnshmCgbDznsDKwjtZgXn2RAYYyxDHZMFdONaVfnfkfhJEElyv0fUaNg5BO0sC6FgcpCLHq8gTGrdoBwnkuQC4K4t,"<a href=""https://maps.google.com/maps/contrib/100643829221180061805"">STUDY ZONE LIBRARY</a>"
P0414,STUDY HAVEN LIBRARY & READING ROOM,library,,,21.1078229,79.0818535,4.7,,,True,,False,False,google_places_api,ChIJEVCmKee_1DsRRTJ16k8dfzA,AWCwydh4iGPJ7gM_Utca_9fjxX_Tq5y1TKOGNwKymA206bfFvus6ZxgNPmGLeKXCb34MRKnYG4Q_QBxAEPwYkPpj4phqcbatOQH6itHZZ9C9dKY_VMpwk-vH5nT1IC5lT_cglq005T9xwB_nr0UsXZc5LCjd-njUOmL_1pYuunXTIMjfe7FwRO2G90ULEa2nuWKiEp0w0Np0m87JNvVI7pf7J5Re0V7DGFmaT4iWPZNX4jvtRdhhoDEvhGA0hsgkzPQBzbfpdJZoHKDFOO16qBwa-1tXeNK1O4VrTJMWQ2xFdDJWUvYg4GN15mzd6-rMlG5tNRklfZdkxzTArVpPwylxtEPxOt9mt7-Yw-_WSrraPDN2OoVC3Pv8lECpYfjlMgPNWX2KHgy9SXgwl16hqpoyG255MrqFgaO4pvOxCsW6VWq8KVOwTdU_eJ3jDoKTMewB,"<a href=""https://maps.google.com/maps/contrib/103109126549823817260"">STUDY HAVEN LIBRARY &amp; READING ROOM</a>"
P0415,RTMNU campus library,library,,,21.1480625,79.0383006,4.2,,,True,,False,False,google_places_api,ChIJj2fsyaHB1DsR_RlDGvQbSqQ,AWCwydjfc9sKtoKp19R75EmVQyoTkRmIa1MhUaRO6n8pKraZS9iSxwGHadC9-DO3tpFLL7UFmVYETLD387B5Avz1EnOzEckwMOPhrAw8AeG12NPbI5FFBJhzmNkdLb13sK0DnQHGZLoYcYFs_Ob-5fsD8PaePjnq2XvK-LCXhK7RA2eSVZaTo0HVWkATmo_39s0XN3IPai0AtVkmNPN1EMjovOxHTDQs-RZ3Ed89I5Luinc0PCELl-ipXC_ctUvb0QPD6ABqSjd-m5AnnOvGCpuBwVkAdZ_aGXSSgfdqwfSFKEq4AYq6MuowzRtM50MByIZ2sblTPIVT5iEiDFv8gp4Mj1VC0Q0_t6O7aLd3LwnRKYy3x7XudwJIWAWrMm-uE5rqG7XI9Af4raCQ0mhkWgnDUbCgzP9IN14eoNKyQgeG-fzysO8z,"<a href=""https://maps.google.com/maps/contrib/107098591528866470635"">Chaturbhujam Nagapure</a>"
P0416,"Dr. A. P. J. Abdul Kalam Reading Room and Study Centre, Gokulpeth Branch",library,,,21.142353,79.059505,4.3,,,True,,False,False,google_places_api,ChIJc_1LS1HB1DsRFaNRUsgSAiE,AWCwydiv4k3rcqNo26-vKDIiGLJSVKxZuRksPYzAFZkCtLf-aK-TSNr8NIKlvhQCohxKCgM2-Ek2ZONm8spx3w8VQfoo-qyZwHDVwcusB3EKIc7nlh6FGkbE14Y7JlAax6IUxRsdckae0cN5taCrcUK5fvdf-f4RYRua9qr0CidRqFwZCyKym8AqRH55eYZDRxbg3lGBg5kX8CmGdV6jG89Dvcptw_YBvErqkfOIHG6Sh7QCZJahjyvkbKf-RdspCV8G91QmSOsQ2qLI6AYYDvuxeYvzYh78mzdWHqLdDVCScO-KRLaCyMLux-yWgyH9SheYHAy-0ldfO6weB3mmVlKODpBbiiQKsH4N5LtbamkIArf73cn0nHYrOQr7k2u9ui7t__zXMtvGc5vOa1WeMgsDfQj4NWLR0DwnDZYyi_ZyM5ciwZwi,"<a href=""https://maps.google.com/maps/contrib/100245186284573659488"">Dr. A. P. J. Abdul Kalam Reading Room and Study Centre, Gokulpeth Branch</a>"
P0417,Government District Library,library,,,21.1388548,79.0800835,4.4,,,True,,False,False,google_places_api,ChIJo50sHpTA1DsRQu5XWuYM_Qc,AWCwydhkspG5YZ1QdDrXuFUtUCYy6HGtXMyHLtuYZRsCJULNneN4c0GHQlNbwhr2syTjhPSQbPbnhscyRYRs2QBADf-YrnX_xlehK7FVuT_WWCG-r-4m9Lgnm_Cxi_ncAeJ7MQhmfmQQ7-LpBpmu4WdzZKLx2-WbDlAnFNSPVMivLAJ2Foo8S1DngV-R4PgrPrORyMZQHtrxErxvMeixieZokseT3i9HNyRL4iWKPP1i1dyJIXb_l2SBeL6XsQG_ZqvjzOFQdUkG0mHpnLESiVkGnySYRIQb8Gsaxug_-V4IpsiBRnLcfxxAyt7H7KXBNyqVC3sic2j54M7xmhIKjyxFSkDk4iAYhTmohFxn8XA3NfB_ZgqQ89fOepbMeiW5_2BpU1drRegf1Wpz2v0tnPy49JgUCuoKKkOZndHwyaRbyuLHFWXT,"<a href=""https://maps.google.com/maps/contrib/107723398733391469472"">sunil verma</a>"
P0418,Shahu’s Study Centre,library,,,21.1249894,79.1178348,4.6,,,True,,False,False,google_places_api,ChIJfyvjRwDH1DsRPGxCMOnXU94,AWCwydhkTER6ZzrfqKCzRCtQ6tMJfeezqSGiPXH6QmTMfv-NJwu_7sJJEnom9tT7GzDH2b_yBjWo5FVFdgJuIrf1nns0G3lf4IP9o7W5OZKCwV9s8BAyT_wgihLTfyrzsXasuw8iEuCVizQwDVi1EmbSfvuHRzLJvUoPEZWwhAaSLcW_M1ZJaItptyHL7F6us_Dk6wk7YzF3JrBlm4z5RQaRuPMl3LSJrwxK0gNgpqnSaRfLbV6V8M1PYppqqKyIHsEa6gKxCB-d3XaCfzoGycgKAQAx_xS9m_wUBJqgyb4v-NhZCuAUnsgikopFsejRvFjsVHavFDAnZGLYrnTzIDBxeMV5pwcg9oCAmMiwusbEFiqgGtJgtf-I1j2dqIJUtARZpbN3ETi80ikW3T8sQvDdSFgrHAv2I8tXTR5BHHgTbsuFqzU,"<a href=""https://maps.google.com/maps/contrib/107712454751608982280"">Swastik Shahu</a>"
P0419,Dr. APJ Abdul Kalam E-library,library,,,21.1248484,79.1099608,3.9,,,True,,False,False,google_places_api,ChIJs9H641TH1DsRJznPIKuN_Yk,AWCwydj1MeRz2o8umSafZ9PM-Uq4rOnXuCc2RihtbgI7CQYOMaoeJ_ZZK7GaIeP69wDznb21299eBLXUf34exMg2PS7A0xYb9JaQ7SFdT934GiIYuVNe4JU1Ialk0HlJRKHTONGFLkzxRVnjD05SUiB6gR22RX8Qmb5TyiQpeU9RPbV1MUgcrbKZzAjp5JNdgGs0d9q6bQbUSgWcZcB-Hm8Zq682Dn9avmQrFFNef4-1W1BlzmjQMOHTm9u8FNxS6QwcvNEXzmQ0ghdhwy3V_-aI8utLzfFxkjgQ8amz5Cg3TfvvRpDDMLtjL3XF5csG7TS9IkB_vUOuF4VY2oiRdbbQcXd79Ma4Bjolo9s4krtmI20qjmPYMHM2BiQFyFzKeZfdMqN2qwVkgMWKGPhyXPaFlmH5w0ssy7RtDGwgBCuP_oS7CT3p,"<a href=""https://maps.google.com/maps/contrib/116431547093345288240"">Nandini Bendre</a>"
P0420,JAHANGIR’S LIBRARY AND STUDY HUB/READING ROOM/STUDY CENTRE,library,,,21.1811015,79.0673229,4.3,,,True,,False,False,google_places_api,ChIJH-IzmpnB1DsRyb0BKL_sw4U,AWCwydg0T9h_H9L2b8ZCfFWcTl0Ro6k8DwJzhBrU3ujNZHL52VQyu3Hy9m8SVXAEXQ5lhjumWaCuRBw7fUpJ1VeGOPqX5YmCG7ndSfK2VvJckfWsW-cAw525y9itmALjel2U6JsUYlmfjmgE5otnWx6dOurWAeTzZGhaerz-RfIQmO2nD2x6QhSsm0PqLDDtAC5w6es5YzGmoVacakpjoK9v0urEGuw8_x2MAHDC5L6DSXi8uVyJ53FN6ebv9RQj-QZHnRyDC6mZG_O7GUtN6OO-ns8hwJm3XRzhYfmsSbendA7keaoc-Pbthqg3RqAL03EpXHEQaM9Qz0j6U77dRS4R_UJTq7061EpyQ9ZqaCXlyHhCZ1eld5QjnTBvQaskL9QPgaM5q9PDgLbw0-YwDffe4VMx2T4zCce-VhJDUqYj71fGyg,"<a href=""https://maps.google.com/maps/contrib/110734478887412796409"">JAHANGIR’S LIBRARY AND STUDY HUB/READING ROOM/STUDY CENTRE</a>"
P0421,Horizon Reading Room,library,,,21.1257232,79.0930698,4.4,,,True,,False,False,google_places_api,ChIJn_iczqbA1DsRyEOG91hVBhA,AWCwydg6H3fGN6w_Af00EcbbKzyN8uZal2uLBRYphbV4IeAMmcKE-fMJVduEVFE972sD-hhm4IJxVJYy3kJh-2QalBpCisqd1vUfULejJ-TKVHlRqz7UChwkArpogbZU8l8RxACT-5E0502qLKYiL868m6P-pqd7V_IfbORZVuIynqdZcRVKZo2aoZ7bdlG5eMWYFhIFJhr4JLAV8nnA8qW6qrgJQYPg9Ym9kpD4O8QfLVrNvVvzvRTnipnLBw-sbu0-opxxfRm8nq0HxU3qVN9gSu8-ARoYvZE5kB_BmxMz1N8DgVhvOPkUjnVml9dIUml629UKrhENPjhuQYk2ZojpQgoQtDbIyOJExfXEmtG0HPIJgShuJgxqYz821deWWpWN7p8wr9KWWPn7pBl98WmSnHL-_Vfn30Jwcf5bVdny4qRN5Q,"<a href=""https://maps.google.com/maps/contrib/106550959778098319717"">Horizon Reading Room</a>"
P0422,"Swami Vivekanand Reading Centre & Co-Working Space, Somalwada Branch",library,,,21.0978011,79.06976089999999,4.1,,,True,,False,False,google_places_api,ChIJwdE_A2W_1DsR9iaOlcaqB1Y,AWCwydjI_sMsFk4oknsQU4KLz61ICOOKCivWdwTJ7ol-JglG_R1LXHexksgFPngxzERceiaDINLCe_kgGOUfR-U4oxTad-aI7BVNL2yoyCs8n48HfTWYbEgJp2p1cSacafPF1GHcdP5H0guDrBSextm4eUyWBSPgfw-52xkM1HKQ_jw0pKVfaLfGJsIljmVbrkgV-C3Zqye8NKcv6xr7JRhXvTEBe12yx7UkzCk4O0nc3Dn5hJPzzrfNmIKciG4dExxBUqhcgFSDSI_P8j2NJiq1l9Y-215uI2C1JlKWNETT3eHClcSID5w0rUC3r3vPBouiP4nU5G1M7Jsabp2mRcFam26FXm89AFNdG1nVSXR2LYQh2YkueYbApyPxmnYxSauu79bgmI6w1MBHgFgIJwhp66K8vLpRJ-bdOrMwYwBO9pbKMiM,"<a href=""https://maps.google.com/maps/contrib/116069322684548809466"">Swami Vivekanand Reading Centre &amp; Co-Working Space, Somalwada Branch</a>"
P0423,Sanyam Library,library,,,21.0990151,79.14824589999999,4.3,,,True,,False,False,google_places_api,ChIJqQTcYQC51DsRFMt9sI-eMuM,AWCwydjPjPHlXz-E-DjQwI14YkBoFcnx1q1SuyqF46iQ6pJ0Jmd64_gILDrtzjjh6klNAO8mw_yrvSfJJF1f2UgdtlEjSXREIZqo_ywPykqZ6kGF2kTt6yPzjyT-l6DQ3CORn9-9N3JPc234lF8jqoawAFTBfUl-zfZLFfg5Az-rLnSJIiITuEy1F-_X08AWL8ydU8mFbF99lBH73799451uqbFDTweoFGFydYVlnUPty-e-ewqxL8n0gt7KQOr-SaNNzhsFV4Jlzhq62EDTQ9cRbYIDlUbsss6TIGvJLee6cwmA3oK0_lKA8VVmkdIS6zUhyqI6OrbW4F5iCoQahErE3f-1FEfJciOdXnz4Rr8v4S-ArPOlYWEITZaBS0ebNSir3aMzKH917jTU8WJYv9mat_ic0a1sspaBl-ntL5C0vfeyag,"<a href=""https://maps.google.com/maps/contrib/109687506465306534304"">Sanyam Library</a>"
P0424,DHEYA ABHYASIKA,library,,,21.1205458,79.10562709999999,4.3,,,True,,False,False,google_places_api,ChIJ7drCO8O_1DsRACchcGCuunQ,AWCwydhIc3wOoTMCvOUqLR2MlXqQMhrbYwPuQnVXnkgMyRhc0zChklFDSACJqPiIF6Z-6AvRsSuS039S1n433iYpL833gcz2kTJvhGHVv6O6dosUpLdqflCV4-TNCMvUx5-962bd5l27gJtM7Lz7fHDcYafXT7RsE0ew3e5Pm9s1EeREVFhfgtg9rirbz4jvtrfMf9cM8u68nxGXO-DnVpb0V5GBu8VO2N14Nr9A0AlN5mwtqJLeZ7zVfc4uWoDuOsBVmKzFKU098x2J6HXVLNASZ9BSvw5eOVLAAf5fNtP8RzuaIFQIVrjmiLwdAsKP9uwcDcoAO0p-k2je7ILcmDfxXzqe481vMc20B1JCfimvhyhuUdxHXCX26g17RUw2Ch1_bc81AEj7U-02K7fA_2wXNtuzDfl2TLbgGaKb6XeghgwCtQ,"<a href=""https://maps.google.com/maps/contrib/100982221599964856884"">DHEYA ABHYASIKA</a>"
P0425,Limitless,gym,,,21.1483125,79.1334883,4.9,,,True,,False,False,google_places_api,ChIJnVblo-HH1DsRvgeFJLhx4MQ,AWCwydh5aDWCh6B7VfQYWoFbOKcLjA3JNeFOpPD7U6T30ttuuONOu_RaPUWxlFYDKN9_2NM7UyM9tjO01PJdmpZlKJ-HwRjT0uww2zb33lBID-yZ_Z_uArCtvOMhcmQCAS8c84-GiwXsiOGQ6yRNGpM6Q1xRQAiSaXO18nCsTgfFlPytTqYSApP0K1_8APWsWB4y2hLvpBGTgQm8PpIDg4T9ADZhiu5xFB0CEg3M8eqBGkm8SsCx4dsyqXMhCK9h9pQUR9nXWrRb6nbT5E7PddhF8VCvbEG4Qg_AJwi5aT-LNse7kvRzKlI1APVtHu5oyI-KtmZ5jCi9qUBvOp6UBT4hjDAKMv6CqFxJVm_3OZ3axcseJ4L_8HRXjprPN9bQQSmjGW5oLJ4WWSgGJZDnNu5_pVVPno4BY9wOk1_SK49K1cLTyewV,"<a href=""https://maps.google.com/maps/contrib/110402760000338927446"">Gaurav Chachada</a>"
P0426,Fhive fitness,gym,,,21.1155341,79.0384535,4.9,,,True,,False,False,google_places_api,ChIJ9a4EVGu_1DsRgtOmAQTNAQI,AWCwydh2vhEy8k1zqrSpmiYDv9ENPtwWyELQTb44gGwU79nimXwfG-ubg7JGVVUirhmwl4EW_kOWlokvbQHPPCvhKN9Y-j2o9Obbsb-WWehZPZbH__UaO_klDziHfpapllHMcrQqMhNARR9GXZXVcY-sZ7GhfQ12UYMRLWNwWGwU7tOt4uwyVhgVsVIT4xruCwRl0NyJOpTzZOHI2-POGdLKO9PmzGInp1vCFoqMszHnrQM2i6_LzkQ0pBHd9GFFTr-YQqGOa-ag54RJG2TmUR0wxU3E2IP2c6hQtb_FM3yA1N-gXWrRcR3jzFZLq6HMJqOpFxSzqhl7VYX9OWxagckc6aXvCwA3INz9Lkm7v7o_kUlL59G0s8Rmw5vOv9ciP1C2rztI-UkE5dDzKgi8jgd3wR9Mu9NTPFBKCgbz5yBUAbmfI4PC,"<a href=""https://maps.google.com/maps/contrib/101476493900220046843"">Fhive fitness</a>"
P0427,PBS Fitness Studio Nariakhaadaeast (Womens Gym in Nagpur for Weight Loss & Strength Training),gym,,,21.1478154,79.1348852,4.9,,,True,,False,False,google_places_api,ChIJz6G6Og_H1DsRM7BVaUOtUrY,AWCwydj-Mse8ziCCUgo-rdYoUNvu4u6lc8hCNWTNazDH8za8XZ98JgYWP-1wydvEBbzJ8_0RtiNc8O4mjv31bvKKsK__pjKU-NCRFNiyA0kPY8cN9rnm7Nng5nP_bGJJUSDWVbEqzmSobUFrpNLXo-aB5LSl8GRPT1uO9Ys6mwXUOL6v_H4wyfz16ZD_s2i-UUMO5Cnh0QByGM8cpWUc7-jamTw6RKc35VSgr4DYqkn_cMB6hg5gDcBptmnL7w7wwtGgHytrGAerwfjwkts_E62vSjtobROFabHNYKw3rTZiw35lFpJCTL1lAELjYEt2aOJzf6PuITsY93k7ZItAuk5cZkfq_4GZmIbll2ArdZDlqGVVs3bmLp2uQ60X27VhA0Abx-lTVygPLaRt-9-uQQ_A0bE_9Qxy3aCy2uuS1zg3JDwpbnwKIDbOsVM2dpmxsg,"<a href=""https://maps.google.com/maps/contrib/115110069848166841635"">PBS Fitness Studio Nariakhaadaeast (Womens Gym in Nagpur for Weight Loss &amp; Strength Training)</a>"
P0428,Suraj wanjari personal trainer and Unisex Gym - Best Gym in Nagpur,gym,,,21.169143,79.1019697,4.7,,,True,,False,False,google_places_api,ChIJeegGCcDB1DsRXFHzEYCsB4s,AWCwydgbJbkc47TbdGDQR4aIZrrzzv-XtY4P9Dh_Sojog4H8QtkLMkv_Tj0l9OSm84FSaCSx99N0rzxBUNBwWwkk6zqBp3Sprm4_7gKjvnlXm19W6b6mFrFdxaeJqCMHG2ScyrsYGGcaFG90NU5_m5fnoCLTpPgw-gyvsPBu7NGtfEKbdY5LXSNsw0AgRYOAm3SKuhCP2bzq7K0d5JErXSyIgmjK9Wjj1VBYQf_YvKjFL_9nC-oowUBt_0M1aJFfzju2PNvRCQFUHG2lRH-bNDff2m5YFM8gnfXl4VPjp3LtSCdknywrNDNDCA6tQwjNFwUk_QJzFdS2KBNct0HR18kYkKGYNmTPkN0XK3_DMNETe_7Mrz4ApX6xo192aplXvKUN4xkDWeLbVa5QcOFBBoCAcDSiJoKLJSaKyzFsr-BBYY1ouA3ft5BF63fchZLkKKqq,"<a href=""https://maps.google.com/maps/contrib/105843297757277013417"">Suraj wanjari personal trainer and Unisex Gym - Best Gym in Nagpur</a>"
P0429,PB's Fitness Studio ( Nari Akhaada) Best women’s only Gym in Nagpur,gym,,,21.1813934,79.0852275,4.8,,,True,,False,False,google_places_api,ChIJc1Dkgz7B1DsRjtc21RsJN-s,AWCwydjgO61YeN4uScueeizJpZtWlMz9CMgmGRCz4cRi4JU1WLhIyO7r4c9nWNGb4esa_RJCivvRVnZ4Y15BhadT2lMYtDrgI6T-jU7gY42rGEot027mwBQ2Q32rPKZwMfJc-2fPCweVSrVcp_EyAZ86o6C0QPWDbWjHNuXChdzqTtD4IJG8SJBFiNccEVSWrFi8O-r5Lz0aHxHWbBs1ih7hKLI2vRR3IC5mYsTBjwS99KmT_Ejv0CsCin09WiXobBdZIEEQjQfZJ3P3-DLFZl3wnG1I2P0skAj2CzFdGSsWN9MYzgNEPo9FADQRedQ0yEsI4SWvfcdPG6Q1_BgeT5C7ngKV2Pc9126ptonH44fBDLBPTq-VDXZNKkt05inITkZObEyYsDMCjcHE44298_9tVEPL2MoI9JAsiYunF4NTL3bDsaAt3xZI9IL561PM_Q,"<a href=""https://maps.google.com/maps/contrib/110042197079841121503"">PB&#39;s Fitness Studio ( Nari Akhaada) Best women’s only Gym in Nagpur</a>"
P0430,Reps Fitness,gym,,,21.1349145,79.0701035,4.9,,,True,,False,False,google_places_api,ChIJL2xKSobB1DsRZbXGjielCjM,AWCwydg0AcwDnzwE-Dm2ELUJYRbpZ5tvtJxUgry6FOpGmUU5QXye342hAZ_yJ-lWKtsy57WD5IIDtxoxZO9MKHoi5KDPW2igGUFQS8bsgfZgaNP0qjwru69ikYKQZIv2uTWJOPuBN7wKpoCKnd4HBn5VzfHjDgJk2WGBIloITrmVSTwRnSyFNcYmFHE1dAApFf3BWHeoOJek8W0yQAWkAAenOn0KfvAvZuKI5OmvkVPHfLuQ_jjO8s6dIGr6NzDEgbuHNsIrqr6oGATCRZ7rwAQjwj7iHQhpVtJZnxMUov2v-OL2bwlsPGfvEMJC0eLX37tVMM2mTPK4fpxIALsBybF8oETYlD_deyMOwkcd4r6jJ78CCmDq4OCjq8LBvQ57y8MEsKsK1721fb_CFW6MhbeICUSeMFlgp7s_zSDZOqGWZamlhWlqbv5Ht9cQtohH5bK5,"<a href=""https://maps.google.com/maps/contrib/101766746691335154975"">Reps Fitness</a>"
P0431,Armor Fitness,gym,,,21.1076757,79.1166721,5.0,,,True,,False,False,google_places_api,ChIJDd5FE7G41DsRVjNVdX-QpqY,AWCwydh7YmmwcPnGkRjCJx_xhoqY7xhuhE7fV-m8ujbkHrNTfp90dwXnUEKXh96DwF-kBZqsgCDowpwe0qxFzkrlsatYhm8OFMVALksHzFQruJIKtxfxwCyJVa6hrD2yQGyTJvRnEqLSgYy5pxVhxvo7MUtg97X1AKD3P3m_FHURCBcQvVB4OXCMyhye4t5pDy9FDJprMzi-ZrD6Wm_YUH8368jPrMSEcjkz-24ScH1kbjodYeu3YWF_u32ogt59UDMzOmzlcN4ZIPvKMUVxYqlFHfuGXe8J4-j_5U7LwKm-E1hZkVy3aFpHmKxkC_iTAcxiQ-YRLLutjWqtRrPTZZO5f5TxH8vmKu771jONeQvnyeL3cd0DzBQrbKjCaPSfCt9QA97-3rWFRMXeelxlEqX0AvwPtXb_C8QTSG5NS4FCr6ueUrWr,"<a href=""https://maps.google.com/maps/contrib/112248218936910156463"">Armor Fitness</a>"
P0432,TWALKAR WELLNESS | Nagpur,gym,,,21.1162875,79.07192049999999,4.7,,,True,,False,False,google_places_api,ChIJbb6nUCO_1DsR5DGmDMhEKGg,AWCwydjiWtLs_JlAsJpnyMgVS4I705TP47xskR-pmPSBAMhiAeKNXYgZSJ0pe2BIKO4Ax5NPxuHkXh0cYfCPScgalSN7D5Nac8kCqkJ0qpVUhTIl8c7Isc3ekWeVkxR8PvDl2tjHm9La3AdCxbgA64gg5y6J-uG24-ueMKravQk0Cmz1BPs0Po7Z6xZ0vq7AEccsd_K-wjFNJYWeuWJbCPyei8EREddSfcdoa_8UKAnViYNPLJfo91tYYQBM4YZfsjs-tmv4n7UPAliLRwZu7jXCpKae5x7rV1qxbanR_AZ_Bv25ZTJx6ubNVbL_a8LPb0MN-gYaZQgahZ-qVSUiikUd31cCXtwlIUPtYdlzMDvIBHh33bHPskkGi6ZCEPy5-SvkV2aOlPv-dfbEq4UEqDqj31RgBX0T41FxrB9hh1fshas,"<a href=""https://maps.google.com/maps/contrib/115824359552007902106"">Nishigandha Ingle</a>"
P0433,NAGPUR FITNESS CLUB (NFC),gym,,,21.1075615,79.0689977,4.9,,,True,,False,False,google_places_api,ChIJPe2CFDm_1DsRfnUS8RvECxg,AWCwydgSdUkXXlD7eRomTQU2s5wJ18OuFBlHgKAcGYwVL9d92aicHFmDMnGp63UMKRZcM3-hirWEixCt8uG6dA1eVeTp-8dmfSi45ZAuRIiId-TIMwaUcVkiQpjVZ6RJ6RdvMqnFTmW2zgRc70M8t0bP5jt64CS-7C-xluIQtZmOR_UWwVwfceSr_TKTehbjSIjh7LMUTBopbg7BXO6JhHdX6P9GnPN_BphDK89sddBiyd_Kd1wKZWrAFuJs7wcEPYNzicxSp0iNNCXPoyVNlySVpkLoGglIXYfrNQqYQpTRfD0vJ0JqU_yeHdf5ArjBp-4MSCuBZSlkLv96g8WSN3hT7nCUjRSneC_vDhARCwrGvaWlo5y_A_afFNT159HxQDtvUweVkAzwYBkvwOKsSHyQaMSgaELQCVkQF1tMGVTe09icUS1I_modzQM3QQjE2g,"<a href=""https://maps.google.com/maps/contrib/116244338765676768398"">NAGPUR FITNESS CLUB (NFC)</a>"
P0434,SWEAT GYM,gym,,,21.1295278,79.0626944,5.0,,,True,,False,False,google_places_api,ChIJ7zKbZmLB1DsRIlGv_lwagmw,AWCwydiE6r4JOkw5MG64WEwua0JyC1lucUqyiXv-ocD7XoOyEE41QSMUnB1FvFxvpTdhaNehzaP38pUo2Rj2ZPI9a_GUL-Bgs6G5slbWqlNoO0RFz9gohMUBG3WvLLLAD8b3LnlN99tcVT_t9MywvQWgT_C06LhdwRMKNrMs4y1P13HIOfa8vXSO2nRBcgo8CJBajdtiybttRocEEgPqVQtmudTJgwjuiVKGLv_RUADkN_TmeeKZ8mcudmaf_3PvOe9L-m03pdN2vBPAZ_LlFa_0gd6OFxLvlW-6AIah80D8PPoUWuWhB-tE7xkh252Cc6OBA_5kkEkOnKQW0_JfvnkBZ5tzxFc6-Hs3q7qV3CREMzNZ5BcXs_hmSIywBOYS2cxscRHXQ1lch_bi1bfIyUBqjg7FEUPhLqlQjyAFtGfYSnOD3hmjCmugafoeUNm22hEP,"<a href=""https://maps.google.com/maps/contrib/112021219684892016861"">SWEAT GYM</a>"
P0435,ADDON GYM - Gym in Nagpur,gym,,,21.098719,79.0847534,5.0,,,True,,False,False,google_places_api,ChIJIyjyLV2_1DsRc_edoGaW7B0,AWCwydiXFMzj3h8Ipbipekb-rSzoutMAVPQhKTOFCP6YijJJiucn0BGlbVcpNvF6uMgWhsK5UWpLIlT2OjNOcu0VckB7mIz7H50jStCf8YmHEa8mBXkooGtp-Tq3G_cwR9s9lKBTVPc_hNEMsPbPTflbH5gg-qD4ij4TBAl9PH0M7tr6NGQdOdRfiClQW8ptMTixEg5C4AzfCifMOyvdSO9S4MBaLF0MUNSRrQPoAvmJ-mLhlEBhc013lTKtBr7owSfmBt9Z5yFXpAoFjO73ACP4qG_7nbrXlTsEn1Ot6Lj5a3n2zSxtfIcwGadcNVVVxNQ7u_djyCphWwROTmJ57zU-xk3kImeUt9CiXlG4AmltddAMXfJnuBE54NkdYzFe8-AwpXhDwEoi4JYOagowjNPhQwtEXx-oQ8nS2zUIIbYCv_I9OKFGPkTXePqkaC4zWQ,"<a href=""https://maps.google.com/maps/contrib/103432476284373554133"">P.Kamble</a>"
P0436,SPL Fitness Hub,gym,,,21.1719152,79.0388172,4.7,,,True,,False,False,google_places_api,ChIJIUwcesnB1DsR20h4bTCN8HI,AWCwydikmlNOtD7o3rJdNxej_tYteDMHLh8w8UB_sp3SgE61wN8ftCs68k9nNzFQbYDxJ5vL3opgpbwM0mlAMN3an4HIVrHNXzB1h9kA81zcBuXyWuquBm3lfZz_6fLQQdT1cd-896zrKLHlTTFXeglu5woNCiBaWxUQJbmKXgKEqw5Ig1fYwryPuIsjPxBbHaIka35ULpq9M6r83TQt0bB2pzBuLTxuSdO4VkHVDLyaPnh_FAexORfv-visII4mhtR6V-bS5s9stgDwkaG3KkuFQtCQBclaR7_9gnCajzighwfSW5OkR88i1hpIOPkfccDoVu_kX4VEj3LVnDMeTzNW_665Nttt5F3nyLAoNLNgmhoC6WjWY6tzXcvrSrsu4ANibwDvEmo6baw_yimfOMO14sQ-tus8rB9lhwpFESKoLPT67bs,"<a href=""https://maps.google.com/maps/contrib/112662498915503312652"">Suchismita Das</a>"
P0437,Fitness Courtyard,gym,,,21.1383251,79.10299660000001,4.6,,,True,,False,False,google_places_api,ChIJoZLArIzB1DsR6O4vo005dMU,AWCwydhacB0WlO9OLoFMxX_ixi0rSxD3LSbzT2q8PDYGa2c9ExokQSLWYQMINxKlEBlGs7D9LojE67eTbUnGm53nWnx0X1719hbWa_D6m6Ps4JG3Uk1mV9guG8soXksZiiwju23r8nqC0GgksHYX8yY6btZhNQFzEBfOIQZBuVWLO7GsuKDNP2M8UMeEXmIxsgozn-Wz57Y8bY59RRqUBp4UvLcLboZ9ioyrJhYdiVDaJSSQQWFny7ohCCPMXYAfoe4RlJyfYocLAYGDARM0epnyv1LjkUSFwrMuf5JLFgt4iCU44dYNLPv9Xr_75CVVAk6rNBFoDCPfbV3_DYXr04SyXumjKWOHtKmKqXnSqZgdzJdJBw4N3lClqDkruWN3BfZGJwd_TOgnQeplzTkvaQKotWrfcfAvwzI3K-DL4KkEdEOsMQ,"<a href=""https://maps.google.com/maps/contrib/103479431770975483612"">Fuel fitness courtyard</a>"
P0438,Endurance Fitness Club Ravi_nagar,gym,,,21.146454,79.0548203,4.9,,,True,,False,False,google_places_api,ChIJoTPpWPvB1DsRzuitfjxUHUA,AWCwydjC3k6Ay8SPO_WPkKMPf5zwHflvEKbkrwyBWfxVcGH3rvjaYElnshVWcdtQAIP3BGN3DJawLK8-C1yioGbtt3u7yp4GssHATOvkud80aoPJJMsOLEOtCyQuewmNtqw3A9tfADnM9TydHbICzyQ5Ajsj-ssQ746WGKfX6xrHOpXlMqjl1nkOQWaCE_2vEP5pNhv-ALbjLc8Gp942Yhpn8pIj7lBzHKeOULJwY97DrfiDIc8pTZIgB_qpDpPK-d0BBzU84WW9_PKaA-Fuuwn74UkZGWDhozGCG4z7Ugt3fGEoLEoq-tbbSZaTNga6H6cIl6uZAgRVayIq6xnjvHA6j3T7seIYlcr1ObKrKKPn7SA2_T_jPlOUdTpetdKfETxNNCIlMGapQJX-ZZR47sEVeddadAs3dCV1kKPP7vDkSBDzUQ,"<a href=""https://maps.google.com/maps/contrib/105729634589902651513"">Endurance Fitness Club Ravi_nagar</a>"
P0439,Fitness United,gym,,,21.1674732,79.090094,4.7,,,True,,False,False,google_places_api,ChIJzZFgSDrB1DsRXki9DUsXOTw,AWCwydjjt0_LUwPhbR-LIkElZ5_PJ3NBiC1KIQI2uGYnipGvvLgrJ-Pj-5Dk1dws7H1wiAR1hChXxAwEr5AAePZSxzQByuRY8hQr5p0L2k-x_2YXy2PBFDC9VrHXxXw_30LziATA_q_y_bSX68A4YMXOyA4TzwiUduF9MHmHirbbA3kG1_gq0HfRNikp00WMqgHhFEU048tB2ziw4DhevT0mkj0ECELR6kqvwrYNQOEQ8neTsG8zgVwaIRci04VdUseQj0guF-U-zzbmslua9MgqnVhISHeTonv0CoECyj1W1tJe8Tmh7JZofE84lV8awzj3ecsYPZCUTVSBgGgGH3fdQ1J95OpVti9FdgnuBNUoc-ykpE4yYBymLJqfIJe3ZuI81MD0ATsJyjy7g0WdbhNIRVz8W2sFSw2gSEdk0e_8gjmrN6fL,"<a href=""https://maps.google.com/maps/contrib/118187816985656199140"">Fitness United</a>"
P0440,People's Gym,gym,,,21.1355312,79.0690384,4.5,,,True,,False,False,google_places_api,ChIJRwKVPInA1DsRVfPBZO2NGHM,AWCwydhp9tiswC2qpybtFEwcAOyAIeNV-DHMaBpspFD9Ta6ZdWvy7a0nGq9X9xzDFs6bh0Wyu80byhj9NY4IQI8B4K6PZebCLDkgPPUWzjAGfk_9kgKjQ9HXhBA3i2QkSvEqFEOjDUb2ko0tO4tVbh5wn_ltKbLGyMeuT5qrHOTw5ZX5gFok6FBQUR3IvX6v4-pTNI2v_XZKr1TyP1nIA2UC8rM2Y8lN0hL0F-jv40L5b1k3hsd7AQGNz40X2NlzYX5ocGztgYI_AzRxoU3puXBieT2BVYM7I_S35WJW9r9NHHjcyW9cPFJkmP_rdKmt2qoKNTQhEzD_5YjpW5wYQgQcJvid9cqXOtyeJtIl9aQbkjHqKwjtGx-Y2Sx-jOKdUAs1cPyCdY8SGTBoAREZiCMrkge0qBvsGN7R8Gpc2FYxO3F-8_s,"<a href=""https://maps.google.com/maps/contrib/110159749603799652218"">People&#39;s Gym</a>"
P0441,MultiFit Nagpur,gym,,,21.1458068,79.06152809999999,4.5,,,True,,False,False,google_places_api,ChIJM_NrrGfB1DsR90ULoYodfrU,AWCwydg4ABKbUiNq9YrQSFZw144jpeFBH4SSrHguCQAwHtLNHSN4IGgIdJhFJJ-EOIkKTJzLXywuyt404ocYTdyicDhZRMDWJwbA5WpBFQ6Zzbu891iFqL9PXqrOEKKEioj1HvrDd3stoZ5_jcVLXNGmS9fI6-i8oaWs2yoL0uMs9F9U6iCFrZBQbUBhZztVDLyPe3Egu0d9vkEjFUWNzGWSoHKg-7TtJZDryZvwlD_e7NX1sewQwa_9zcbtCxO6fPwkCOTyPWR6fNFqEkyitShZHjImW2Vggme1i4wJA4WZ7j_bhSkbEHC0xBYo-xPk_q_rcLGhy5bY4oudTq_KEAlGaND1x27US6oZw5FBLA69Z_14vGyRD6ESPNMT952rpj4U4LpspTLshEeOFNDNbfrILVO3uvntKxrKK8CMtKaSCqA8Xc_7Aa9YA_k25ycynRJI,"<a href=""https://maps.google.com/maps/contrib/116157240902443115916"">Atul Somkuwar</a>"
P0442,JM Fitness -- Best Gym In Wadi Nagpur,gym,,,21.1479653,78.9911623,4.9,,,True,,False,False,google_places_api,ChIJcYqc-tPr1DsRx2a0BN973d4,AWCwydj_zd5eob454PnW-Zq68AoP_EbWg_7Kmc_knmZ1hC1_iOVjSGGaEY6mEaRN-e-eX81r0WObNCTyV-1-ktqBXvKL0y3OaeODDZmu33HYRfUTdlQhyX6Um64jf32EAzaujS0jBkQkEVug7dV-aJkPFwMepeXSq8_0DdYt4VqlOdysFiTBy36a7h4Ie3i5jrEOPM8Icfw54XKHd4cYqo1s5GtKrfeO2iedm1RDr_icMMpaYVdFyYWkZ0p5NMBd9zCpgSLcnjkX1INGC0lLMD_tGACLvB3ImTJXvbmjIiuVZ49Dlm5OqxMm3J0cHrLPvqDV_bG1LUljvaW6n3DM7H1j3DRjVzH1iIK02EtVJbHConCiN9HYGSwv66HP_U5ILyWXoGpCh-mOIawuEjYLfZSsT7tRzYnnyls4SI8TKQfyx9xsZQRT,"<a href=""https://maps.google.com/maps/contrib/117391547612149997796"">Arvind Raut</a>"
P0443,Synergy fitness South Nagpur,gym,,,21.1172827,79.1109254,4.8,,,True,,False,False,google_places_api,ChIJX6oosMG51DsREjsILaCX6JY,AWCwydihz_r_q96tGQU99kRAzScbUrSs0fyEQdtI8SZxgCtLvO4MiKstW09RXCCaBHh4As8ncM5ihKagADGAETnys7aS4p-A1n_Iw1fSm5XNV-qd1vfAOQHNYKkWFe5FA3EBD4mrw4h8-M40OBMNSD_YxuVJhrdJsX8VhxJCj2VjGL86flhPBkfNjdm5_wHIwipDB6GUsutZusXj9u5yCNFnPlskRc9XUo8zeAjRmc_42uRfm6SVXj6tKD8zjGyINRl1oI3fUVqIk1blveq9UdOcgGFTjpeIpMXic0clZiBJ_2DhcBZ_dL7RMAxkzf3ki6Ooff4LoL_dHipNvD6IyG8Mv79qLENu9Caarx8xRUYGLK94LiCSaNXXedDZyAwOBhUXsC9IQNr4mQmQJGvEpnRRbxmk8tF8YZB1FwnnI6k8Sgs-GH2n,"<a href=""https://maps.google.com/maps/contrib/109967705072536493875"">Gaurav Malkan</a>"
P0444,"Synergy Fitness, Ramdaspeth",gym,,,21.1346458,79.06875819999999,4.9,,,True,,False,False,google_places_api,ChIJ1Q6UF1nB1DsR5ERW9z1uOls,AWCwydgpnH8hL5KAWABvultZLDszqpUYb-7rGlb8wlKPJGTYzdaIy5Dj3VOfnlCv2h7nac_eqF_0_Mac9Mt4SBa6k9LvwJ_hVrQAFWr-CTrxT_bL2zjhfOFeRf2imxN8zktk2vYtaZyJZf6ejiIq-iqVEcB6VjtYmkgHizQz0xlLfn5zQ0lBCMLSc2j65BgRU337QPydJ9XHIJ9JW4Li1_aeZPLuP4YLaCB4E1OUok1T5ajM0pUiMYEdA1BEF_9s5Si-nmqZzQP3GggvA5PyklVaf6xbsQGLxjnwtlsJHvoZ3GP0yi7d-q-V0oBPmj3_Lcm7iLNMwN0UCKZUjVuHNbxf1fQkTNwH0q4oKZHSrK4TMxJr1bYAvwQIqbqC8Dgww8mtkQ9pwquE3-U6fH6185EMNVLexEICN4pEUx-AX6L14prUFTKVTb0YodwIexrtehtl,"<a href=""https://maps.google.com/maps/contrib/112938460727571581533"">Piyush Raghuwanshi</a>"
P0445,Feel The Burn Fitness Nagpur,gym,,,21.1256069,79.11104139999999,4.8,,,True,,False,False,google_places_api,ChIJPaP7JBrH1DsRsj7EEp9lAFI,AWCwydjVbSAE8TMI4nNeyC0SQwNVRnSW5FmyRwXQmoNbfxbBsh52Ib90KnA5mJBfQwHsa5YAY8e0BPVVSVUxvf1HFvesLkgVXprAwcg4LgwPWKwYXboaAQHanFWLtL6BpIxWQoN8sdf9g18v_QASAvIJ95Q51lpy0BIve60SAvu0smwEQ59LEwl0NqbTaS02B8LUv1T2L2bJznjOtfTKutqCIpdRvTiCFWQIo4ATn9lbsCLFVrDK6laZJIsSWfUDUmbH2Ctk_SyXlqy-Y5jTlPExlogS7cE6TGF0XmLf31iw0x8dFpiJo_RsC53IuRNbfA8osgWlhxiNAfwOPV_ZQwWCRrXEAOXXyP4lxN2ZUGm3GGegeK3nqPlTP-Slkgui1bYVIPKXWgGkSAV9UwQ_sOz7--qiohHNb29KRl1h2qDzYuc,"<a href=""https://maps.google.com/maps/contrib/113746710885838631413"">Feel The Burn Fitness Nagpur</a>"
P0446,"Black Box Fitness Studio | Total Fitness, Nagpur",gym,,,21.1273347,79.05826429999999,4.9,,,True,,False,False,google_places_api,ChIJAQAMjnvA1DsRv8f-I-LrxKI,AWCwydgi0yjRGBjnjFhNoWjjEX6KoVXnd7SK2qPQraRVp9fW96U2RlJ8Ca-lw76XVzlcDmY03ARPtQAtsiRfcHvKtrU23kanNvReafN0yAA6rkg6AV1ojh_lDhUsO30mE2Ov2VSiJkm8DBZbwE4nsn1VBfNNmCQTAHji3WbBIPkFxXwrk2IID8V9uUMj28Rx_MQ-yXPAhMvNEnKHijq7ewZ09nztbJSPe6R2M59m-g_aMVTw8Mh9cgiP5DY7PEBrQlz_p0L-YHw50Rw35mbCq2wM5U6LCc80X_qnC4juqHib_LkL9h-AaLP0iVxkjWtoPt-S-R8NR_uXHB-y34lN7UR4hqyVW3_aaaR9QEc1fWRuzeLvJTLHZHvRx-Rq6umJPpzK5JD7ijdZJSY9XidAJYl0jeGHoy0koEvq8maN1HDr8ZTq2jP5OpiXhYzcW7OoFGLZ,"<a href=""https://maps.google.com/maps/contrib/117078230789770363107"">Vidhi Khandelwal</a>"
P0447,NOTION FITNESS,gym,,,21.1115049,79.1011427,4.9,,,True,,False,False,google_places_api,ChIJnwfMqam_1DsRvzPz8jE7nSY,AWCwydgW83Fovj-tag4BF4zxyIi0oZXT5wxuL8akRjqcLCTSyzOEuS7ckp_Z03V76NEgMq6nEUAMlA4a6U4vLyaXKIlWu9uJYe5hCvGIkVqGqyBJ-BX8498FHC7JNMa4aKu2LHQ5emyT5HcJPKg9-zI_7YFQ8GZSX5iLAY-TaJJosV3Ya8-_TzL5DwE7HM2MhikyUIzLvSrBIfXxIbci3kzFnijplj867ccCEDLh90ijEKqJOJLwif4zvmoOFl7B_fFXpcqAVaSm3ATKkVy__UyFeNlmG6xeAZUHTnS5ol0LKOIADARSwakbiFFynuYjqK1yZG9rTqBM3KeGzYA5XPh42IGmmwNMLhaprrBPkk67t-kLoaX3iZLfwXfhfK_T0B3ib7q0RW2fI__BITJE_txYWVyUPzOoOz8qX-Ca7atk8ZbVNJE,"<a href=""https://maps.google.com/maps/contrib/112877567595986851070"">NOTION FITNESS</a>"
P0448,Pal Fitness,gym,,,21.1069411,79.0838177,4.9,,,True,,False,False,google_places_api,ChIJ0Xxm_ea_1DsRGuHl-Z9cteo,AWCwydjQqdDKyN_1e2SBPCzsXLffcFzTvWZslbDs--g5F6HmbZSFm9xrh9sn7HZ8oUq75bP6wQZB98n_chH1CtSyJLhZ3ouL3-lsFEze4P15BKPL87XZVnZUGy_piGiDOPt1Lgh4DjQpy0m7TwmJczMyzhvQ95VOQ0GGv4p8joRIgyZoJoyfVxMhChp1bKg83tN9ZYDSFl0NKuGdXCIb5bXza-6ZUN5zfTJM1AwoVt4ArsqM0oMAn4xSsNqLcs4peZ4WSLwwdXfD6RxG4VSdk2hLRbQlB1uw4NqsH7NoW1Bfse1qcb28fd3rDRB0r9YkSj3dkiVPgKbvpuE8oBR75bjuOX_3__gF2GM3aWsl2xsR-81fEikLMmiPmQd_9UBOholWit04ul9JdcxRbvSepQwnuSjpWqmgEW_DvnVm5g_TMWlx9Q,"<a href=""https://maps.google.com/maps/contrib/113587240224937497129"">Pal Fitness</a>"
P0449,Friends fitness club,gym,,,21.139439,78.95116589999999,5.0,,,True,,False,False,google_places_api,ChIJRWXpkoDr1DsRNZSIPjWcpAw,AWCwydjv5X6ijcQR2vj_MSr5VKrc4_Qjevm3EmY45luM6m7uSFqxuhs777DIB5xsv3wiZ-jMXOnf9gkYW89oULCkM4-GZRhog0DK6qneTLRYizEod2uwDRB9RX5OZdZ0rQq40qxFPPiYv376fmhkwa64A5qb2zbL4ub10EpVtv9QcakaxhiWdjBdp9Q8krjZYETkXTPBCuGAV81nofNIfw7jZy9S1N6xOmTYIDzAQCr66eanDGIrRoaVzJIwBd2DIq2jLU3PVNjoFh1pcurwVGvFwbZ0Xd4eacMV9PvugYZpNyBNzl1QuHvd6QLiOMPgmyjolt_D6Bjrm9oQQoqjnmOSC2kOW2CDK72AWooh3mpZiWHa7w4CT9ItzxymaeM91cl766JTYW-erlRd4Gewx7lxh0fNKDQosgYo9Kv_PH8SY4MtI49ZQ-6UoDwtK-___xUq,"<a href=""https://maps.google.com/maps/contrib/110471875838712621413"">Friends fitness club</a>"
P0450,Fitness life gym (Unisex),gym,,,21.1648561,79.1080394,5.0,,,True,,False,False,google_places_api,ChIJI349I9zB1DsRjfB7IayoU7M,AWCwydiocNTA0fc1CWA2YFPxYNIw6ZYvOtCrmCWt-BoJwcxNibEFAzK63lG0Ep_f4acbea4765zaZ1ZPqivQ-G-0oi2HZh6oEA2cPl0GzO1F7NGyf2qE5p1JSzNN2ENOqoTfu1VhNg1TzRI2fS7NQMFT2-DUS5JlwA4Mn21jKKzm6gqClaXCOC7E5f8fb24F-8FGcxxWEKATBdqcbhdyy8VLynrLsIOiZnnrO9wh8fg-5wJOpxzQgx0Inxy_45MebDHHXpfoe_GPraIAag3MCEbckpBRh4SeHtnLvrYaaxj4PaT-GMdlIuzE79xiH2GcTZeE07lH5uRO9rseGELEoyKPGgmhAXvorXtVKt-dwHDeLmf5JBNEEWdLLWYrKGcp7pcWoRWzAZmRCo_LzMrdfOGi52-RNGZTey2h5uYJKCtTsxZRNL-l,"<a href=""https://maps.google.com/maps/contrib/106356749592475447338"">Fitness life gym (Unisex)</a>"
P0451,Grunt Fitness,gym,,,21.1734433,79.0478449,4.9,,,True,,False,False,google_places_api,ChIJV5phfWTB1DsR4riN6lgHZbU,AWCwydgOF5NaItCz5RPTLILeDUefNGRxI069KqRT_43-AFNnDnfmu0aW4gGsIytautAswEta_WVhXkJii_Q33Nr-YzmSAfDZCHxAZGsk4xedE7NBodvGDzB9TUzSE6FHZ2ODiZrVahMqbSc04woS-AlfSEOWHMeNQSeapuEnTsZXh35J5c6D1myPEg8jlUZ2d7qy8H-rMzBTzRxFxSbRuq0kYFEIdqikFVefbfAg6jRGpxvCiYD23bWEHkW8Gb_x4OJ7CDo6ePafndTt30P9qJSqf7Ng_S_M7ITb9ZP7dcDfzfAM26TOSG_u9pgVpWK9AzK8ZNxImvVpzdXwIDhLfZaWRd7AL111FXYZZNlqdRRTt7adwpkPdLJWM4sCfS96W8-Ln58rtcegViru7ecSH96zyqijD5Vnn8hGxkqCYCRZT8glWA,"<a href=""https://maps.google.com/maps/contrib/112341133398635303257"">Nikunj Pawar</a>"
P0452,Fit Me Gym & Zumba,gym,,,21.1540965,79.11788709999999,4.9,,,True,,False,False,google_places_api,ChIJh0zhHg3H1DsR06delmKhEVY,AWCwydhRjeayZUAge1X-f5tY950EhX96tDQqGYQ6-lHTld4Z3Z_PUjobEdvlUBP07yhKi-tuo7ZbZfn_kUhtRrxME1098JkzgmWAPPAN_qA6m7TTynpFBqnKVSgKj6zMTi-wo8Nby1pYF2Zt_4yN80-pzYYTIYLqo13TN3KoCMvDJQ8CWBeU0MwaOlzHrsRi0yULWLV_ioOOn8gOuWfEAd7ju0n2AJXiqIz2FABYv29mPJz5DecW98pG1ow4F7Diqzce2IF9cWJb-Mhnq0fXFAWsjgHgNgGdR8Lexq_i1YHxMDqVK66u9dG_rf1WsfA5LET76wTSPg-xUo87P1Ca2eFUeL5qu_pCC9ijJIw9TU-QQgUB6hXERN1cPm6osKsYZc4fJr34YV0Qd0SNGWFOWRYySiF0llaq-avKEPHfkFP_TdNj1w,"<a href=""https://maps.google.com/maps/contrib/105836118816730254364"">Archana Mahadule</a>"
P0453,Surefit Wellness Center - gym in Nagpur,gym,,,21.1010779,79.0786911,4.9,,,True,,False,False,google_places_api,ChIJAQzgsm2_1DsRnrHJtIUOuRY,AWCwydgkgfehenZZQdhS_x3yt7YUHsC2bMYf3U6Z5MKRHwcoJ2wniP6rTP9qTYKyIb_gpSwRUqMn6ITHCxuZOVPEJoj2GnUNGGrgdk0A7uDAiIF44VKod5cg1cmrEyvg2ynx1YkEPh59EB7UkCEPOaqRq-mac1uOK82LAcZJq5ShtcAzHmIsWdKvkmU030NxD4yyg9yZDJ44-CWZFsoaXM9z46GxUT1iHeyMbNUa2Q_cZjvPVxbNCvPx_-iwWy3zekYd-KEzUd3TceDmXQzZXjIxVMum-nTwq-OVFmUPuNVTtmSe329x2f7efmE54T4Y3U9TqyTbXmbhhfloClXkRebjQ-Q_MZuv_LZlMqtoXPCDrOebpBiAc9gAhCFMr1EDJ5zuMwV8pX4MrVgoWE5G_3VSPJ7mC6n5TnZYg5wDfuSt4BRbFQix,"<a href=""https://maps.google.com/maps/contrib/105986439011056106268"">Sanket Deshmukh</a>"
P0454,FITNESS CLUB GYM GYM IN MANISH NAGAR,gym,,,21.0927889,79.07018029999999,4.6,,,True,,False,False,google_places_api,ChIJj-G4iQu_1DsRQMmH63sTDeM,AWCwydiEVdlVr_AgtA09Y3euy7_LLMYd_oSrd8XQdX0ph42ZkCHrvnQZi1oTdyiljsIXor_UG4NwormvKRSTBzJ25SAwEIp6eijaWuMclHZjVg56ExmeoJ2JSm02TEFH0BrfmKJb_Da2VfAMjfw8aLTyD167EPxQSPZMpPFZQjUB-P4Aa8nS50uDJPSXPQ3vmijsiyUzz_n0rIvmJuA7bMYPeLLCBzEvk6IrIrlLYW4iwABk_maI2YfuU2kN5vBiDZOscdtW14XrxCQrDWChHqRntRGaZ9Lu2q9WWzPYnGnPU5CrhBPAjINUFaEfkF7F1fBumFdy7NAAU6D8f5s9WeHVPWPResT57DbiSZV8o9zSu50YDVEtocmh_qMa6JkYI0eu8cxZCr-VJG2qAPV4MaI1aabp52FJnhuAGrn7pCBgfLBzJamhfIiIGz5Daz4fjw,"<a href=""https://maps.google.com/maps/contrib/106122720179621584502"">FITNESS CLUB GYM GYM IN MANISH NAGAR</a>"
P0455,Marvel Fitness,gym,,,21.1231562,79.06099499999999,4.7,,,True,,False,False,google_places_api,ChIJeajQ-n7A1DsRAiEsQqpJkDM,AWCwydgAXEKDqmpecJi5O0dwmzEBXltInAiaX58YzF5scw8yI0RZLeP1lQDdukDpQO3CivjmCw3y8dYFYv8nVJExyyhSFn9eYkRQGGhPtcwKRDV-MDQzwjNQfhR1VmpMirH6imJHZaB34T8Ec8ngaZdOLhAy1zcStuRsmBx0GXZz-EqqxXvnjXwvcZawZVIXCXEdLY489FXr_8G2tA9ryWkh-qPCa2_WbJgNYNZwZhcE6ZBXQa4sQqX-9RSWxqFJn1hi8wl98Z-dhpg4Oa7djSajY5MNVYDvl8YyRGDOpkQSDiEChLBynl8dxF5oDRuCFrBFc-KknBWpcUChUseUU9dK_0_yd5lobTb_YHoJqXiQrisrq6MoKdCL1deS0d_8u3H3_jGrBRKvPi0qWa8dvSuB_ZTD7kib3kO0X6nwvBIX3fWQauM,"<a href=""https://maps.google.com/maps/contrib/109771513502389257166"">Marvel Fitness</a>"
P0456,▪️The Power House Gym▪️,gym,,,21.1577288,79.0846679,4.9,,,True,,False,False,google_places_api,ChIJ8WeAo87B1DsRAWqWajv8QRQ,AWCwydiLxO6S9vzK9HzEhbNeFxufh7aUjZShgCFYxLn8iU-ktwwqLZgwC27MTHMy1hMJBpVjUUoym4Dq07IsaLRhM7M4izglNQutnFIgml1SjCIUfLelYetGmYsBM9IF-dxN9vMIdQPM6ynbI_ee9kMfLDj5kUKQqqgzzUbS7C1UJB8yFyEtNz2nQq3bH_vt19M9w2hnIhXAWCnKTvf1seQx2ZkEfwGrG2a5lMGoD8YspgfymxZWbAXPPygkl9SMzvwWNd04h0UfRPp49d3fbgVAIkYxF5orMWb1rOxv5_UkreKWIDNdH9okpEExxFE1DHN-75iRIMyzuhKVJ6wZec3oVUNExpitskcV-hQphKJTOo9Fazs_1ztG9a7GsgD21SC3bf6k2D4ZW-P5nCFLC1-FphSClDu0b8oIC709qMc4sjZCAclF,"<a href=""https://maps.google.com/maps/contrib/110977133130068865981"">Vivek Neware</a>"
P0457,A-light Fitness,gym,,,21.168656,79.0782155,4.8,,,True,,False,False,google_places_api,ChIJ98tXUwPB1DsRxiAoMqETuJ8,AWCwydgg4TolKs9h3fl6BhbGyJQWSDEjCeI7RGFjsYkzP6YgBDD5o3ITr3L_1IWnpK5uyKuxx_ZaDxmI0GLYsMJEBhX2z7YFmvGW0KPP-033pfmxbeambO8-F4rQqLcRaTjPtYrPWNK9sFhipdyCNFEvzntTEqleLjNRW5nTAQPFIp8p9PuYqHX6BIdndW2gceT4j6PlGsVOz4cl_exjqaBNy2PcMovCJ_DT1vzcdNTo5mg9QPY9-SrJFvEDzTYAe6Dbft4XhY3XRhAtCwgatLYzIZupVe5sUYKxlrE5kEs72c37mOIegIiAyiedGregReEJC-ouekQiHAoI5xkEYauDswGQ2rUatjTjApHvxYLlNfhpb0ILP6owL0ISPfQaZeX797B_e0dj7HZAuya96wD-m5iugqAKqQhLoRNNKxjnhNLubATLAL6iJfJ8fhTG-g,"<a href=""https://maps.google.com/maps/contrib/107109804270343949071"">A-light Fitness</a>"
P0458,Spartan Unisex Gym,gym,,,21.1665598,79.0497419,4.8,,,True,,False,False,google_places_api,ChIJcU8MpKXB1DsRYgXfVPEo0zM,AWCwydi2RCBa0a5GBxU9iFxS6unWuUnjuvjLPILm9kdzkRbvipAEgv1ejtAGxifbIz6oDPBpMEOnDqF49MePenj5mi7ZyaJJpZG5eZYiX9pVt1bCDEEPRacXvwr-xCAYcoE24Do541LOxFGtZ1y3FEiYmCHIFyRs3O7p6bnMZwZBHeNVx7R7ubt63kXYWMeqMmolSRRKQ2FHAvP6oojC135t4hCtwmu1uqbH0l708iru34MCDmyQn0lpDNJGiyst3Gqe50whl-rz0rNQztT7nUawmPs29HpH5cTZd60O1YR13aTawIH9xNw9pq9vAaVunLumqk8gyzaWt82G1HC2VWs_YNKTgpp1_wEQSrXg3NEl1pQMtN1l14_TXiM_Cq6RGGOJ-lTXPKsAHBN_a1zytS_7lo94vsV3BxcbtvHv5QVvLrx3eC3kqIXnThOxTn7xYGMK,"<a href=""https://maps.google.com/maps/contrib/103779875819748964442"">Ayush Wanve</a>"
P0459,Core Fitness,gym,,,21.1291079,79.11330699999999,4.8,,,True,,False,False,google_places_api,ChIJJZHWR8fH1DsRJfdMlcMr7S0,AWCwydjVW1x7ArNaVIx0nFtdjz7lJGKu3UVqMdiio0U2Gtb39GLNkNqa_oRPm3IV0RfKpz4dGUUSZSJ94UDMyalWeaNAzj6hRapBrUffft4f6RMFYBtvVM4x3dzrhtS0JkOvJhux87uGBI0kUBepT0RLqkuNCvSUXmEmBA2laSZzOwZh7vcf8rBUbvSRu2Sf22MuP23Xu_1iJpPQsPBuw4Ok7LEIV-fMMls0zmkhzjwW540cw-Nb05I-P5tbApNqWu3-a1Ctqlr8CcEP7HDFnsVf8zVefhkbK5ryTu19qV0aHRTiPl_PLsEOdcE3aNYzWuNLutHQgKfTyqVWrXIg1vHAxUNr_0pxCmkds70VE1sXuZkMJgqcNiCh7jXG3n3LxIOJ8ojzwzUOXqlZQbXyALRlanx-M5aNYxZbJ2N35pd1dC_l0nU,"<a href=""https://maps.google.com/maps/contrib/108870021405309083418"">Core Fitness</a>"
P0460,High Volume Fitness,gym,,,21.1338783,79.0557221,4.9,,,True,,False,False,google_places_api,ChIJj57F1wnB1DsRR9WEyGbekKs,AWCwydjufhq_5C2Symedq-k6pkA0FDWPiABlHBF2SXQHfCMF9MA2grNgaCnMi-d7ZMH6pgXUmYMWiEn9CsrN7U9jMCUyXmUdBCjDS_3-1uBy92OrVNOUfllWFODHLn-rrFsikdN87LdITDhAjbHq0P9TcII_EiRvyb0ozFO6I_bM0BRUGAlI5DrOO5-aQXO7rWR91aESFIHyTsgzC4FjZFtpnPKL-AEbLYL51bF4s-gvmayiY9IMv4RGYOHSy8WVNHwHqUyE2A-9u4MtHjd1rBhWscVlFi8X_FdcxNXlQgi9y3edd6U8PqthWJ68XQ6qVTCfYjUYpDg2gtKla_kxwE9kq1Jf2IenAkpxmUQggUeXrx6jMeGuZElOW-qr96Lma3pqZpMcSKqPhALPf6JJhQzqCrfScEJJdYO4RnRePdWipGJ8uY7S,"<a href=""https://maps.google.com/maps/contrib/115957239368715744953"">Kunal Rajput</a>"
P0461,Prime Fitness Gym - Best Gym In Friends Colony,gym,,,21.1776775,79.0469397,4.4,,,True,,False,False,google_places_api,ChIJdVJ_jWTB1DsRp6ZG9_SMr1M,AWCwydjl_pqs38p9f7ml9YeLV3P2zmKPdW3POM6uAHLQ_H1NI8ba00B2s_OZX17gBYu4XEwWfxTU5q0govcWNE2fGNWB8vvqs6krbG1XBmhiFreZJDid5bv0twoic53ulZJFxlalMHWJEEfeRE61PdTXduAvG9fJyU-F-XGx3Q95SdApBnAdSFVkb62ZMIJuxlLGHLTSnwmZRde5nwzshJnipwksl5PvahK8tqGCgiVZkSAD1afv0jbm5YSAv_hEIEkeNBKpkZnh1LkU1vn13icvtxvlf0QfadTB0Rj6bJ7ksPRG-jIMnxPSh0NNwdjSZBa6nU_ZYjY0A4IjIyNVqogH098U9Mgt6UBgmlv-qJN8hQa7it97FTFa7kGzEUY_ttohwWYVPwZX-W8bbqQekYHUmmIJ9SrZziYGJJqcaiZ3ag77OS3A,"<a href=""https://maps.google.com/maps/contrib/111602002259359504087"">Advait Mahajan</a>"
P0462,Oneabove Fitness Ramdaspeth,gym,,,21.1368503,79.07814019999999,4.4,,,True,,False,False,google_places_api,ChIJQ8YBU5DA1DsRS4jC3cseKus,AWCwyditc1cH7U6-nDUxSLiiIcv9JWD5IOqBuywcjWyXUiLeya_c7HZKFXnCAqhmsmNAxIHfRzlN2Gg6vINB21Bb_z9w1Rx1tflkpGrmeWXO0VuwVuOgmLdbmxd3CUv4FQ7TK22LyJ2v4lc6hoDnVUrr7x9IwT5ubK1lVKBTf9_L-2sgqtC4UbhMvPXT8Ip2NMjhwpMnevngnB13ONyA1lImbUxNgiDcGLxa9nZBTJEobIZs7hnO1Ly-hJAAa_89tV5O1Fx4jvRLUC3MZ_Bg1cn3BYSQ_CiweENVi1qr2D9OqphaHQ2u9w8Te7nBLYSFulSyjBBsK1LiXsdpC_q0sjVv2_ei5PiMX_KSFrAF2YoSrf0sX7RLcyJEMf4saJ3pChNvglJ2hdX65rrD0pnVxwTiKQqvGwKUpdCXgAdFfCcQCPMCfQ,"<a href=""https://maps.google.com/maps/contrib/116749157717668568861"">Manish Nene</a>"
P0463,STRONG FITNESS,gym,,,21.1135593,79.0439384,4.7,,,True,,False,False,google_places_api,ChIJTzJLQoW_1DsRrWmu5sxMfjs,AWCwydhguAvRGz3WyKwWjPMOkqJaWVJxJRkuFGWEtE1R2S6ys0oSXTdD6-i-vPvjudc9es_omRRegfzRqRj_nRmEbBs24Bheb580kRDmydTSaVdP7TR5XkyVALUE3LwUeti_6zg7uwZam7baUSVNOYOw7kl-ADHRgLlkKqHfNbbXZ6181HCrY1-nR1AEXbsQjxkHm8lDq-sitIhQ58lppZrmOm5AR_koJHcJ6zFDoU2mnF800V8EtyK5uUpevjSWbuKpsjfeEoHsT-1bYkJvpMSsSy9RAzZ85GJqpwgOLTlqSptHiScq7Demm5hDA2VoHgU6YKzpAVlvIis4dirkDg6QB9BCIz5t4VU5v0s_WTinX-CvVUzg2Gk6xrUGLg1_5utzqzaEUsfRv6QyH6-zN2HpmO-WOZXkirAzoH1DkyozTQmMNMY9,"<a href=""https://maps.google.com/maps/contrib/118047176880858588593"">Rishab International &amp; Sparsh Marketing</a>"
P0464,4R Fitness Power House,gym,,,21.1095359,79.1183138,4.9,,,True,,False,False,google_places_api,ChIJQcMGHfvB1DsR6JaFt9Vd4gE,AWCwydgfmTY2U-E2OWM20X7X0HDYvb26mYYVz_eajBfvO1ZNvRJy5bUVgvSE245s3b8ZqFQnzxfNncK16zyfTCMrIrWM5-RaPHM2u4H1T33J1IS40Ij3FPl4zCvsi_jusVvzLwERmA3C4K33H7XBJmiWDUgzgYPWWNz4-hq-o78l3b8ih45dx9PUx7PUbRI2s1LogsAf7_h-5K0ltmTA-JUzmxaQKQJXJr21GrQ17u8jo6aShTSydSrMlJIqPBdxx7oSiZTiaZ4DWZg1SLzDKqYWWO5GSvFDLmwfOUsyqMia9ZLrTUqz1DqW39ArzOCPhhMW58M0jltY2bqMTW5Rv2wCnuf_oRySA6biZRF6j2_isTIkF2FTcWYVphjCkZHXcREowUedCdQaNsRHDZnBEVgNbEuVbARnub9xLu8rPR8gFeCMKe0_,"<a href=""https://maps.google.com/maps/contrib/103138692929601273585"">Saurabh Shewalkar</a>"
P0465,"Cult Dharampeth | Best Gym in Dharampeth, Nagpur",gym,,,21.1434215,79.0613613,4.1,,,True,,False,False,google_places_api,ChIJK05rymfB1DsRZ9zwnSYAfEg,AWCwydiD1eXGkd-kLIgc7ow3BVMErKOoj9Li_MZ1uN3oa9zOf6TWVQ0iNxl6fWqL_U5lQG8MJXamhgh7vBQLWgVSxN8wuHSUfkdcSx_fzS7cSlSa01yATjjmOh3U4aEERk1cFlBvmq9FoqN7TpduhtNHYwKFzEp4idMIfC2sjs74jc5pbAzMrJaqtauEhOTRjCEWmKo6avzn43kcghfPcYcZs9_JUkwJQsZIAR8PSYMNmtk4izrXnnslQihZ_IWCCBkS0W1zOANjC3qLIneTdu9aAuf-WoIgBt5UDmtjKMnVYuAsoy4eaHvCHhZgItoa_OOYCADTrJAEKKUV8mNt5AVEXuSmpHXQU4qNyCq0LHB0B6YK8ne-eaOehpw40lk7Q4Wo44qTDVz9ND7HoYAwaC5iFol_yg2PSUSJiL1lvRETgoMjOw,"<a href=""https://maps.google.com/maps/contrib/114998102757139795985"">Cult Dharampeth | Best Gym in Dharampeth, Nagpur</a>"
P0466,Oxygen Fitness Studio,gym,,,21.1438589,79.1125009,4.1,,,True,,False,False,google_places_api,ChIJkYZpRpLH1DsRpMUor16Bztk,AWCwydgDyVVTbiPgmKafNKd6D75eM9guJI9DrpJQEPx5u1S6Zlph6xlhidTBTjRgQHTUlTIFo4tmkexhxToh3nAYmhjUZG5D9kR7ldGQzQxkWEv_3QhPbjUN7oalydVN06fkgn-c5OgTv1R0lI8kvVbBB4Y73KbGrDP8UNETUDw6EYkeMHp-cOWWGsAyhA_OnOmqDCH0e4Sdm0IeOFl8tOsa6ZzH041ZzFA6T01fYrf51eJUOAii0QhmOhB5APWxAjxcRDL5yhv6AY-mTx5bjk009qxeEbaWf4VV4HAuO32tQ_57aWWvZstbbJwjn7DhbplmWbyfkdnjv9dYPYM-iSqASx9Nh74Bvd8dOFnP2QHopj-wajyM8pmti2L09mshFXBG1ssFzJa0pqitaS4TYs8wYESn6NsqX9RkjAta4WWWKkY8nB6q,"<a href=""https://maps.google.com/maps/contrib/103560193063347889983"">Nakul Dharaskar</a>"
P0467,"Synergy Fitness , Sadar - Chaoni",gym,,,21.1681215,79.0785394,4.8,,,True,,False,False,google_places_api,ChIJiccLQQDB1DsRC1utM6T3brk,AWCwydg-Q3SpshtWS_cYYJycgTEFk3IZOmTfAMEYF8iBv9Ri8Mhf887gCHbp5pdrGFv59KW7nzTj1xYgf6h1KWqMc01f0jIPAsI7x6dOUo1ZjC-1yJYpLLyL7sYoiGQjt5tpp3J6O5GCZf2meIxayP-LvI1SilQHti63u0AwMAUT-_Z30o_hVOq7IUcRqaiUJPMASuc16sZ4Fhj4ojOaeIvbU2psEbBx53X7QoMD9hsnTPrx9PNrQyy3Q73LnaXLyaF0gUNhlahWLJTZ56UG7Qa_ivpADOeWW5F3LmRMLoFWrru-2AgwSCed6CZPlOZ8GUKI1lxEID5KNohSyCiIouH_HtrYsXmxF9dDJI28oZwHJBsa8bhkck-T8dLfGO1H6NfY793Ll_S86zNr2-_lmQ3Vba5OKUcRHpg1GLQ6JvvtuC9CHnOWp8l-jiOtEOOFdSQY,"<a href=""https://maps.google.com/maps/contrib/110941012747619468533"">GLITTERATI ENTERPRISES</a>"
P0468,FITNESS STUDIO BY RAFI,gym,,,21.1733477,79.0537908,5.0,,,True,,False,False,google_places_api,ChIJ5X1f5nzB1DsRtyal9_2CtOM,AWCwydipQXKcWW-p0TRctGhOGg_jLxGC1fe9P6XvJvcYRKtRb-DgyKyN34cpZAQpi5d_hgpOZEcZUy9GkujJIs6Vg_Q6qHMAJt0iwt5vkR5vECct7hYECIWRTPXrGCRNJj5ZkL1WSUpqOQzdH-JNxKkmaNE1SZmFq08Rwg2tXFWPLMgBryyO-Iqp1jzgoNLK8JdG1Q2fJvwWcyLsHXlSxgt4VqPnLZttJgeWxRWItHzC1OBrHlwEgrzc16B6NhcbMHCHZAQ8RgoxvoHhPS0eiqrTn9gTfy7Ufs9uXFqz3U18bDoqf0RILutR4LXEbrO-47VuIHX4UONIdBgJj3ixLYl--zZ3fbNcBFbQW2T_eRxwxHOZpOINaJiYnV29JXP5doNiq74vXx8fZ1dCt2eCPt0h9sgOnt0Jpb1Og9hr6kDxWHPXUmMn,"<a href=""https://maps.google.com/maps/contrib/102868700905188050918"">FITNESS STUDIO BY RAFI</a>"
P0469,Oneplus Fitness,gym,,,21.1485231,79.1193637,4.8,,,True,,False,False,google_places_api,ChIJu8GDCg7H1DsRdmcI2_aa9kc,AWCwydigGnIFfI1YDcB9hgp2aWRMpVjiRujbDgSZLiLWixXv2BC28nWNpwMTcM_DO9TmKDXDKI7iLX4rCVfdFjr2cdV_IR8KaGCPwtvKyMmYfm40o9V2eTHCWMTkgoyLpu5rmfMHM9CXROOPUyQJYQwEfG1X58Qgp8W8RZzWclmXuJQ4wYSuGnDtAJAyODm8uVYTenMOthmR6ozhYbVTBRC89MmSI5I66dPY-zVnjtwMaaso-Nj_pw4Ts1EkUE1yswMQpt5WXyu7xXOS5YubdhrO5CnaiAbPGEzayZGIViPJ6huKDyt1PfpniH_Pk_QBeyy09RSb9Obk-xzvdjmBNveqTxDUc2LCgBj3hhZxpdwm0vh0S63UVhcw5LJtHK5tVPIebzwl9AI3xZeqaLRPFzo3MCIuSBZgOjYkZM-762JxLf-xYw,"<a href=""https://maps.google.com/maps/contrib/104084800716801662137"">Shahid Khan</a>"
P0470,"Xtreme full fitness hub gym,zumba and kathak class",gym,,,21.1737841,79.1160104,4.9,,,True,,False,False,google_places_api,ChIJiYzZeczH1DsRmddpLaMizkA,AWCwydjxt6g008F-L1b-XGaxlqjgO3BDwDGjBr4bF128LPaGYTgKOP6RHo2P6INOMpf6-In8xtUPIp_echs8YyYU7mOA7_4PmmabHAXf6rhedS3NUJzuwCPkwfHLgfbTLMJ22awv5JoJLv79LT1wlRQKzlgRxIMTn1xrdIx7R9dOYXXfs6MpnYHKfG2Kayexb5U7ne-rfjnL_4Livgt-qG8GmIhEp9Y4j9zKbw2ncYjJsY0rsbxKIC1M7EN_odaztmpOUSIJ97ltSOfBQLljZaqZ-L3gsFiXZm1TXyThVhKWb1DjyiGlnSV1HgmVngHyMfNWIF0zRgB9chwaOnRorfHGiTuibL4eZv2aKMbF1MriVvp3H19SQg7ArNDmkwyi5tyPlNVxIdm0CtBtGxcSNgsTPG9RS2OgZdp-TMXGQFvngZLDGw,"<a href=""https://maps.google.com/maps/contrib/106727146145704891750"">Xtremefitnesshub Xtremefitnesshub</a>"
P0471,A-SQUARE FITNESS STUDIO,gym,,,21.1542302,79.1191132,4.8,,,True,,False,False,google_places_api,ChIJK5qSeQHH1DsR-6zlU0zrd6w,AWCwydiJ7TKKDYHxNWVJ5NWp5xGtGiXycVu64MeFaCFm4Y_99f56Dd8zA91rkS0mpXRQGJiNdC-s6C51OP2LmtPriitLee8a8AYzG1KSjexIvxoRz0ye2OdjOVlaejASgO0DUoVF1DG9o9x3RHe7jCpsAUGqp1PgId1q9U7H35-Na7KiJZJzA2ByYm299Wit5eETpbLJz7xRVk619_NwbTdudtebs23JTTYe5bJZa0_b-2eiD6e0LB6thdDKAyEJ2dkShvaRf3Lq1N46d_jV-t0kcJCR4ZVrG7KXBTWE4aFk6urwOsSQTq9wq9sr3fa_R-dNRWIQ-VX0MOTMqnmzgsdqYLnQuEfBtsKO3HIc4JMak5kU5gib1bCwx5ffRFJQwCgFUopywl_1urW76sIo392zRUZfHlLNlp__ZPoIRkjnqKKWC6s,"<a href=""https://maps.google.com/maps/contrib/102078202728895308917"">A-SQUARE FITNESS STUDIO</a>"
P0472,Muscle Box Gym,gym,,,21.1363773,79.1163696,4.7,,,True,,False,False,google_places_api,ChIJhTQxd5vH1DsRn7zzrNeLvTs,AWCwydjC5oh5MDjFNpLnhmkwL5-sp2t3HrUmaLZ_c5lzY_qStny3gwzG9Aib121igoiezp2KbUUjRrsxC2rBbDUUt2ZwihFDDFVh3y0EZ2dk_tPI9dOcRpqQVWGanh6J1KaD8fsYPDgYte2f0sRQx55Q56BuTtSqVpbGloc5032fVFLr-7UL0CGAzgCp5r5vZCMWZu7kUGQuNZS7Mqea_Jr5_O_7DvCC8FQFwfedscF31icMA7ajsF9q7smvJdKw1ZV7VmFiMCShfTNqkuqcDr3aaORC2h6DTSUt5w8yAtJYdHUUGjJvvM8iPXq2fofDSSRKg49A8EzbmwgZ1iMrKuUFiE_S7ZHCxSfvwW1fHDkXbY8J7mzcqbdxePpqzDhvOmtJbn7JyLQ7Hd9phvCGAE-BaYZmQzOSqCGo1B6s461aiOxI93Up,"<a href=""https://maps.google.com/maps/contrib/103142094489660895503"">SARANG Kukde</a>"
P0473,THE PROCARE FITNESS (UNISEX GYM ),gym,,,21.1694439,79.1087649,5.0,,,True,,False,False,google_places_api,ChIJQ8KJKTXB1DsRRp07mgK5D6g,AWCwydgRs2IREjfd6zdlXkJBqyfYbPEYXf8xF3rrm0LJN9J0hLy_j1yg-hDPmT2uCkaQDI447WN8aDe7I-1v8VuYwgEFesj9H4r-GH3asN_MhDpbmzH66DaQ-vKQRUp75YDP89xdUf030UBY1PlbeLaJmrjH6S3C51w2eR3woXazF360F1JmgRWXOMAvkcvb-_Xj0btLNdhiYEtut6g-OGEtO1N0cV7RjgcI3TRbKzz69KBHxh8imBrweS6MVfl5yDgOFzKdSJ1TxkS2A8TCyp1Y0gBjf-GjYI98QcZoIItwSh2_skfLwGPXweGjbTcc-ojcQYU1qbNMFuwjxkUzoh8QI7Tw432IZFKz2YZ2W1QhV0qEU9UnuVDDvsQFhFEd5gmXHrcBE0RzofKkzB3WSwrkX3OhscbZeQrNR-Go-8UcQBSl1-oi,"<a href=""https://maps.google.com/maps/contrib/112484456463628731330"">Adiba Anjum</a>"
P0474,FITNESS FIRST,gym,,,21.1761769,79.0955709,4.8,,,True,,False,False,google_places_api,ChIJpaUoA-vB1DsRnD4n3aH_Mfc,AWCwydhY-KiWLx_Ez1pjpHQyBXGWEDuWJJYlxlPeuQZ4hpttJmHD7ZQBnhsAmaaKDTwO4bhWLxhAJPmHcoKYRvpfq_YRLU_QslCrrbJIYATpDgs9S-g8f6aBjs8tIFI0BHMo1w-aGGcVtxdQ0F5EgQm4f_zQBijswwHOVKyUk-iTofKPPs_cbkFYk2zadOzxmSAJspKb3FzORO8exAv7vuPFZErjtO0canK9jUDHtMBAPjkWQh-2bY6N6qdXEaGGzYNij0_nHpxEni4HxoOCQadcPW0BwfP6sWx2W2MbC6aK1BIg4-jKpG4s13cQ35v5bSgqWUm2NfWxEd9r5UDRIXtgCUeL58eDlKz1UdHMpFbZ5T1kva1e6D1u5oNh4JK71Jr5hL2MPY64NZvJvLIQjZDNAZkPgYegbjzRzPKs6_bwIiNb9ecF8__9mENMqm8V4pSl,"<a href=""https://maps.google.com/maps/contrib/100039754434189395722"">FITNESS FIRST</a>"
P0475,THE MUSCLE HOUSE GYM /SPA,gym,,,21.1433051,79.1114411,5.0,,,True,,False,False,google_places_api,ChIJzQXLMLfH1DsRs2J_grDdxhk,AWCwydhiaTA1XnSnxj0D5B6YN1nErKCbCjj3WzQFeXIu6mvyQDz5DbrBjrqM_dpZ3W6LhDnfcLH2J7Er0ON1uyetxrRJnRBB5-QoRrS7rsslYSVyUDhf1EfM3sKiE15bHhaqAsgQZ_eHAeBnd5jf4uJK_8qLwFvg0VuKULp0NUGxaPbNaK1x75mpvb_oOLoS_WAHvgzS1NwSHTbV6mA8ImCz56xemGhYg75NwCgs8x_ikKcz58kPZpFT990XTHSedd8O83sGHzupj06nJ8uO08MO4os6qxXwvnOq3KaETrhXBoIObzlh9EA1bGMODJuoqNdQhChtmTT6nGdI1XshHp_rfEH2jr7cEOrZ-5AcQz74wsbtM8alo8WPSSG0U1irZIP7U4rTKF9VWQmCNLBciKrn23UKLE8PDrUiKPOVu22gkE9JOA,"<a href=""https://maps.google.com/maps/contrib/113222798898850398926"">THE MUSCLE HOUSE GYM /SPA</a>"
P0476,FIT 26 GYM,gym,,,21.093419,79.1176224,4.8,,,True,,False,False,google_places_api,ChIJnU-CvOC51DsRFllD_CuROOw,AWCwydhBzPh5YYKYpbGkrmEe1anUG8wmFzX-tazTOBfUdbtZgNUk_MW5R2XT93-icUaq00VqPsz2Zq7m8el5wIZ_LsLATrBuzBvnekOiJ17JO8asexmC7g_qejaCQNDXRVmbr77WtzbukRdPtFCY7ye9LSIhZ14aY67vJTA_F2Mx9W5epBpkFKffKO_iOG14kIbQQGglPtNJeLTvenYS0QQjyPO5-0SdZSMxjIIc3RoUH1TUxv-8vS-IzjJ4wHRmyhEbdls_v9ob4RdyxhzsDV1-G4BLB1M-nOOjwEZ64w3hQqBOv8b3u7JWezaDXe9YqNjGmebJJ9p4F5iemEaYKslxCastDhQPmKggDVi4bIBeJOD0jstpMAKJKrANE9pyEWDR5yosuBWg7zvSIYjeaR998exiN3oj-wOfzMsxja4fYihAXw,"<a href=""https://maps.google.com/maps/contrib/115750612831837954196"">FIT 26 GYM</a>"
P0477,ALPHA FIT NAGPUR,gym,,,21.1422284,79.06166619999999,5.0,,,True,,False,False,google_places_api,ChIJh2yuf9C_1DsRGllTtQLSDog,AWCwydip-yI1XnDLWwTRFkD8Bflu4f4pHHwdKAOYRSHCtL62SzyrqSiwoukHqEDJ8hJ3QKTeHzPjrLTjnz3S5TjyTUL7PZyd1IFX9mBsDyj8UEFqKrV8sWqWPGyE5C-5Jet2H6fSJDsqhAF9aeH0zEgjOYFkYWACcYLY0tfo_NxShs-uLL5hE9K9QpNVWjOW6wdrmsvSkV3ja1qwCTvNopttOgzBcj8h-9x3yXol3xBw3VHiWnYkN7I_stJOwDVvBhI1f9TnQYedA4ggDqa94zi-6uZvo8iaLjlzpxIssVPUQn6d6PMbGxQkffoaaoy7vpz_b22goO81WHgkO7S7jQSKuj_RN8oDLVZnTAfDJmNJugNmw2tUGGqF6iId1bFNklkbak2zfE95BIOlCwqpfImCFyXAKE0YhOy0I9c6JghjE2jekkg,"<a href=""https://maps.google.com/maps/contrib/104627540773113912340"">Keshav Rathi</a>"
P0478,Eon Fitness Empire - Nagpur,gym,,,21.1111698,79.0244234,4.7,,,True,,False,False,google_places_api,ChIJ0YdFeTS_1DsRLqVvgRcdHWA,AWCwydhgZrXliyVlaram1DYI1luvUBtZHnk793g_w__NZVCVhzh-wmeCdv6yHYdic9F7Mmopjrmi_cf-FF4YzU2wZKyoXkMWyCwe0qjoq2vVZugocGG3JF2ZhBa5tsmN7uau0I88nenTwO_XrtqEw1AQs2fbfmwRW_Uqa1Q9KLGTF8KT0UFYEK5GXnTNHy5yTWC-4Mc2TjvZH10vfehIzBeuTNwMU3w7WDct1_SIXmKegI0HJvLnj1QYAp6f5PVPKqkfyaB_xNsykzavfuNJMEqL5pVfDAzVT4z-kvsmTHirPwPbJeK1rVE-R_h_uvQet6Em0biX4kZHn3Z_90op8nqh4fnCQaV5MxhfMcyFRaIMXbqso4mBuFxKcny4ETK1gVnK-bXK12ceRhhzfZDd08j_OFG8xDWHa3TWRHR3RoSgANfG2RU,"<a href=""https://maps.google.com/maps/contrib/102239196367350978578"">Shubham Dhobale</a>"
P0479,Rituals Gym,gym,,,21.1473055,79.0740416,4.4,,,True,,False,False,google_places_api,ChIJBWULz-XB1DsRNIXPk3RVqFI,AWCwydiFjxK7vllJrdMe1vZD5H-h_LpzuNdU-IRzCogt5DuKbOnPOvQj1bqKt-h9MODR5qb5AtqoreiUADkBAOBFdvcWyGnn8U150euW_cY9NM0gB3MDvM78Pawa4_AapX7b95lv1Pvpt_JKXuVO-ehyHEWTcN4r3b8v-Ka1hBz-Kdt9XuDFmdNwQAWFOwInYmnRR2jij05y8Oua4ZIk6nBD4sLcNkPkBMssgr-uyto8LWepLkpQPnIBo1ISvz7EQyDmOWkp9_ClusgHTVTCjm2SAQpa17iF0hwfo2DYpY7p5b8Rw7oSCTanpR_SG7hB78ZzKqqX_7Duc8myGWb5AzC2C_AU6Hy8rId7VQCXx5xNKybbrcUqco8MuxIHnDMFgCugIo5bepVpCSoIRa_1GhkEIOWkUsblMtyC40XZBAv9F1lgeQ,"<a href=""https://maps.google.com/maps/contrib/108843587228304315928"">Rituals Gym</a>"
P0480,A S-FITNESS,gym,,,21.1085113,79.0777311,4.8,,,True,,False,False,google_places_api,ChIJfzR4WJq_1DsRJfrC8aLH7zQ,AWCwydgDAfN5WZ678s_qYsHH-51s36BbzZYO5NFuYSdZ2q8jOVAk6ufMIx5wd-wC4sGORIxJwcGteuldI4-5JptGsH_n8O09HAhdMSCJa52DI85Om5kOHVxqZCY4skgVdXNm4VxtW2i37ImqeskuGonGgGTOUYQS7yBrExR26W4QMCdUPm4ou79PjbmEGeZO4XfB-YkFF3s2n4t9C9bFCv9qTfGA0_f5GVGmC8ptgc3cUJVgeTSY4QUAeVBbqboiztMCP1NApAes7YA_PvcxsfSVdL9XOt7I8EK6iDBSrHKQGYobiDk3cE9O5zJmIopWjTueakfcYsQLx1ZHMQ7qDlerWt7DkWqil0MHm-lgs4XBkWvf0pnsydvkITvEnMKnYQ5lS3P-5mfZub29ZB1yzEh7td-8SZqCFun29liy4IQvJ7uMSw,"<a href=""https://maps.google.com/maps/contrib/109111523066966898744"">A S-FITNESS</a>"
P0481,Aeon Fitness club,gym,,,21.1408139,79.10083639999999,4.9,,,True,,False,False,google_places_api,ChIJ5aLEPrfA1DsRgaB-YVm3rKk,AWCwydj5zVzT_L_SUgudJyGBVUVEm1oAQ28yyN_tbGZA9sSOK8_Qtkr9umqT15Ano88xvejyn09azarOVECMEzY-p4UGYbygH4vQSnIQw1JkZvRkLi2Pr7VYaiBaHZMd30ie5zII-CwIk_EHm-1dd85SU6dJuX6kbhPhnZSM6ZKoOfaXL-CL0tSzSkOgCqts2oi_-t9hrR3XmEXrVOG8smXgjbggiGnUvgUyE6SW1gBem2CKA-BT_DKjldnFCQVhu5U7oZAzj61eNfVsj3hb7ClShWpaEmRLtGthLMeHu3_SsBBVY7T39hkoP3emWUcwNJOQHZ4XhVvj_skHS1yoA_D76fDnVLE4PPkBdyAGWKxyKgEtl9eTL3AEND8lNOhVQzQvVTj2cUnmtAuPwoWGO5r98gpjnMjngvH1mrJ0kYuMQGZJuzCW,"<a href=""https://maps.google.com/maps/contrib/110912013703435895622"">swapna bhadade</a>"
P0482,TITANS FITNESS GYM,gym,,,21.1691254,79.10869819999999,5.0,,,True,,False,False,google_places_api,ChIJvfB1k-TB1DsRWQ8FGIg54bE,AWCwydhRvRiUrKr4JfdjDdrcfe6ndQ_5u_p1Y7Yy0pkRrP5wKnDMv7BuCGMFc_-0MNFVbv9eUjY4S5ElIoNC1k5QAC9KN7YDPDc3gvQpMlChGM8rsSAf5pGHC2rmMA71aUZ4acJnO1TriDkrW64sBo28yAfSXbRb-pyPZQA31vRs1C0BG3GORy3JjProGWsTsV9A_Rjg1tDD6_WQbFuERWmiqdmssv2TEmQR0b-veKOcOVzcUDQfGLCntVqxPwcyFSDCXiIBxqijWnFGyCIowR_-ZD33JkaLjXErYNBCFTgoHFzzmmsytqD9ONvFG8R6aEY2Jk7BiRcRNodv937gRUTPrxjLQtT1nhBZ84cfD9l80VKBK-5tOBg3mHzmKbHaAsU-_6GArZOHZY8Eo6YOT8JGV28Pc8Ra3LWOSqLa6H6ZIbMHiw,"<a href=""https://maps.google.com/maps/contrib/100077251687710915848"">TITANS FITNESS GYM</a>"
P0483,ad's Fitness World - Best Fitness Partner in Nagpur,gym,,,21.1144689,79.0462093,5.0,,,True,,False,False,google_places_api,ChIJqQkIYrG_1DsRsLncSNrZdzY,AWCwydjRv7jJzfox003CWIXWrXA2JwzLJCo5hcxcDZx6jtZ9uss2YuTeBeYJ1apkKd3waROW-AeE7EH6Opydo7j8ZGgj9LQK3Thxa8JOan6-3DFqpqmZfDDXmQ0ffVyy4JY8vQy9Kecj3Maiovv5swNdB5ApC9M4BeAhaGzyDbVwEQtAk5PVkNpefaFazUYZ0bbq34acnx8uPwQajwGovdK-i7uRiE_fZiKen3v9DYEVgdHDgPd1AlWEogFavFeTwhCtwOXt_MYYikk9rv0Z0kXnLeHlCok1Pui-fjntq3JPKQSg1nWX80ld0i_k2LlmlGVADqeJVzzo-ddT9r6e2YE3MnKREH4dCzlAXFe_X0BrZEh6qfi5Tiw054SWfG8CwjTHytNvcryOPxM3U56zTywRKnXA9uhTQTj_wlJUDpjCOPYT5w,"<a href=""https://maps.google.com/maps/contrib/116613367084745465358"">ad&#39;s Fitness World - Best Fitness Patner in Nagpur</a>"
P0484,Ncity lifters,gym,,,21.1027958,79.0882878,4.8,,,True,,False,False,google_places_api,ChIJaWYxt4u_1DsROx1ilRGEZ9M,AWCwydixdakEE48HexdyFL_EHgPjGxGp-Gf8rMwrIXVyODRmlGaYqkJRRnf-0UHlrhyB1ghncb_7nb0c1XsbZbqI3WrfLbGm9QWUKMPKnwiUCNi1ebY4rxanvAHJsr4IeeDU3DEBwc3O4X4MjDAXeLzlTt_g8V2-2-QNqd3cXRGfpeM3-1kL5483ybgnuKyYbnUd9xeHgNCZp2ALK4b3Z_a6fF6X_-RVtk8lof7ay1V4n39ND2wUpmN9vTc4SQm-nsXX8sp3eMa2sb_PWPkxHwylX-_MFXI4bl1PESJc8ATMZL8fgPibsR3j1S45mdjZbqzlksMpyV8xJ-JW52lwNc3FV1B0zDoRJiUzpiET2--gUITiSz97UcKslmEOeYWSMDkJMzAKCKzhHmgbVefCg-OrjNc90FAqXMfx5JUF_i3oxKDqEB19-EBZTb7Z9QVaUDUt,"<a href=""https://maps.google.com/maps/contrib/111774459891300460593"">Arman Khan</a>"
P0485,Arihant Multispeciality Hospital,hospital,,,21.1346121,79.0968072,4.8,,,True,,False,False,google_places_api,ChIJD4kA-izB1DsRDJOvR9msjcs,AWCwydh5s2wesOAs1ZafCI64En1bQM1U1-cbkQU-xVvcUrTYphlNSKzorz5lva9_eQ5ypoMUO5iTO23UI8bJkpJZha0OMDq2fdy3hG-T9jhs0TAeU5GHnOb1ra8tSUBNnlxrRUGxpxxcH4Fy1fcLuZ0XJiDe7qfUedj3YyVzryQ6zKV4fNSIUOSGHQncI3W_xyi68mi-kVu7y13GV_dTTAPhl52W7fKjQAN8BdHTzFmOoDQwI9sfVu1WUsMtKFxWYJjBijettqnV2_9N3TRfEu_Kb2EIAosRf_UmsmiZdQMdXGYXBz2xEQDQFIPzErkCF5JTRvioJB4c_-RZ5fFpWyCJbp5riTDkClmpSr-7Bd8_C-DcecOtrG2KlADugn-q2CfAeRfpOjbNMgP4gCFC_jOLdNCspRScN7TofgpLdLunydk-G6pZ,"<a href=""https://maps.google.com/maps/contrib/103513026709233923274"">Arihant Multispeciality Hospital</a>"
P0486,"Wockhardt Super Specialty Hospital, Nagpur",hospital,,,21.134687,79.05857449999999,4.7,,,True,,False,False,google_places_api,ChIJB90aN2LA1DsRKNSSiGo4nnk,AWCwydgEbSH5mOhp4q4whzltgBNTDE48gqKVZsFqztrH0gfzway4X6kA6HKNooKb-gZkeV7IRyR9cJEaQrX_vkOCWaLYiCOLsoEdFyCb7gzaefSvQxi8HPKVsf2_ZowF2X0lRRBAuQGWW46gYdkaoUWjAdZXgN2zFvlbPJ1yXTFF_eOSYnFPF3MgzRO5dmk1EP4JMDP64q0gPpEwUvDApRVZxu2ZoXl3g4yfjIOkqhxKiC-7ikdIalQIjFCENHAXNG6Q9sEzxsj_X59CZrRtlcogGWgd2bEvlXiYgqz5cn6-tDYP2FIiY4BATb403t-gVhOOPYmty5Z8dQ8BXXbpgNCyLaf0Kp5ZQdMJikbKgxysT_CiHtji-Eezv7GcvXXyqg7RRC2mSPuAyNh61XyS-Qm3mP0zJADoCs6e_SXoJH-pbXrvjg,"<a href=""https://maps.google.com/maps/contrib/112115147387128268141"">Kalpana Chinchkhede</a>"
P0487,"Max Super Speciality Hospital, Nagpur",hospital,,,21.1857573,79.0795349,4.4,,,True,,False,False,google_places_api,ChIJv9xH2BPB1DsRfOFrK9hi0H8,AWCwydgmULKX3r930fkFnr3elaS1RCBAMIKFe9NtOQGZSzVhK5PAcC-NLAMWzE428AEdRcKP1DiEIKUefe9SVgB5HQo5RHmcQA7dSWnmwB_NLFxFLU1dckiH81KyCzrw1LrUu453XSsGzPSmXjBS8VzEXbHm6vdSGpnlt5Jt_bXSGfSW0rwVKREBVx9yCCoChJNwo8pz39nW9U060OSbbs3kAFO80EcexiPKOaeKedV4futXCV182jf6mNtbGzXK11_CoLpAjKv5y2LR34-QIET4cu__AeavIo-zEgBSp_kR376-TMm4Eog-vSTpawCZgSE7HBdduqaowACNlXVT0P6iCUDRf4T0qkf5vf6oiUapwoNOtbx6j9KOUKq9AY4phdQrRZ2-lsreiIKMbsRpCZamqDCJHmsEl0E64jTKGjA4SNZueA,"<a href=""https://maps.google.com/maps/contrib/109289632953604287037"">Max Super Speciality Hospital, Nagpur</a>"
P0488,Orange City Hospital & Research Institute,hospital,,,21.1128464,79.0654763,4.7,,,True,,False,False,google_places_api,ChIJzzuTu3i_1DsRWkc18ngYkQc,AWCwydiPfM4arRwPz0GFARcKZ02GCAlPcfpHZqFd-PRapHW0XEFllZGVuAKvDs1cXkZqjYj0zT2LbQefJq4MXWYDfCgYg64gSSiU6fs5zc5g12yGO9tyOhK66_Gm36GDcvVoQXJrZbvC8XpNPYCtUm1CEBQT01Tp4FeApiSku7cuBzJDxHc-D8fBUmmXM5tsXH6O9TYRAOH6vxqWIU-8JbKWbN41WIeFICPZViBqaG3OEQtahXbzdyy9OkXylxgoIQBP8EUJLwdDFcWVVGDOg5ZWG-3628vZd2BnQ3WjKOjxmvt-Tx6C76J7crzu1SypIOIDLF1kkoGSoa8hX4IOvOJrBhJkWJrV0WVUhimM_9km2eygOK1KPuwHilkijRwwPO6Y__FkhZotgHO190_k730il7S4srYKfOolabvCtTPZ7PVJ_W9_,"<a href=""https://maps.google.com/maps/contrib/108356722771178529221"">Orange City Hospital &amp; Research Institute</a>"
P0489,"CARE Hospitals, Nagpur",hospital,,,21.138545,79.0791634,4.6,,,True,,False,False,google_places_api,ChIJE8x0UiDB1DsROvJ9tEunxeo,AWCwydi41Xc7jI-j9qruN_lpLoeTm4dq9CyIb9n412yv0o1HxczHrtzcuqHDeDTyzPLsWoA6Cwh_6YWgqMi6Py8uODi52rXd0r2KDiOeBXrf-jU62BMHb6qig4jnVYTrfSGTNgBP_6OLli09q1i3N5tsQ4diXQhw_H6O1Cpuwu4B4um5LmbnSSSr208UO5wzBeEBJt_Vwq0aemx8L3jF0cmZuBYMfXASaM3hm9PF5nZqndAKNfyJeebflxKNygT9TZju78Xu6MYjFZTggHah0XsdyIaRi-vPrTLK_SizwIwko76PX9CLNd1aYALqnsZoSRIetEwbo82yAk-wTx7u67U2MtHQXId5PESyslJcJmdGxsmWbhmof2-v7LmGx2CX90HbiYflimlv8F8lN3c6Ol4MTZ2yy3J8luL7xcrC1uIhFk5L6JAr,"<a href=""https://maps.google.com/maps/contrib/105346634313621470130"">CARE Hospitals, Nagpur</a>"
P0490,KRIMS Hospitals,hospital,,,21.132815,79.070385,4.8,,,True,,False,False,google_places_api,ChIJsf2OUY_A1DsRGummh19koig,AWCwydgKgVd94zyuDaMZB6WSS7CC5ftvaz1bJOIjd56yACZTJ6698YETAgzob5bxL931QK7lJhW73MddghrxG7_o9gH59g1imI3MBPD2R8XzH3y7TwZChX8awMZgx6Vu2NuUOZj_yGDNGCKT1Ob9Z_35TlQnIS71BF0-FC71NhHYTC7Gsq1-gIJdeqI6ID-Mnffib1-5EnoyxJZ0S_ZRLCWSvOwr7glzqI1RIrbHic7MFFj-hiOu4yyuySirDNt7C3vXZedqHrpc8t6xqVYibpx3la-jKBcgJOgUuQ8s33IGpD7Wn-mu0h9BrQyVzHQbOOW69HhTKh8ddSV7Bv5SU8ec6reqIkWsLdnk0NLdTiYBn0ImQBvpkHNnDHaGkak33MbTSlyvMwKmtmcJVSyC2AQIth5r0E49PtbRwaO0V1V7Yw3JGA,"<a href=""https://maps.google.com/maps/contrib/101554065916614747163"">KRIMS Hospitals</a>"
P0491,KIMS-Kingsway Hospitals,hospital,,,21.1546954,79.0849372,4.4,,,True,,False,False,google_places_api,ChIJhcwsRejA1DsRgKqg3zgAVec,AWCwydj6AQETHkjrYcX6K2UAOdknjA7QFjf1R3YARxlus2CbNWvIT-pDugC5gQAOkbfKwLts9S_UtcCmkb8H30wJ4y0IHUvAzNeeiVEJVYKuTSOm0qPQIhLwWMNtgfBja-a8t8bv_9rxd4roJuoiV4AkKUNW51N8-_YMDyNz8jAqRZHnFQ6yR-SBH9yXUnIzoZ-jevG4yYmmD9orv6SNeKTUfCBx32W1hsKjy-Z06DrmYM3WYyJ7YO1XPiyE8_gtAEWAaDG4xfuIqWPwT3LfEU3W5212HWcyHF9Q_ka0D6jodEYc7JUNh594yeyuCm0UpUXk5R8G-IvwIpM1oMm1SIGvamdtDUFcn3dRMX2kzJI1E_qxGSbsrnLmUycInfQ0QwTAu0DCAvkBSs6pboADVQcVc2fqk5O28-VF_30KCxvhfHAvbEB0lW9rbCGm6U8HCA,"<a href=""https://maps.google.com/maps/contrib/104183864752401721277"">KIMS-Kingsway Hospitals</a>"
P0492,Integrity Hospital,hospital,,,21.1211143,79.13623679999999,4.9,,,True,,False,False,google_places_api,ChIJndyfg3O51DsRcHfOkk4qeVk,AWCwydiOZW5ajZbAm9LsgXGOazc5EZf5TwKlZQP8TYJWbqDrwt7i-BZ2FYpEz0Aa7WenffXVfSViWi9jSTl91VKrRvo7z9o1Q1EptUXFNUvnYSTzKbUH98ZVGDWZ_hd_aIN3JOZiPHYj7wzxJIeh3BZFm96FsCUDP8EG3cW3-2QYaSiVhLBjBQl4kDT94aJXeIvjD5pOwkX3fDW1HZLFlY2JJzmABaXN34OrVFJgKmPTyRSLJAUOXdGxN9N571ylNwrFeQlxINsc5oRcPlby_snRy1Ap-SR_6WqOjPdFqwLOPgNKFciWJx_1KIU0bunaSr_U6Rdy9AJ0Bqgi0vOL5ebIqAEsnMxoMNOjBUph9I77nm1MTXi5_P66ifUL0n2WY25K9G7Z1CuM8dCmPqaVTs96cwiZh8FZxtuaV4mwEBwupl4nUsP8,"<a href=""https://maps.google.com/maps/contrib/117473445845342540714"">Integrity Superspeciality Hospital</a>"
P0493,NewEra Hospitals,hospital,,,21.1513865,79.1221126,4.7,,,True,,False,False,google_places_api,ChIJS1-PkzfH1DsRN6zw934Gxho,AWCwydgjgjVy9ww-6UKlBhlv8JGddbUAhqVFTAZWNwO44wJTCAlEQo6oGgYTGcFAYOgoo2pMN4NBgTnmr2zYe6hBPDMn4r_El6jZ76mDdUeQWJsQj5TEIerqDZugaDUDjLjJW89Kgkk2_WHFQvLr4GqZOI-MBzsGPATh-8huKaVAjaWQOJAeIAJhRFI5I62Xxl2Mq1HZJRQjhzZ3_kyOTG9QHF2s9CN9IZ_P7SG4DuW_XSd5Q7BE9H8-3s38I5egFLG9QVPPSfqsgR5po8AGKxlghuMwbHuV8EeazdySiRftNFUvuSKvAAzgJstlwLL-PhG-KdCqkONAqbDTdeuhsWyODXM0teo3K463_HRBMLxQAnoIwyJhc9AKPtRkR_yYi0wp9d-PuBd1dA2Zcorr9z44JAdVPfc0nzVPWcHu6Jn7GIopbjINlC5Soms8moQDaTNx,"<a href=""https://maps.google.com/maps/contrib/104761902054210306117"">Moin S. Pathan</a>"
P0494,Orbit Multispeciality Hospital - Nagpur,hospital,,,21.125106,79.11752299999999,4.7,,,True,,False,False,google_places_api,ChIJuUet7fLH1DsROPnO3jAIiv0,AWCwydj8sfS3ZwAF3QT0-rRAZiV5G_H-0it-mY3am7eEN950x3Hr2dSaVNwunFjRcSDTL00Nz1YuC2ISCLtYAF4iqtFtfi5wNIjKsCQglmdmVOAI9fKN4inOHHyRbcAi5Pwu9ucvRK3OpjUMSpppPPTcblMpjpjz5a5shcamQckTve_4GvShJLYAHBafEAy0HMKne4hDhffl9GySS8VFz7pp8gY0akLV5pIbSjsZhBxxMnH5W0GT9Pkb9UPFCDsIlirpfgWWcF4tlsRJmx8SjLoVaES1XCf6HqjS-p4OKIYClm0DkawzDY2mdyu7W9XeR0wZIG6s7vAKTyfieWaly94yNpQSqq27Ph4sjMLLxM2p0B47_1tpV1rqy2q0u8Vx9k78xEIN4ya-gi-v6JP-FBBScgSwBJvit-SNDw2xf6fsStAOE7Sy,"<a href=""https://maps.google.com/maps/contrib/112685946749430674401"">Abhimnyu P Dwivedi</a>"
P0495,Seven Star Hospital,hospital,,,21.138992,79.1201063,4.6,,,True,,False,False,google_places_api,ChIJma9MI1bH1DsR_koxXAo0rW0,AWCwydiPNKVsJjZLASigexO5QmRo8nsZZ_R_uvLF8_gBzquMIUJInGiVAPw9W17TmZm0RncEUVMes5Fqd6l266LE0uylX3IGJrmTs39s9a_pO2LrmzPV3xP36BMgQ54lvhX1ZKr4n8YuqB9pQ-Ah4dtRlFOF27bfYymWJrPkn7cWzKlD_ZyxRw0bnnc76MLhlHjlynC_Uy8_BgDlezlREq0XU4sRASiMohF26GD64MqYwheqrpDCj-Jz4PVa0PL4Gu421tqV1N18NP__OmKKgGEEPu4x0IzGHSufirywQ5RmeAhHlAjgz4qi0azFbpnSeHRMY6Hdvsz0V8IQyYIASKjU-SmuQqzdXRMQ6HFpzESKWzkFDl7RFIJfVKp8ejdK2553XmybPHtp4RAi4qU2knQglqaFEp_gqB5CCegBMIcJ4mqp_w,"<a href=""https://maps.google.com/maps/contrib/117358694343107862092"">SevenStar Hospital</a>"
P0496,Meditrina Institute of Medical Sciences - Best Multispeciality hospital in Nagpur | Neurology Hospital,hospital,,,21.1330432,79.07122059999999,4.1,,,True,,False,False,google_places_api,ChIJmR8-IpHA1DsRDT2tX3_8ySw,AWCwydg1AAXtMik0Zl-kKHxRJ0PIpbeDDLyN2-QGleouObyMLL9gVmDChHucaLE7oj_e0SGFXfU6R09Xm_jqEXzKJUqGCss9NCR8pL-V1nK6SeI7RrFfT7qsLjf2wlMDf_9vIUW-WCZdDQtWdBG7LfyebncWZDSA_w-PDz75tVsJP_VC8OH8kd4cHOWuwnuNgfMap6UuuuJLljk1ogN_mzuiEiPR9IkcNV0iZbivp_H70MQxMm0GFSW2s9MelRgT8mO3b0nlNdoo6DidriDTnKwAi3-Kv9YlBP1iJ1oRy5odZmie2-cN0c_NVHNSM4gPXDeo23BOv_Cz0xpujicv97sEF2msL37Cn6ZhjVUaOdnv2p3UIvxmX37a5lq0oz8JoGIPm38eug-rfKWPYqcVsGbIycZlV8NFPoNAaSuAgpCurGQ,"<a href=""https://maps.google.com/maps/contrib/110790732574439808505"">Meditrina Institute of Medical Sciences - Best Multispeciality hospital in Nagpur | Neurology Hospital</a>"
P0497,Swasthyam Superspeciality Hospital,hospital,,,21.1149629,79.0696019,4.5,,,True,,False,False,google_places_api,ChIJTcHYOgy_1DsR844Ph5yQpy4,AWCwydi8e3OJ-UQTOKJ6l6_AOglFOXz4C9LUW_x-d-2Cxqkghs4prs3s80c5XaBBE-7h-ISQ5G4fCmLRnkqFJAYY4hQrkWD2G1dwQK_-dR36Br55b0LSaZv_bLGpoLtmc8CQsKWe7tuXe26qQAmf3c34PxTJoAhBDT-h2Bg5B8V2gJadSwE_JIEk_r4IfbZryEpeR9H3EHmf4g_-JRcPksGdoc88mrdiVIDTOMjZpLzambMCcezokgGtk5R_UNIHpROenWxoo6K7RSkmkeo_1RywdXbdp8DBVHm8oCEaXPBBds-UT_DyFbyISPz5mZydIjt0T3TIBmzG6mCY7erxpvURDVaLR3wBmKur9qqiq3OKR4VM-yM6hNYSkXW74DiFRmDL8HVpsduYAiHcZQgZ2SOKc9IetKHL7J2wENaDHXFL3l-CvBwR,"<a href=""https://maps.google.com/maps/contrib/107423331986192919456"">Swasthyam Superspeciality Hospital</a>"
P0498,New Health City Hospital & Research Centre,hospital,,,21.1328852,79.0778261,4.6,,,True,,False,False,google_places_api,ChIJr2i7V5DA1DsRW78bK_VLd4k,AWCwydh9peRmk8Pzii07hX-VWoeiLOXLncSnzhFNCl5akLHKrTh7s3rr2mKYPHLAVEXcpDCLQpEI73c0COBHC7N_d7uKDBVBhtIve9qPHVX4pQKVf7jZnOdhf4glXdGeYP02STqEe8GUm9k5xzOYDCbO1mIRoCBAhKU61L9EKGeW3SxVD8mxcKAKLXzxR2Z5xooE4KeKGV2ZIydAzGxRObSDXTbIEANEgGeJBaEl7srembsp6pIs4H1y5t_5dFAM9RcPZqNBuPtdrggsmMPiSAeKv9bionC8EXAI93z0sY_kBI1r3vHHycVqsTjenE8aa4pi05JGzNrKVWqkRh6f8Vv_QbO_7FrlwOUQmNpo9pwNivwT2jbFIvpSrX0laWoSC1JDdblkkZu3tiftdsn55zQsNNnV13MytXGYH3X4cDQovJDpZRs,"<a href=""https://maps.google.com/maps/contrib/101920555030890732045"">New Health City Hospital &amp; Research Centre</a>"
P0499,Platina Heart Hospital,hospital,,,21.1405408,79.08542369999999,4.8,,,True,,False,False,google_places_api,ChIJfTpCv5XA1DsRoWXhsqZwVRY,AWCwydgpvxVwEz9kV2B5uqjwuFepyf7a08fmy19C7p9jJ0OEw1TXOD45oU9x3KctOzBE7_gmvL8n-s1iWchoFpce6SoUp9GDZOlsPyWKQ1MUBXvy6zovhJmpG4kC4wua_Ys_fWsHVvwrV-yqVjTDchE1pyt2sZilxd6FC7YIeCX-tiprtDDZBKQR7kmPqL6BXmbXWj_WFh0PMBg0CXWViIaywSbq7jc9DhBwoE6I7kP4lESO_q4s_HNcPKRv7B26xFR_RB0wILdkG9ClBNoag5IX_lpRssTjwZQmz0Pj0hVHcPXNe4ST9loKqx952p0J2w2v8XPfMNRxwfdn5j3hjy6yqfcQs6dnSGh9-b8xGCL2qrV78FDdMbXs2ekeY7a40y9ekBgfIN-wu4Y--RQ8oE1mgobXjys158KAqh4n-Ej2iRyhz1c,"<a href=""https://maps.google.com/maps/contrib/105835280564575701471"">Platina Heart Hospital</a>"
P0500,Aureus Institute of Medical Sciences,hospital,,,21.1282879,79.0940224,4.7,,,True,,False,False,google_places_api,ChIJp-rWGaTA1DsR-j3aN2HkhRE,AWCwydiGv4PWOJ5miWKrZiomV0LHAzz1xapsZEFvektXPRlRX_RwXyBwrvFtG-r_IqXrKUn9ZQ9F5pSwPyKDADtUAeOJaRfF219O61PwZ2g5kO0ZaG5CyHW-o-N1CKhn4IQElWquMNeKTYzov5n9mTBYraa9cXeRIYWjs7LQ7IKC_D8SE7R_SY3M-qrtGx9cTMoanuZS8g8pgtEcU3coYsqKEpugVMtn98bYw3ZFek2K0owibvciZjbfoMYBPrwPWxeW6e14j9Bfh-7EFAArqRBI3HL62i-RDvXOSuEEN7DP59F0PKQw4Z3_123FPnjlTN4tZtN-dge4lFqM721YGhJ1oRkrY8byjBVNKl5RgvR33Lx_YTT0SZvu92GB4zaJyz4vh8-o-W9lnstDYvISFzL4Y4X4AUI7XUWGDSukxJrkuP2Wv_Go,"<a href=""https://maps.google.com/maps/contrib/103289561685374188069"">Aureus Institute of Medical Sciences</a>"
P0501,Synergy Multispeciality Hospital,hospital,,,21.1879901,79.0586673,4.6,,,True,,False,False,google_places_api,ChIJ7Z9mGKnB1DsR3HZryfukpkg,AWCwydj0vdOXQXLrkT3Q5FzS1igiXjV-JZrsbE1uztV8BILUI-s9qzMJKema3xJYavZs62tc8TBjb53ox9jKVYJqMKAPlf_jN0usjThuKuM1XFvOVJaYG2nyzKgKlbeeJCIncS28C4gssAWyPbNQjdBJR3P_hZzCT7WgUnxWoXRw-kkrw6vvOAHf7smMMXJv0692ZDlMd4-vXz-XlBknPwJCNGJjKQCOo-Sb-22AhzjnsH59aUPKKxSWIGaVDHLWgCtgIa7CQ6K5dPGFr41wNoVY6aJzW-lxGgQ5JVmU0Ke_j-bdAWp603D2CocKQDNjA3HVugfm2jzK-ASfQmMsuTLs5zpeXqR11d8rj-6rEmlEtr6FLf9sp8J0EnU13tconiVOxz042Pu85VBLADIElcYVZi4vnfX_4Tkjv7snjVeK5boTmrRU,"<a href=""https://maps.google.com/maps/contrib/112435680423552659947"">Synergy Multispeciality Hospital - Gorewada Road, Nagpur</a>"
P0502,Arneja Hospital,hospital,,,21.1349943,79.07458799999999,4.8,,,True,,False,False,google_places_api,ChIJQWPhyY_A1DsRCdPt_40hOPg,AWCwydi5u_d3g_rLZh8dCAXP18vbMOSdDFCsIR_T_VpLxFPITlX_QcNZjJYkef5qxEU-7npN9VC6jppJd62p3KJKjN3Y0MnnT8akhskCd6wP3d_WywmdhZw5DXsXLxIt54D1ACkzxlAbcZDJ-4kY8jPAWK03lJSt0nTxd1RnPoTDxKHMlXBE609DF7tz5qYauu4dP_aGAz3Rpg1sV_tI8HLYOYMGCk_hKHx84wHXEq1QAdu9csvlP77M6KnI4e9L_nE8hYZDF_iWQxykwC6jnTCZOar7kL9LwlFd_crsKGaesTiPe0ES38oS-g19Mxn4bNUWppDV8ZrMff6PDo0wS0iWYqRdfUAwKF_pNNTnMPUqV2Ab4Y7SJWGq4LoBl04PvwNCp5I7dsDNvmdKonikN1A2TF9OHLpxjz8C5y87NdpG2VvbKfOY,"<a href=""https://maps.google.com/maps/contrib/100708666366553352149"">Arneja Heart and Multispeciality Hospital</a>"
P0503,Avanti Institute Of Cardiology,hospital,,,21.131961,79.0802748,4.8,,,True,,False,False,google_places_api,ChIJayu75JDA1DsR9Z9ZiSxLAvo,AWCwydh_plZ1K1x0tKbRGvDKXbJuRwrRYYL6dljggYuFDgtXjBUY2UiYyBt5uarE39gv8rC0Scy52l-raeRLHwEw09WiKiAr1HfrUzn8Fz9bliI6UQAkI2TUdlOdQbInRuTBrjfi8d2D9wiUP4Eh-ipZloNXtlubytoZ0R-Cc2FS4GshdWqGb5A9ee1-EhxTkFgTtZY6c6tlRtNCuvW6VFE5mamASVNKECJjhSrxrcrIW6K5LepjA7RnTfsTchRuV6sMmig1FigxcBKnx31Ps0UVjcbkT2M61ZTZBBXPKSyA1mO37HKYDe31M-G_p6XBh9mtDpnlsEh7jgp2TcuPUNGhw2_e8HsS9d-21bLU5yxEH1HztW_q_-_CVkyHbM7c7mE0xFEeUpQb-c4_RKNWTs9yqDC9Hi0K9VT7WR4WwOCswj69mBpndt41wb82z0KBbPSU,"<a href=""https://maps.google.com/maps/contrib/115789497914409448258"">Avanti Institute Of Cardiology</a>"
P0504,"YES Hospital Dighori, Nagpur | Best Hospital in Nagpur",hospital,,,21.1131779,79.1301022,4.7,,,True,,False,False,google_places_api,ChIJPcv8z6K41DsRN0DiCZ4RLlM,AWCwydgepTaZPrJedRP7r9exJuWbZzxlpLpL38WixJ2Uc-ds_dv8ZvUyfXF11FWjDQRpwGNxdmdmKzLHrs6apzDvipvjfXak3ftdNDy94EFF977SBHgn6IXO5b-pbGFY9wV4G8jHuwSsFYZmyaX8mggQ0KOGkW9Uw-qzphdgX-CaTOQOefFasIj-cV2KoV088w-wI_9J36jSty__TZTKeIIcex9VTGhfDppMgDH0-XQHDf23QmAHP7nIvLS4BnLxTB5DmwXkuCyShyXLoiuhzF9E9jAsYNHgl24TSokaVxIz82ToXndKREKpjkndJ7N_hZHGdSrMEuRgQyDv-DJ8XD2h1l-OhRLauQMvEZgAkKlAuFtSJvw_4KJ0qtRlUd2wDL4swV79D5UtxXfJ5EWG2UaFDuct7r2BdXzlveuiiF24OCRX9Q,"<a href=""https://maps.google.com/maps/contrib/103015145651404577671"">YES Hospital Dighori, Nagpur | Best Hospital in Nagpur</a>"
P0505,Vedanta Super Speciality Hospital,hospital,,,21.1347623,79.077426,4.8,,,True,,False,False,google_places_api,ChIJD4Kd8gDB1DsRDqPRz9MPdB4,AWCwydg1aoLMqFtdLFzOLsf6YQTar4XZKLZnrFAQklzWWo1ymSiPmCq8Uv0SKyqaFTpT7c2j3kKX4Jr1gumcq82aptzK1Bg5qgnyGn8DvZ9eE8AEi3BQNX7Y1tH4XRsv7Juphe79HmxE5n2dZ3vQV7V57G6Lpwfl1QKqLJV-3o-LFQd3xmbHPmEtArGAbp3Sg3DT8bM3vEDXU9EgOMcinVAq2b-v4oTZxDCHSlkBSgbCFkFCaobwqsjbe6VwjJV-5MQF9RNXGjVS8YPKOM-A33ctRjdTnk-6sRmdb854iS_uwSa0yTpNF9jf7RkbL0Oy-he4DMwjxhJIbrFP3iJaOZpkKEdiC5AEdTk8liayBtRZkiMtlZpDuCkystb0R2QnoPjPxMQYn49ycqnjIUkUfCTnGruzCA9befp06qiMqsR0wFKTVg,"<a href=""https://maps.google.com/maps/contrib/105751539305555263315"">Vedanta Super Speciality Hospital | Dr.Prithviraj Nistane | Dr.Ravindra Sawarkar I Dr.Prasad Upganlawar</a>"
P0506,NewEra Mother and Child Hospital,hospital,,,21.1114344,79.0704332,4.9,,,True,,False,False,google_places_api,ChIJi_0UInW_1DsRkq3oU5iufjI,AWCwydgUoi3gqXKLb1Wr_IeoWanZDayb35nrRhhq70Pqp2wu8VoMaBtZeYJkOcR0VV2vovkFkFNOaUabzR42vwiSRCwdsMPQyAcNEgd1_0KOwCuN9zCrPHftseYjVJX3OdjInR1sfiN10AF0rmv8ke1OtN4hz0-Lww-6Qczdhbs6vMofoZJq0iH0ha6FNHNxueWwFl2mcvElsLt9YdLdCzbVfRRtFwkeLWTqr70pzBDVoDpuEz2DF5YYCGAIL-9-GH-U0TLEGJqpKhlsgFp1G50s9sS6ieDdYv9gL7IMxNeR7yQVOzYOcudn8w1rMvhZet_IXRwZgt4V8sUiEqtSv__UbFX8GYjAjzCtJTAn2N9jLeQfyJqmE1hpiuUUtPL4mijFNYsAyauI8e5wpz8XX4BESaFwxxYfq-jzmjIwFm1B8n9nxom4umIbP3lDzrmDa_vS,"<a href=""https://maps.google.com/maps/contrib/108741884986933499690"">Shital Mankar</a>"
P0507,Alright Hospital - Best Multispeciality Hospital in Nagpur,hospital,,,21.1837806,79.06965579999999,4.8,,,True,,False,False,google_places_api,ChIJx-ASdLbB1DsRWglXWud-44U,AWCwydiJ135y759CQdYMFY_VSx1DfhbfJGc_B0qXz3XkweMvJFIj26rdFfKJdOjn1k2OQs1X-dYIRUpAeFeUTKfapcuw0RtiB2l24WUFAPB_1sGYMiOksGiqWnd3eLqi4oaa0OExRoGqShEo1qfaJjfFt-GPwM0FWS88Fb2LUyGIKKvq-B1hzPRD1-g4yZMq9ooYd0gNeFXnRT4nwePbYQdDUH8Jt2wwMB4hYebsVjqXttcaJCpGwEhUF91whDryL8NT7U8qUQVjUOi-TM2kA7kWium6gcnNYujmpksZoyIRTOKrM1FlL0wOshzQ3MQKbB1NsVcReqO_OOU6BAur7fJ3vV9aiwAFmHXcSBJjrm7hlZFbL2uCRQkULLTPdAxK3j71Ta4RXad8N0RF5vVXQLEiCBVNBhmFTBasM36FhU5ado2UhnPdInjYJygSiR6eaB9X,"<a href=""https://maps.google.com/maps/contrib/114522067929147794148"">Alright Hospital</a>"
P0508,Saboo Hospital,hospital,,,21.1493769,79.1124722,4.8,,,True,,False,False,google_places_api,ChIJobMtKcvA1DsRsirqWEiIBdU,AWCwydgJyQx8uCDNvrdnk6fbsJY0_9z2i9hEP7SUlG0mQ-lZ_0Ivq6sP69MiMl4x7peWrkTOpFAaYMct3_s9OgSP_hL_7Q2Vr2vcLikG6g2-5mfupJugKeyEd6c-AAOTkDfyYlCkkfbO0VcY_zW8ZgRDtk5NqAHDYE1pPKXnb2JzJ1XMS8x7jzCDOM5MOFHNf2aim8ECUsDxzLm1TulhgUfO3ImthrLRl9SL7aitAWb_4H-bDfURqYyljlsTv64ZZDPEWcvBSpxfsh93TSVrIswKTAhcZD7ZRgflfcQGJmlRxK4_Jj2ffWK7ZruTZryrHNYfJ85GS8Lg0FyI3sF7eEN4HxptePX0niH14b8pFMbkRmArEasJPNwhFzRgY-DbTdeJEKqxVO2llO6y2DBMGT6twnqCleg6ONzQ_djJ5s1JkhvChw,"<a href=""https://maps.google.com/maps/contrib/116621219820417217058"">Saboo Hospital</a>"
P0509,Midas Multispeciality Hospital Pvt. Ltd.,hospital,,,21.1339738,79.0755831,3.8,,,True,,False,False,google_places_api,ChIJx7CkwdPB1DsRYmTruMmn6FI,AWCwydj9DLCLuqmCaB57884ewOf9o383cMGa-03Yp-qN82owVkop28DM7K78C1bFQqkAa-A4gcDOlWkg0XEL5X887W2m5kWoplyvGHWtavh8LSpxD1BQdW88So6d0ixr2TZkCEWu3vKvXHG_UZakYZ68OyiuDheqGcIiTkOROlU0dAfuc0l5iWuLqWDIGZ6N8t41NcGb0fl6XIYoMgxVY0qCsCosKYOi3AmuXzKEn20Hgpkp40vTkM_d5JZ9dXSK43dy1evz6HmTXlFaylWYR9D2rtf4g-rlOsq7NTEHvM5_s3NrHZjhsyGZitpIKZ8bh3tyNBNq6T1dkN4-6sAJ5gffwQ_UzWWaKvX3Yb3XQmVulmG8HwQYCm6ZEqTVfG2etARCpRUIKXfA58Ib0IESY3BMpCxkaRgyi1Ei5IHk-xTR3YZNa_q4I3GwYa7Ke__llg,"<a href=""https://maps.google.com/maps/contrib/117589510950307859340"">Narendra Rajak</a>"
P0510,Lata Mangeshkar Hospital — Multispeciality & Super Speciality Hospital Nagpur,hospital,,,21.1450255,79.0801726,4.1,,,True,,False,False,google_places_api,ChIJq6patuzA1DsRqY_380EeOVM,AWCwydgiXn3GhkARwSzw7cJO6i26iGrlszKs_sHMnjBMVM05CjD8MWAsEwQ_P-o6PQAvwuw3gdzLGuunDH0ENJUrD5bL_NHqcv-lOnay5DYn-D-CmZ-BGxo6XLxzK_YhJX3DcM0qtaX7wIN0ZfZdggVZ3DzR0aiIVm-fHLHMCTmimvJLxesyHxHuPtRUUOXyhn_3UxXkYBD3YDIkztVTgm6jDU0WgWYQzpyd_trr8F532uZ46Eop9oR6VCooFuahnY2eSd4xEwxkl_0DNTJY9qg1IvwBSckoseevc2tT8Ufpo8EFqIW1CM9oDJ2EbXxVE5ob2gT9R7clWFx5i4Fh9DldKoJePMmzhX4WqRdz2bpg_y4k8XD5fFKDjy0qRCBdnQN6Y7CdZ8q8a8DBf-4BemJA2ZGPV8RMC05p65g86QefK7g8GlHl4DceJmg6zaTWNy6P,"<a href=""https://maps.google.com/maps/contrib/109375257228454151892"">Lata Mangeshkar Hospital — Multispeciality &amp; Super Speciality Hospital Nagpur</a>"
P0511,Abhinav Multispeciality Hospital,hospital,,,21.1691092,79.09749440000002,4.7,,,True,,False,False,google_places_api,ChIJmWyXtdfA1DsRPHFr-nt1UPQ,AWCwydgYbMaJwg_DkE9EObQdCw4cUnE8ArpJxzQ5o7UUbmP-yZwgkI2a4FYNIGhUszHgZsjJupGYFbqIhkOFOp8GfTd2Kij5CyRxFxMqcz35RaTJV8LybSCkbsgDZwmqlPasLK7A3mXB2mlL5b9JNp6uRaDhna8lYMZdxLPFC_wG2bgGaxnV2oRu96KBccY1d8qEQRvT67Po-cIVMvxc_6IYzyM_ScksDgvIvZrSOz96cafnzu6N-NdyCvxCutxVuUrPukCYnCY5Mfzq38ZIAze6c5FYY4tqQnUz9IeJVRJ4fGinytumrDWjWKANOOJQTAifgFOvuNez24MvPUP9gRcfUDCpCQwGBLwYoUfDZEkkEAXXShktP_n0r3ib-lBiXNempE2mZJ2BbdjuaFUyeTxACvH5WmF84jLWW7pOHlx1Tu4Eyke_,"<a href=""https://maps.google.com/maps/contrib/111010715100737039509"">Abhinav Multispeciality Hospital</a>"
P0512,"Wockhardt Hospital, Nagpur",hospital,,,21.1324632,79.0540941,4.7,,,True,,False,False,google_places_api,ChIJEbiFfmTA1DsR8d00f0lFWk0,AWCwydhHORg1wIr3dqjJhgyUPV2RP9x1HRRtY3-dR4Wt6YXANzbiKxc6A1r3sS94REzWaSJgsJgXoHjFul2U4YwPTLba2IjJzghPHIUtD0_paWBwJ3IbfMKaLTJNbLGYByBGRWUrWbOlh6gu7ahnzh5FLBn-aTMKmjQIcvQUmnk04mcWGY1xjxqy7JfNJEUnavhGr4KbpidASATKcWI50EqW5l9tJnHHh1uWk4crJHDar25w2hUdkFQ9E-4vyDlPWDgRUeqx9kij6s9UELAXeMI6u0QWg2qKyAjEhhbiGgVS3LrLfF7MnI_XVRf2upqrGuj7tu7zX7610xGaTxZvOrihSy0eDCH3gokZXG5jc5Bkqi2q-4rlIKaPkPMw54NW52_SrSZG-iM-HmWoHTIvPZuXD2N_wDFnvDjfK1HG2lqZezo,"<a href=""https://maps.google.com/maps/contrib/107745981787723937712"">Bobby M</a>"
P0513,Criticare Hospital & Research Institute,hospital,,,21.1405576,79.0854809,4.7,,,True,,False,False,google_places_api,ChIJJ1EMv5XA1DsRj_jEK1eHBRM,AWCwydhOwNpDMe3lPst3vNwEhJihWh8JnxRjwludTLyzO1-BJ3uuIQVy4ZlFID6SBlxmkCQatjT8-J0-xe0HG5D-TF-bcqIMncRx1t787nCP9rPmMMIS-L7DKfzFCKOLTGXVa_UQrg5v4WN5PxD5k0V106z-H45xjl5L3wb4rD7G_N2WthLSRScXo9mCyFUq9i30A1DoyrFzocR9cifczRsk57bkDz3CPRAxrgLos0E4yJoqGCJIGPKWQ556kgeeIerQnkQPx3tM1ZYu_hWOHR5xgX0oJ2DmMMUhmuV_9nQK9uzgD7dknBKtMu765AbyI9kUCk6-CIa2t6Ty_zTrWM7szl_awREL83SCx6BpeVGgg_0ASZ7ioBlzK0_RB0QxHQ0jj0cV2dNoXE1oOleP8OYBKi6Hd04-h3UGjIbfQvXIvihLD9pv,"<a href=""https://maps.google.com/maps/contrib/109702210717633725905"">harshal bawangade</a>"
P0514,Shree Vinayak Super Speciality Hospital,hospital,,,21.1509452,79.102533,4.9,,,True,,False,False,google_places_api,ChIJb2HgdebB1DsRiKYzZQX4HlU,AWCwydi5KIsexpyo8cbTTZjqHjZkyJAOqkAnB-tguojIJiN_0w6qntOFkOaRlRNf0jIyn9dx0QZr6ez6_JXroDLqZG4BA5sLo5uCRa5Ib817lBFTThCCRGq_tqgRar4MFMAGH8YeKn5Zx2ZGgTGxDeN-3zIX0xuelmcUC-Xh653sy0rtK8KABsfqZ6LOtj09NxwxsknhCcIFXL5QppUmgZ0EO1REBEeUkuo3qr0yjFhQmCeC5RhbdiT-MA9URJ5tUKv-Wan7c1Z5mb7oNGxnT5_OTH7nYR4_ifScUtg3I3qCOv7uPB9l4zmV9Wb_AFx5C32ey5GkpN1hoj2lRIDrMg7XYikJk0W3K5u87kMrtxK-wqpb05JokoDd-Sgd3640yOdL4rhge2quCoySAjZ3B8KM7rXyIfBE_-mkbMabRG_uDgXWPn2eyoGNayi6LGQ-P2ye,"<a href=""https://maps.google.com/maps/contrib/118009499867160987536"">Shree Vinayak Super Speciality Hospital</a>"
P0515,Critizone Hospital,hospital,,,21.1796202,79.0699653,4.7,,,True,,False,False,google_places_api,ChIJ_ffkl3HB1DsRqYcrrpz5C1E,AWCwydgUFA8b2XSwyLfH1k6dQLzCTUnhPLEoVXe4xBRAi2rVtL1zrtVjZZUqRLuPlru1X9NwcCa6jwOeqjrOn7pOIFEKYRTM5aeVDlAe0peLCcOKQkC9l3t-6JQMuJQVNY3L9WuqLCDziDWxZ_bi5IFAKSJClKGsC_gPaFe_SDZPTR73YyFp_0Kz2LFyxHOS15ur0N5iVpFBHio7oaai_SL4HJbbyf852W-p7MH0D5QieBH28g7iFWE2GZ-Svmbg_-JrCp7NDtIEdHLVoTsibq4gSlgtT7wMbbjTGV8FTtjZR_2Jhtwne48Gpm0fpDufEtGjbVtf195Uj_tOWj7WkaHctIB0j4RPD3_VGW_cCWhuMgMWOze7SSv_HeG9vGEaAB_buncAIe3hwujzz3t6K_PKrIjmTY8S3uhuw4glod7VQbboh9YRoCwMabfHUg7nMaTD,"<a href=""https://maps.google.com/maps/contrib/110465601119147148494"">harsh mahajan</a>"
P0516,Colours Hospital,hospital,,,21.1205537,79.07449969999999,4.5,,,True,,False,False,google_places_api,ChIJedZJze6_1DsRyB61CN3YH10,AWCwydjW89URyCWEVAjgYBWoEscYdq66rzhejsXGMXN9OQMaoT_4JtMMJlovKYsyU3RWfUnv_oW1zzyvu5TUYrKcQqLzOHd_R2OLqTsXKfl9gD03M9s-qYZ5gozZTZQwpui5k37d6wu48U_qwLkxMmy1lV2N1xRWhBEESUsnvKdOxGSIE5wg-8IzB_-daUne5nEMWBgzY3XYYxXaK1O_tR6s7bOKE1hO7yKfiasp3pLxkuVRJflmb1Wz0xSESgFeeeOUDfgCy_7eEPKelrCxwbJeUBaSyzXtMUOY-mB7yGDoopEqjCz8y--MGgnAG8-wzK0Jt1jbIMxJ71aElYSuJ31m_Yl35GcCwvnRsWpQc8AX89B71mG7pnVFr74ZNOk-BT5yLaTbT72xcc-cf9riZG0w4mEvAmGuIC84OfTBj-YCaWhwtg,"<a href=""https://maps.google.com/maps/contrib/113462803940068487553"">Colours Hospital</a>"
P0517,Viveka Hospitals,hospital,,,21.1203908,79.0427601,4.3,,,True,,False,False,google_places_api,ChIJmdKUMHXA1DsRn2eWkBkC0c0,AWCwydgb5YOiUkE9xctxLkzrbwG6Nvf8arKieopFtBirZcrisFSWYW5Fg-JKzL39JCK5Oi-EWMhzVq4P_xTMJejA03EBZZClUxOad_RQDo8sGuLBjXTCUIlWgyEAaorm22Ml_QWBwetbOpaRvtmSAGDXGxRKVaZT8DBmDMpaetC03HWa6eqWHxUpqitJ87a093yR4QvNdZrZjcspTrSvJenQFXLAAAwdaMGZnYettTwogLxbt7sfBlwPPnI6BOhBd2JMoiPcl2DwGXWE3zZdiS8qnHalTG5Fe0Nq59DzaIItq0OjB9kJCKL-hO_3Uvd1Kt1wNziM-tTaPtQ6GI3MxOV_Kique1xstnn_PVswYRGdN9uHWlPe0nlAOItZeSnOKCaCDfbdO5aLWUujOxVO64eF16Gbr7amq9XW_iNIAxMoG9vfKg,"<a href=""https://maps.google.com/maps/contrib/110541194416622426597"">Viveka Hospitals</a>"
P0518,VIMS Hospital,hospital,,,21.1576698,79.0824816,4.3,,,True,,False,False,google_places_api,ChIJIfTY8ubA1DsR7LW4CU2ZjLs,AWCwydhM74CWaQl8Xg2T9H_cVis56M4n-VvyAzs-o7PtAtQlvzBqR8azbkkhe1PqVzSWAlQdPPbIWJ9v37e3oKiILrvFL1W8gpTyVNa2GmOE4fmdeVb-RQ2RlO1Fr1r48Z9GR2HNgLr_RHhc4WWuX6ULNiNUSyi6zVDtCQTEFpDqOvW8s9hoFlFilY7TRhL5Pv7ZpWJ5JpxFXYU6NIdct6LL0ZAjtGrXiInA-EQmCrTY9Q3WyMFMSW66ZPkl5OfrwSwoOb_bmAMa6iuWF728uXsdhagSfHkilMLaV8QhggeM_-HWE1wmMgZHvih8DnlzMo2JoDUZ-VeaaZKIgNkrUwhRVxUEb0U6WIJyjUeVqyRuzzaYQVUSvuTeXazOYvOi0vEmgvJGD5vIpyqZ9Ly85Jb6AdBAnNmdRXQZt_tnnxjZeXph0Cw,"<a href=""https://maps.google.com/maps/contrib/116452215511505823178"">VIMS Hospital</a>"
P0519,Shri Radhakrishna Hospital & Research institute.,hospital,,,21.148701,79.14146699999999,4.5,,,True,,False,False,google_places_api,ChIJ35mGzRLH1DsRrmuOaDMRD7g,AWCwydgiBvAnT5kJ7CrHCSqvlt1Ht_lg5WnD2w2raim4tzGMsyi3zkB3TgwNGDBxplbEthhJuKWHki9-Yf0xS-qWIhqXCSiOFi4FDu1elsXz_PIB6UuNrkzgK-PNuWAGbmSr1BhJOziJzVGutyZ0N43bw08ElOjWHB3tDeueTDfp-_AUSZfEq8hZ8OsMhbIdwdbOK8Iz8ekcZs5FYK7iUFvsKQPojpSNIlNhYWw2AMmO5zAzA9W6bIZsRqnY0ib-Ubxq6cZN58rPL2Q9ig7pv1f980brwHNktG40wbhbezwEGu7qJuWgy8CaFtvt2do7zGGXwcBWrEQ02n9XFy4F-Atzj3q-sW_lCK6QWl89rTvkUsDpSj5Nmv3LdzUiqwdjhtf1bfPXbU_dsxUXGJuEcvmgqGE6VLV-Qdls4rcYKw-N-rPBxg,"<a href=""https://maps.google.com/maps/contrib/100639706941411169130"">Indiacom Ltd</a>"
P0520,MIDAS HOSPITAL,hospital,,,21.0326847,79.04754319999999,4.6,,,True,,False,False,google_places_api,ChIJywtOxia_1DsRGuWzLPVnhAc,AWCwydhUiLOS1z7o4DgBHIY38Emyo8Uh4Dse4lcoj805rj9B8pBiYafkA1Y-D40q6jelYdoJ8n64YdRVEcYPb55wsFJc7LFHs87O20c5CHYJklTFs55Q5BO3kO-UV9KHesMMopGXUI1q7h0KOLILRKYAULsVUTj0TSm702XhRcC47-Bc7MZR80P4YisMfeC74dkA_QPt4ugyDjp7umg7anE_Jk5zop1gpo_X5tuzcGcY6QF9nm2pWU5fZ1lE72fAi6AiEbxbE3jGEg8RDT-7bF82vFT3qKJiOPkHUCjdwU7CNxg83ORA9huXR3QvE1ieXHkQ7Ge3pdsceSGbZC5Rw1pkRSkh9jrk-rf0P-pEQsP3oeYykQivoyFi6bxTsWfO5At9zcjMM1jXBxfrE3r4LafaeqmBMk7AEqzk5nBlWKQChQZv7A,"<a href=""https://maps.google.com/maps/contrib/108102671367550160659"">Prajwal Marodkar</a>"
P0521,Cardion Hospital,hospital,,,21.1350451,79.0832712,4.8,,,True,,False,False,google_places_api,ChIJLcVzlcTB1DsRr-eIF0bS0QU,AWCwydjUm1JdzTEkJFEAUiYymog9lFhMDhnfADi6y1xA3JD62U3wWcVgnK-_SJ-ZZfAJg7gw5ocJF3iEzsx1UWwY71SObuS9vI_fHJ2XhglhF5xacg01RFWLogQtIM6IAW2J3Ujlc1jZaBD5mlEFDuDLvyZXOt2aO-WVO9Z_8pYqfsKO_-sMnv5PSwaI_OJ2YIKsLH0oLycQqfQycTcpKcr8L8k007Mw74oqJiLaR0uUmI9XhQbYbAjIyj8ZkgQSUKw7rdJJ0wYwzR4MqlW_7sp0oC6Cwj-eMFKKd2aCr99G1o5KjMU87B_xXXVEbuvogx17BBOE1VGugvlHuRjrsAzAbMMjAt_qW354gr6GQG7MDoE74dxsfeQK7D7XUkXVizZiVFz0I7d2E0e-slBE4Nu9UkWoFPFE1_KURs4snZJFDMccKFo,"<a href=""https://maps.google.com/maps/contrib/118444068738675425731"">Cardion Hospital</a>"
P0522,RNH Hospital,hospital,,,21.1334768,79.0830982,4.9,,,True,,False,False,google_places_api,ChIJvbfl3pnA1DsR5qHgGYezSXA,AWCwydi6qZrAR6Syl-Kc97AZULAVedV-1B2VdA7XhT3J2WgtNc9lXjITl7lVywNPLMLQ1j8EtX3hku6zJCHgJTGuV6RTDqJDFruDLbbOIivyD0PObAzzFgbxcJFbDEZ55PWVnhsx88BQc-HU8kLNCCqy7fWgQuuasOB-nOlpbYgSue4j_KiLItGzB_KlFy2bWpN5fyF4oz9r4rPqE21-06P_gQmohrwLVnMnjeVWEIs5D5QDWvW8waA7QLIrWiGqTWk6NFEtzqnEyBiK5kSk0kAb4h3prpXwydXLY-leechWqmGkJuyRtwO5XUmdXqAaP4gzpovYcKoOdon3KBCfenMz0HSWNC0dn1Svf2khOSriy77Tt87COvHBj30I2NGLkVAHeSuG4esVW_MiKEU_7Cv8KHOiUugEErQgbEbrVnDcUHMmvDcTo_pVgBl97BK3yRb3,"<a href=""https://maps.google.com/maps/contrib/105606885011782048840"">RNH Hospital</a>"
P0523,"SHALINITAI MEGHE HOSPITAL AND RESEARCH CENTER WANADONGARI, NAGPUR",hospital,,,21.0942853,78.97466740000002,4.4,,,True,,False,False,google_places_api,ChIJq-onOCaV1DsRSGJZILxCrto,AWCwydhkzBQpmjRA85gHMZDbfad5Y-u7bwWFyk85_18WGQ6AlCxxvJ7eGprps3OwZZ_MP4dQlzdbnKQl74R3A6h0f44bERUtTXVeZNRpUXZHisl9uxWhtZfmA-ualnXvzs6uQnN2ucVaoiRwtGbcfefJxRV4vy5uk7T73yBV3T8Urj2ZfCBMLt8iX6Y_TN2D5RhmkOWJ3In7uFPPQq2uDgiGf847uP0HmW-tlIjXCmrGj08MNDA9S8B3-0Mikjj8y4yKPV6oWErJrXHSrY3EyR0kPeIEa-aJhLJG-vsjEGJPGNf8hbcSfB2jqzj_lJMsTh_R_qQ48U6hjeMv7JQJPRKVnbMWKA8j2RsCf2tlN9Zs1HcOUwmyMvDwCKTBigcoGuoHmpbSC4N9rLnuZt7y2Ug04a50vFbjrFrcYVn2HgyJ9W8,"<a href=""https://maps.google.com/maps/contrib/105501814023646895044"">Teju K</a>"
P0524,Lotus Hospital,hospital,,,21.130167,79.11564229999999,4.6,,,True,,False,False,google_places_api,ChIJceXsiEbH1DsRyh7SLUwt3CI,AWCwydjgjXRdwigurktmR6wY3y8F2roLbRixiHhnKNAfj7vmo0E1sVGBckMzeUdxwJ0w1QMLAHt4Fd-0zRKeof3brR3ygac28RglwWNFlM0PeTTtKPr-hPDIF3XMwGIQmGJEHiMA7r-at8QJy8n4zkbse0ntSXDX5xJ2gdTr6MpMjDbtg64cmfV0AO9YMVycRD9KwVNNqOrFTzK7IV5kp-9_wFxe2qR6xVxx9I2ZxJukCLWmiVgGYe9PntklPzRoEAQawzsZmWR4zY0dmScGByAUnkJqqquAPlqF6rW_vOk37m87-cLGNOha_zVjGFL_R_8bUWSHUt6C2uyIEx66QPCK5YZY6nCBo7jP-95914MHAADjGHUTIwqm2hj0MjB0Gtl8P_eL9VeGeIMb34qnTYAZoDPwoA9EmvSaiyAjos1rmdTi_Q5dH026ZFC21tVB_Q,"<a href=""https://maps.google.com/maps/contrib/104591527522727615566"">Lotus Hospital</a>"
P0525,NIRAMAY HOSPITAL,hospital,,,21.133999,79.1008222,4.7,,,True,,False,False,google_places_api,ChIJk1dt1q_A1DsRIplsXDqgKnA,AWCwydgDt1eNTMVps41g2qIxsD5NFycs6852KFZ6MvBC2COlVmKHsdNlUb66q6lw0yex7ql_ho1ghPVI7uIdP1MsemmDCEGaY0BvG_M5kh7CA5R7lnRDYyv-znSJpbbkVJ1gcHksopHsTrBLZZI30e-uzWDRxbPCNFV4kI9T2Qb9gAJkSdbw_jxDNdsMkhX5MBxchVmSWJDS4KaUZxy3fBIdXU0BNhbb2QaUBIT10qK8Q4DTG2gkIv8PzwX4qImftK0U2iYOm25hgVAQKtW21Wc6S5TGa36d4DyJcB4D9X78F4Jz6ebIa4Lfzxv1j1fBz2UI-ZUVF9h1ECnGAzlN2yoGtKHXpmZ2kwtG4vpzlIFwn35MWkQbFYM2msAETO4n5XywgA7S4y8S1s-JLvpHtKOYcA1pixUIZpeV-h31PuFi0vOnWw,"<a href=""https://maps.google.com/maps/contrib/103016633842185277143"">NIRAMAY HOSPITAL</a>"
P0526,Intima Heart & Superspeciality Hospital,hospital,,,21.1324655,79.0689853,4.7,,,True,,False,False,google_places_api,ChIJgb20EJHA1DsRQnfB2PP_6WE,AWCwydiHQK2DejZZmDwPQgbWp4EJXfMBLQ7W3voRJm-FyvOuZmEANUn4X8e2o_zxHFY2k4FtUH-7RAW-FaVOqPpgGJn_1kAPjZSDSVeXgGyO0pl6PGWAOZWo88xc2Zv21YsUsXJGbJIKEAFoT0C8VbSKDvtieRpD0hfiKvYHwfMdL2jVsi1SkWEhGeuad7nzjEXnt8ZaL2NyCfBA2mA1UY9eKGubHTthiBUIYxXRCRPUzrm5tH3Gkc3SPHi5d6ejxyqRC-Q4rny19f5O9HZQKsjH9L8G7ZZ8iXEE-ORcdp327DMFhxRGaQq_1n3cng0ufn26ZrB4fARryaU6wo2Segwt1564eR1q1XfBLzC1ALOQw2rM2T0qbr5DWHBTaoiMoEhu88LQNa12LX1c8X7up4EiceS6ed5NzJNnPakWzZjKMOOBcTOcRTSWvcaZO-nlaA,"<a href=""https://maps.google.com/maps/contrib/110629625676012705077"">Intima Heart &amp; Superspeciality Hospital</a>"
P0527,Dr.Agrawal's R.K.Hospital,hospital,,,21.1493999,79.1136561,5.0,,,True,,False,False,google_places_api,ChIJg2IbFprH1DsRVkfco95IJbk,AWCwydg4FU_K4aj3jOdUq-lPcdN6WmfGNw20HjFqQYDm8A_Dw9QaO7YlHdfp8Yw2fps3BJPwbWSAIsvEOSCJy6wZ1fcuQAcE6Bz3tVOmvLUmbE1vdq4GfHjhK9kVYdqp_r6UQYUMvVNu_dt_rqr2TvEKxqjC236z6wQs0q0LfznajkuWO10vAUeMFRTMWs82sqmRW1_ZL21LhrfwqqQQ1EfKszZpwGKTFJcnDDbQbXIqeFiRmeRw6p9Kpzp7eiMUR1pso0UKSX_ILJl_urI-Zz5DqRZf9BAwxOVQ-Pp0U9Ix8kbB4qVL-1TZ9czX2u-HFLNAy7Gu0AgYv4LqNSxdmFWXGDCu6GUAz9mNHXfOlbi3cPrglzeqxhQhzja4gUdSOW6zsOUzjo7VKJvXmvdN81Uo34yalDqiuernEoV5i-IyUWAGLHv2,"<a href=""https://maps.google.com/maps/contrib/114643908085756019874"">Dr.Agrawal&#39;s R.K.Hospital</a>"
P0528,Getwell Hospital and Research Institute,hospital,,,21.1361052,79.0795349,4.1,,,True,,False,False,google_places_api,ChIJj52mG5HA1DsRRwWC9uJ9xVs,AWCwydgLcBvCGScyPGzVETByokPMxBXv2_ko1Fo8ha69RcmfSnCme_bFAiVq3drx7J8RmzewDlMNLMP7ik3tV5UHwYwcyIWx1-6msyMqN7I1IOG2eSW2iFLEMGdkiNmrVRFa8KsiFBaP4HTDoLArT3sijZZlYwam7gJLVT9UGa1zxRci_c2EeSLoJgDlI_--d5aQs2cZl2YKmX-WPMEPtwFLbo8_MgKysBgTGPH5MKnoT5QNFR9AHYUOV5Gg6aNWD48tlpMxXBxdSguvn4rxwjg88s2KI5KVu31kqQyvwP8_5BwUW0RWHaGqdy2I0GZS6o4g-7Pen8Hx2CNY5y8wCVMsHpt3x8EnRmG6aI7No8CH3W0Yi6Vk4i-eEe0hr8TfiQU-RTZtY85ugbQKQa2GuPAGuM0yFNAse9Op165kEBFoa5dQGg,"<a href=""https://maps.google.com/maps/contrib/112189238407796272177"">Jitendra Hazarey</a>"
P0529,NEUROSPINE HOSPITAL AND REVIVE CRITICAL CARE (NHRCC),hospital,,,21.1330808,79.0778579,4.7,,,True,,False,False,google_places_api,ChIJ8YvTjNLB1DsRClP9ErEQDoE,AWCwydjL7izxVV7iZz4l6tVNJfkVqahRJYnXPEuSOickjmpqQMrFIcBg2PI76wJNbX8bweq2M2vZ65fYKFnVFywWCcPLFrPcnhc6CPOLLbeFAebY-KFSVX4A5Ym-3-JtMptopkhXnUpNx4EnrtS73P8wdit1_8p_cUUuhhZNlbwyDvrOIZhgL9SXf2EfVslg7dVQby9KVUavfUTBVQSPKBGLXKBB0D8ujne-fxEl2vHWyUZc8NFNrpztt1nU1gSzsNb1Qy6GbfyG-wSctoc6ush2mlr-_PNW_QHRqSnjP3SNUXgqF95FJp_QTa6iwCEVJw0Gm_12gUq0rtJtn-DvrfMvBMBbhglkEXULhbjFrc483kaJLYrQ0-0zqDhcleuX3_qIZKQ1EBpeb7_ZuNIhRBmOaLn8iDsKCmPtexYXaLqMQp-LRPtE,"<a href=""https://maps.google.com/maps/contrib/104701788105699729875"">NEUROSPINE HOSPITAL AND REVIVE CRITICAL CARE (NHRCC)</a>"
P0530,Rhythm Heart And Critical Care,hospital,,,21.1311336,79.0799396,4.9,,,True,,False,False,google_places_api,ChIJ____K4XA1DsRYU3YGazOhW0,AWCwydiVnjWoxJdki-aUtYIVB4qPI_5q1HkBjSKTpP73u4V7iupT1iqLeYkC12hqbYydUxGcJEzP99-zOx89-U_2GnjuOjEEmVtYO6QQyDaHmPLDh47rQDTspNFtuJb39a9TDrufuU_dUiAzf_PjYSD8BxWwVSlQNVEYJyT7CVmQKcOZMB7p8mZ1AOTpW-O99FreEShkW9J1vF-7LKeIq3mOyfU7Nxgj2H67EeP4UtT1nhE_A3o4BIS5VcZkh6u_lEflfHDSZbj_bzymtaAqgET807vqGQzaD6nzhe5Ayr5k3yiT6kJoa4Ldj2qdi7YM1P9NOfe3UguCif9y9WvBckui9vHhkFY5IuaYIcdwHcXMfD-zYXsqQ5LgKhfPoGL_kGprMFyo6fBuq4kqyGQeUifEUtLe7U5BDUYTHLjghdRyIJ_OQg,"<a href=""https://maps.google.com/maps/contrib/101402792988350026061"">Rhythm Heart And Critical Care</a>"
P0531,Aanandam Hospital,hospital,,,21.1343997,79.1305132,4.5,,,True,,False,False,google_places_api,ChIJ80ZCztDH1DsRbxAQ3z8_IbE,AWCwydiuCgkGyG-NpaybLpxLM0i7tBwcYI7MTk9BiB6edBduEnFjSyiOTo8y9ZTKHpHUvzTirs6KBSyrI__RIY8-ZK-np6XSZdWb0JQN_ZwLP-W4R8-rUPp6ykPrtiqfzdDTMRJhbfZGwyjMDhVL0jklONv-os0Xn0n72I3Y6qQrJ_TLIV7elL74seaguBd3hQd2oS5uPKUCA6ekVJnj1S_a9MdGrw4ToxjZbHB9X7XgzAXfLuv940_JEE9x-GltAh6dNh8IRhOYB6sMTMHIrL-e9H8STOncVvUxLo2NDChls8zdSJ6YLJwS1DrbAU8dlfDwEWDD-sBqt7jP0fB4i5_TXwtqvkZo9hl0G4NzgAFiiT69PJy__DsYUxfw0vQdLGLac4VHctXgKHJvmpBdjbRgm44gtXW-GyFUHRzdUlzhXbjjg4Je,"<a href=""https://maps.google.com/maps/contrib/106157724068416265230"">Dr Deepankar Mishra</a>"
P0532,"Icon Hospital, Nagpur",hospital,,,21.1483467,79.05051379999999,4.2,,,True,,False,False,google_places_api,ChIJEQjMzkbA1DsRQc4TctR-Q1E,AWCwydh4QTfAt2SE6h9c8dDpbk5AKCMV61Wqjhb26PCenaw0dzZgbCdUu3NIpIIOwPYXyqaCPW6Cb9reNbKPhOZgSaGfH7VF3eLoGOS-8rWiuoIqSWDQZeMTqPdu2yYjrEOH6h7e5aOn6nYqp25tuPZzKH3iYDBjQZJMDFwFnU8zQSTmbk78UnwbBksZ-gxhd-D8ZTzZe9iCZWOtovmMPY1Fo6s4PGVvjaXA5Jz45Gvaje-Vgcl4UTKTWkPoyLax55OuI_MDh86FlKxuVux7e3UmZwIw2EbuicdMNgBQc3lchDUqDna25NwEuKgIKmZjdgga82tmuc1-bSGSrCHo9063Sq4LYAkOmxGEMlyGYP2vH7sEG-2oljm8it1dQ0y5MNN_N555sj8leQn4clnde16UaJdKr97NddIbdCEBYaAd5b8,"<a href=""https://maps.google.com/maps/contrib/113880483622807764868"">Icon Hospital - Super speciality Hospital Nagpur</a>"
P0533,Suretech Hospital,hospital,,,21.1372876,79.0799918,4.3,,,True,,False,False,google_places_api,ChIJ0bj4EcDA1DsRU3uZS8NNKNw,AWCwydg2oiu2UGkmMcPP72VUeXklrQmUh-UZCchumeiUtI51m7wLC-dCKWCkKcXi7QlfK1UtJJv2hJ2TnCt1VmHF8NcQxXA3iSI5Ai4E18pV5XQw_CcvHABIpevbe0cM-dHmjO9gyluaIshYkSFUQ_kFUFDGlX6E7VF3h7ieKTD2HIY8izu5Uxy29--U1j_Wj0g2XoSC8_-K7FJZL3vt7BrMKOzWoXM9AoIHE9eUU0V7JnE4ppYl6pAvPYPOUt7JNQsbTKjD0sn2mtU9XWnBa4RbRPe_HILkoE0N0vFVruSED8uz-YrmnxJO0C6eSVVCqihZXf5q4cK6UTJEkBzLLo5soqAKlXUj2oQa7IVVwE8GsXIdbro-hfd6zRryhXQbPETTiRoGJ0_oCedrv9oSp1IVt-f_vJ0_UVDSfD0gsA8AeGVNUm4,"<a href=""https://maps.google.com/maps/contrib/111861627757222353998"">Suretech Hospital &amp; Research Center</a>"
P0534,Shrikrishna Hrudayalaya And Critical Care Center,hospital,,,21.131004,79.0822335,4.6,,,True,,False,False,google_places_api,ChIJIVnFkJnA1DsR2u7wrVTiZHk,AWCwydjGWTkdKB8K3Ik6yQ44S-KzY3RbPsDJwA0WTgeE3s4nklNiPIWfFgWOYxnZknP_MC90QHFzLFPW6e2tKZUSEONxEfHJD6VvzaRreeC0sS4MkSSHOWOQ2jMsA3QweIVz1ExkmqGtXB1e5w3k4_BW0tENtACk-ov3pDATamnAoKtTIgkKJ8rFtJF-TlK9oqnlWXbJWLYtsZhMwFMap4SD2RFt6rp4R0aQslLCFDr_P5zaHgfVawOrhhl-4OAQHOvewNen_8GG4Se_ZDDEMrADVrEI7u-ndfvOeOHEjwwjHY8JMtN96qaPdOnvEC0JAoKMGadAsSVgTIw11lZrLagyZtOSgP8vfkZoMKuwgA_cVxJIGTi5mun-6GOjl92QHpGNQ1hGMgNDSA3esXxxKtyzEmI9Zflkw2br5M2lGHc_-LEbTTc,"<a href=""https://maps.google.com/maps/contrib/103214916238946342035"">Shrikrishna Hrudayalaya and Critical Care Centre</a>"
P0535,Varunam Superspeciality Hospital,hospital,,,21.1336848,79.07459,4.7,,,True,,False,False,google_places_api,ChIJFZ4fNOHB1DsRd3qVRirTUZk,AWCwydht0CmogLER7XhfLl0qI7vITZMiR7sRtbKqgO5Ylu4KZrBiHmukbjMyXvLK0JDB-fOQcWuCBITh7u9hC1VBpkXCGpCWmKSk6LXjMu36FUPVso0sZx0DSg2GVTwgSGAW9JUZT1pdLzCKoS1jsBAO5hOByyWMZPyBzzHV-OkpRLWLkj__5hUDHgpnGM3D1w04ZtOOSRyG0Bu55KAu8whRyoFemFmawU3W166igLcHsC7W5_Fka7tcWBJ7rPj-c3O3ZgIr8jdK_aH_yNVCFP0k5AkKUUwgjkulNI7MbIWqlCWiLKS51zi0GW1x54hqr0LV1crusJcCyqufib0pifsy8QR2l1Kl-caTs6xRqkytpFBPUcolz-G2ZlHR7wWDZ1fFUdWnSgZIXE5Kv56DobJvo3H7rG_4zdEXrbaLBzCbzkQPK5GMSoyPo76zLi4T6R6p,"<a href=""https://maps.google.com/maps/contrib/109582803894794511121"">Varunam Superspeciality Hospital</a>"
P0536,All India Institute Of Medical Sciences Nagpur,hospital,,,21.0359743,79.0267258,4.0,,,True,,False,False,google_places_api,ChIJk1_2aZeV1DsRLiTY3l_CXMM,AWCwydgt9-dAUuDehYE76Gpnc9wefNoBNj9zCWnY0GxkUCgkaH3wtAZ2aVLDduZrQvruF_e_cV6aQir32gNnMIlZ6BTRRGFoRoILJqKfSYoeyveUvQ2aLNYSfiQInxfrvuIhjJgqW6gEnGqVkG7RUVVGtgIEB_mEOL1Z2_zLyUFXrergjwMVyI2vFfyPC8dvqP7HUqsrZpiGtVyPftyC9ITOdPLsF8mz3Ep1Lg-JgD6A5lntdQExNDkEibg1W5Yo3nrf7qXvyYz5AdF5VB4ffAf1mYRJFimCOqEGBqiOroFWSEqluRx0nl83PR8jwt24Rfu8tQH-T_NWOandq3VLd8i0SMZWN1r3h6u4mMuq1CnYNEQtrmMdetB-103V7-iYtB6YEwck7rIjuyCxwFPjdkKkyDwgj3mIdqQYnCDNXP29hjz1mCY,"<a href=""https://maps.google.com/maps/contrib/107160167332177880898"">Amrit Mukherjee</a>"
P0537,Metro Multi Speciality Hospital,hospital,,,21.1691424,79.0791229,4.0,,,True,,False,False,google_places_api,ChIJz4kJkh3B1DsRffMxVktsINM,AWCwydg8eXMh1i-xFbvvbLvALk_lrdmKNAQ7y6GsY-q0u1SLmai9WwqGqhG3fBWBNxena-pqIr11h-aVXfVkxtKfGDSie5PH4I9VvuDGkYPC6uJRWhOBAO4O6ip3f1yc03sONfTSTvYQtKCkXDWio1AOC8Lw7ba8BcpXIl1Jnlxu9xgiPNeqbtwwQethaFo0GMXxF-96OB2-glOe7BzEo3amrNim0Nv3hxikI6zQhcn8fOi8nAI7bCT6_Duc2D_wIgZu5Tl-XfLbSer2RhPRAfeBoMd7Dxlb7gP4fIY0EMrHUYTLzNbCaRCAZmwN8LtWdTuaevW9y2UmKHA5YYD1o_tS5BJnH7q74kZduj-DjmIt1H5HVdw4Bqpz-Hj-3eJ-aoe8i8LYrcuWIAp4Y0FFjYnNmTYg-Rik8sM5X6_ZWrr181m06DTD,"<a href=""https://maps.google.com/maps/contrib/103185682501779740320"">Metro Multi Speciality Hospital</a>"
P0538,Kothari Hospital,hospital,,,21.1143804,79.0714041,4.8,,,True,,False,False,google_places_api,ChIJpyL79Hu_1DsR7GWwPE3lFYI,AWCwydioOlFWrA7XEOMGIZ3onEsXHpFq2khMT9zsYGcb28-LjDiywDog01s7Z7qLNK9_c3o5eMwTvk44Xjk0hk18NF0BxBpgifxExK6XKkqE8Itvb3CylEFcK1ECXwXtWPI-uGhuPLrs4eXvvpLJ_r-hJyOmpm32TGNttw-qU5vdpJZ-kMIRqwWOsX7BQHRf6l1yH3GeCvGui1yyGwYWPSVTT-VLgMNJUVpdJBl0Uyruh1aTzlGbSUB6mRmJewCIOC7UevHxEc8SnwTsm1VGiOD8nEaFi8EAX4jI51A4qyxkL2I7OvrfuInHKkloGSRTLHSQtL8kQaLLY3Oui4hdyNwzbVIy0YtKP4wtG5se0wkUhwSkqqH_YH8eCC90GOB0MBnvtvMsouuknY9FB6RCoupx790bruR-VrUq8S_wFan4nQiHRF5Rtkf5esb_4bKANQ,"<a href=""https://maps.google.com/maps/contrib/104495334541684827075"">Kothari Hospital</a>"
P0539,"SAFAL Hospital, Dr.Suneet Sud",hospital,,,21.1280529,79.0931337,4.8,,,True,,False,False,google_places_api,ChIJizbkh3m_1DsRPWSVJJGkt5c,AWCwydhsgfPuuVM7W5GoK-FBKGh8VlsLHFWCiziBdjHo06qPxI4mt47-wcZXStxBLmZIyeDR0f0WQtSpMqFL7iUQvbbEZhUEE-SWpvBHSmSHo8RlXHoKR9M665-hMHwF82_6pMC2HpIbeVCGCOSCGuGo1tzp9VtKaXmMlNjbLiUrZyHl446lgsKqUCoRUWupAwOHJaI2GSHGJfELPouvhCyI2vSaoMCnZ9OWgO5sikkwzgOMGvz9I01sepPVV1fPIQTWg3AWxES2V_z-RtA69uMHiBc5wIR05nJt66pbC4g05Q1VW1Xkxyfq_6Sg4sCBx-d5kO6BbjyKKZBe5ZntHsSKbdxmG3gP0xD45WSvjMdainu91htdDQPqkwO6sYxJhEG4GEROuSyt6_0VzaXf3sBYDmX0rsbZqpvzxNWVSHFAXeeJVH2Nl-hJaxWu6pZFNgNu,"<a href=""https://maps.google.com/maps/contrib/104785904981181876338"">SAFAL Hospital, Dr.Suneet Sud</a>"
P0540,Suyog Hospital,hospital,,,21.1074022,79.0824437,4.8,,,True,,False,False,google_places_api,ChIJZw3hEfi_1DsRJbanxvPZCXg,AWCwydgLG2JOY9FromSoXPmCqndO5QD6A6PySlWs3vT9MSWLrlfWv8njhF537_SKRjCZUu8XERv3QDQ-8eUQAyG303R7SHXuw5O2_ogAotQld3AUwUART9SPD1f1d9hipWO047Cr0Ss6QK0BQlD4I73mNyQpbRMAJFeiAoG1E2O-gmKxehm_XQxPpcXGeRsSzAOg414SjEUBMxlE4CYgeTV14SlCYQ-3-DOJmG8mp4NVVJ0x3xsRPmDGu6aVCkCtDNdU0PlF_C8n85sjuKQJNDi4mjXd6ub3rlra0WDgF7L4OrzTL49Ri5zCX0qr-MelMjYPuFFhqB2CLbKbjR3DzVtGBMxLBrO2fpUIfD_UpEEOKOBxReq-f5I8THqHIiXAaqbbjMgDpDrRi66ENq9ayUIykfkbtAX-inCR5sErtl0oZa33xk43,"<a href=""https://maps.google.com/maps/contrib/102031950343614024402"">Suyog Hospital</a>"
P0541,Center Point Hospital,hospital,,,21.131202,79.09697059999999,4.1,,,True,,False,False,google_places_api,ChIJZX6ROpnB1DsRUTtmgUM3X2k,AWCwydjXzzPg-zakD5nFs1Yw6Ya9Gwy0PIhyV7LpmYOYMGRXRDgcRdk7iC1S_1BG2dUULOuk1-F7v6alsa34VnKWewUpda4whBpnjuXtWlcdFF2snh7igVYqWntf9UGaL_BskRPj6y9dXaVncpKiDHMsvCt3tVuPyEJsPQasaIuLVKpW1eYk2_btz4kk-Fj5pP-7Jsej8q5VXQKuQFctPPJdmBlOqE57dsKec1vLK4DDmcI6tADwbSSOsqRV_LUCo3aE6KHp4sOAUkgSugTrXyCFA7T9OkwG1tNILkhq16ckHVz_8MQeZGhBrHbUuLTtmymbK3nPbCkcFodmWTA-eqBvPCsNMyCBlqTwOMlRdnM3WbGC3ogM5xspkigm8uhFEGuol73o2YeoX0BLfInRaUDc8ci9KjLucF6eImC0lhB7gvPdLZc,"<a href=""https://maps.google.com/maps/contrib/100108610501290502802"">Center Point Hospital | Multispecialty Hospital in Nagpur</a>"
P0542,Gandhi Sagar Lake Floating Garden,tourist_attraction,,,21.1467836,79.0988095,4.0,,,False,,False,False,google_places_api,ChIJt0awm8fA1DsRtcc-gv-Gwi0,AWCwydh-LntmEankIddAdDgYUt6VOEEumTCnjcTP-I0TYzCvDWsNB9W_45u3oC6uSxv9RkimcPGDuRNrSrRjS7NCd6wfh48LyDLSTACndvo8F_5V-3GWCftK-DD7eQ_SUe48eIl8Q9UVeDCziS6wJrGjSEiAIm46NKL0K3JRdYFcDx_WZyNYPoAm7wK_FYm-d21SX7jRyYCPsNdwtZCtUsCPipWIQgb9UnBNQ33W_CYMp1dfdSZOJzOjP1Skb8iHKnyprRjDjtM8WqFllJAjqAx3qCb52ei0Fw-fuODpFFI2J62Nb2TAcs2AKvqfu5j6TdWjtnQe_Oa7rXe4TFFChO20JEoKP34DD7B7aoCehqHTgxPKDEGOei3DIBAh6vLGpEbIGYacoz6OdiHxBbvtuJ_ESrKHxphGwIiGAUsAhvFk6muaBVzOPQzM7vCearY2YetL,"<a href=""https://maps.google.com/maps/contrib/118155633014930880802"">Gandhi Sagar Lake Floating Garden</a>"
P0543,Shri Ganesh Mandir Tekdi,tourist_attraction,,,21.1481232,79.0867902,4.8,,,False,,False,False,google_places_api,ChIJdctEf-rA1DsRqa2FAueWQH8,AWCwydhBsCi3WXr1rhMs2hVzMpMsVutLrmwqfUMmWC6M_g0GsX_J9p99vNyopw0-UzJPr6j8wwPycE0F1od1cD7eytcyIJUaBdhNcYbO6BF2hybB9U0Ts3yeGEL1QmPcP2xWwKLb3jaJoGMBU2fTqQyP1Lwwxvj2XavxBw-FUePOOV895g0oZO57xj9Xd-oeilTrJrtqEjOCASMpeFGwIgOBlBpjjBVqkGEi0GBk_a5rLReDn507uYX-itY73dNTvSEbiSlsLsEzKEJ5Kcxuj0O14hSTWZrXLm68yUL58u8i12HjXwUzF0uOjyhW0eMxb6kQkwFB5RoBv6lKu9AMKstgzH1qhjEYPJZCj9KNV5euaWeyGVke8MzdKWUCIr2_UJQf8ObpnofAoA9bJywXSwoKsnzrTus_0A4bH--p02TntxRxgwk,"<a href=""https://maps.google.com/maps/contrib/103610254203735283080"">Er Abhishek</a>"
P0544,Central Museum of Nagpur,tourist_attraction,,,21.1509655,79.07806599999999,4.4,,,False,,False,False,google_places_api,ChIJs30oe-7A1DsRhKqtQss0ZWk,AWCwydjDrejt9E6RPGGq5PDZn0SxFzRmeNgltJ4kf8Gda70Znai9x4bPuvpl8K8wKLFmujVe89kufEcRSObdMWSytK0LoHYrrD5Rs-mVzucYwtbcGvFYmPRG1AbaxD9AGXUBDH9RBc4thhYgs6o4EufLGIgAJiNeyHmmll_M1DAo2O9NVOfKh8xdPaVhJCLP8bX_AH52soWld_t3td9mjZRUwrkGqsxAEjJnmbGxaeTLHYhqy1uIr2FJAfjvA5wGWlV1O3qeUR25xMv3ZzlpJE8PyPnJSvmnO1l7wcH2V-LLPevYoXeYmoCkHCisaXdJb2wdiwVpxU8mDwxgM6wPfEimR0WiWj0TP1uEXRW42seI4esKZwgfNQqQUsPi-e_SYsBuOzf1nSu7thhP89guQ2q1e1LFSbECoxbmfi2SsdsHK0xmkXsX,"<a href=""https://maps.google.com/maps/contrib/114054062295194286571"">PRAMOD SAMARTH (PK)</a>"
P0545,Ambazari Lake,tourist_attraction,,,21.1297471,79.04556869999999,4.2,,,False,,False,False,google_places_api,ChIJAccfhU3B1DsR4sKXuWTd3bo,AWCwydjwsrvs2EdOMZu52N4VmfsPLQKBmkoUyb6lZ9VR7CAS2P4RlmxoHtV6zrtni6h470fC0uWuTnEyuY2O_QQ2EmP4SRuAUZJL4Uhbiaj2Bia35aToOuvIW45eX-dmDk6bx96jAi8cUiDJosk1rsxFKIgzilTxWG3BNv-9OqB-991YNSqxXUVuLI0mCznBuRarGzgg1GvO7ziQB5wVL3-fvwFaiYkXD0fPytjF_BgUpXyDLwKx83H15k9iRbiQOBle_Pr6HJnNQjD3i-Xk18jMteucq012ZoCG_IWUptNs5jm6V21srgeIFTZpDSQFsB6GJJ1dc2Z0fYEN7CcbUg8m78z_bZmvd2C5q4Ij7DHql0s0RNsOLg98zrrVNJS5Gwym80ROhCLIFj4fcS5z-kZPoJEMws4h_oJmoA1ILWCg9uMWfA,"<a href=""https://maps.google.com/maps/contrib/118055457579517994914"">Bhavesh Urkude</a>"
P0546,Shri Poddareshwar Ram Temple,tourist_attraction,,,21.1531553,79.0918591,4.7,,,False,,False,False,google_places_api,ChIJgYchkcPA1DsRvF0vI3dZQ44,AWCwydjPWaAuJij24IVXpkVldwkM3gGP6foVDlq3-Lck9VFF_N0FnGYTToCJghCn6G9qWBSty9x0K4dVn9lfIKWI_hrSCli-UOWpE9EgM-dEW25lijnsE2Zizr2xiEiIC_n0aWtxNqH7rw5BcIu6HkUtgLD6_BQ5dJo5S8jV6oD31d_g3EIfL9EOvrfLliJOlwR5yUHMz1Z8UpeZCergMMAScPQwRRmXWvXiPIjb3Nmf85t69WYnFDOIwRVGDOgsCk7Hbk40AMd_gvdDQpJbl2oHHj6KNnr-VcaQevqz9MrBIgoiKYJauO-2ISijlNjtzj0cZliyEVvKb4GzxX7tDEQoA8YOksDISgJE5yshDEqXDxOpo3vc6_UVIhiICumftYxhUiKtR0pApQnzqt-MCm8yPromU6UnkjL6pxTWcmx05qwgPA,"<a href=""https://maps.google.com/maps/contrib/100083616542465998318"">Shyamall Maity</a>"
P0547,Satpuda Botanical Garden,tourist_attraction,,,21.1573338,79.0397862,3.9,,,False,,False,False,google_places_api,ChIJ2fpc-DbA1DsR_qBfmKzDhHg,AWCwydghkWy6T8Xsd-rYpbbwGleRao0ufDwuJnaYiX89Vx-T_2u_B1SFykfRyah588K75q--QMRasSoV-zurXkvwY3RNxFtz7sciyN4tZtEiEKwaT2mjp1raZC4UxVihWHQH7et5cDxng4RJoHdZmejF6IqeR8Cr5e-FHAHLal-k4dfsdzfSvcS-yo8GdOHbi-KbGL-TcW5Wp5E5MRkun0GaoocKue8SKrKI-rCU2ZR-2CplaDsi1dRNLk7JshLcMzDvtkuAvsqrhnyXUaIcuWvpVEU3fOsRt6r2XeZsxzj1LrDJ7MlUtceHcpehDE3C_msNHWrROcFY64OWUE4o6cBxOQXHQcl0IO3lnkXJqIQ50uJEJU1qEeDdYfdcAGqS6oN0Cpjrsy0_wM2wwLnGOJHihxgRCW0ZCKbfxFN0eHvr7LZh6NdX,"<a href=""https://maps.google.com/maps/contrib/117710205867946516171"">Rahul Shahare</a>"
P0548,Gorewada Lake and Dam,tourist_attraction,,,21.1935321,79.04168489999999,4.4,,,False,,False,False,google_places_api,ChIJx8TC4MnB1DsREs_q1_gpsio,AWCwydjbRZj7UdwEQYusAtUfJrutBxiokiuuaOTtk4VhmRPGXgwIW9VaI7N9CqQ2uOiqKMTNYkyKM0M1_vOOZefPSHGlvXqXNXiINcsTW-l9pV478rLGt_Hm5re1g1gCxOGIyTfSXaes2AvYhsQQUtzTGtk8Mky803d1wEgjjqvobVuS4MP0LNNo-wc3AMW_c6R4C3ttS_mSF67okAbSCaBmx68FyoLZFh32X9tVTp_cDQCfeN9-keC8Rs8f1KTT15JdXHx7ljny8dAzPxAlxm5QIrWpWbDI_sAvAVb8IBXhiXFQNsYqCeAL-ft_U55OX3q_e4pFaTHuMETpMUDyc0sxpy1TSOJxP93m7neF5empAdqPUJdWNauArGcDb_kY2Ifk933vzPtautm_up4CQJIfzRs3TwpvA4cOXyPczwYWj2H_nAw,"<a href=""https://maps.google.com/maps/contrib/106995574455305323300"">Rituparna Saha</a>"
P0549,Nagpur Selfie Point (My ️love My Nagpur),tourist_attraction,,,21.1249516,79.0442333,4.3,,,False,,False,False,google_places_api,ChIJF4oyrkTB1DsRmpLcVZThQBI,AWCwydjmeVxzeGAwuhcT01GyKUzgyiB3OBFqfDQ6LJQMe407hQr6X5Za-GJOGYqfSfhSSCPjv1N1amEqoJ2JuCfDrJNvJth6a-POfv0YVZh5PwsrpAOGZrmIs43_iYTahF7x3CjcbBJ3YZLrZcb4ejeOVPql5A1rIHrm7lnYmDhM72m6j6K9GEuhBxAoAG9YUHB4SRBnb2qKNeLGSYs40pb1DGKupRJBi05o0CKjq3XD41VPGlEkp5yLiQWJCeMtmqOqriD_HAMReffrhTMm6va7tNLYQK27Hb_wryqb9qdlGSPVyjG2xKXPUhEYuILbPJS_P00XakXbCkclhuODlWQVG9m0QD0uBPXsXDkqRuUP5dNXxWa_SSPmGZfo-o5to6Amg1C_141YbA7Hf9w0TKq1ZwLXlMLL40rEtk0Kms6PCqqwzg,"<a href=""https://maps.google.com/maps/contrib/109658770589389071784"">Flawx Gaming</a>"
P0550,Walkers Street Seminary Hills,tourist_attraction,,,21.1576356,79.0621572,4.6,,,False,,False,False,google_places_api,ChIJccZLulLB1DsR8aeg8wz7TUQ,AWCwydgIpa5dEeefrVwismYagC8h1dKM6gt9G5ZdDG7y00szsZ_qvcY6LNdMo5gygyZnhI6Ys_-KpI0oL4WbsBwIna6FqIEdloGh1BxgaERV5x3QbPH2-4ebNotHKeaZVmsDnLPUDNeihMkK9bF3zmfdXThf2iOkD90WtOev-ZfqdfpG9RQpD34JSwdnVpWUJIzEEwvQDr7lSmEjZg_zP_HRJujCL6p78geO8DA0Z1frSxKQ1BY56hRrO2CJKBW9trP1nwHwn3iokK3CJ-gfrmP2ibFTCRoXKdQYa0QEo0xBiSq4zx478dmAUNMfrROnaDXwTSgc96fIQ8Sjn8shbB74PNf5LtzmhZDI3YEvKYPM1NJTRvI2Z67IqHt7HP1hndgke4XfVqc6AGz133QXQDFeSdLreWqLm8Rodbe40eTCkGM,"<a href=""https://maps.google.com/maps/contrib/107559917245770549545"">Monika Nehra</a>"
P0551,Gandhi Gate.,tourist_attraction,,,21.1451366,79.1041673,4.3,,,False,,False,False,google_places_api,ChIJLafXCbbA1DsRhNTps_Byh9E,AWCwydgoui5Viuib_nrPNb3Qr6Kz_LJTgyXvqJSJCmJjNaNTbPAy0kaaC_xTI3J3Znk40awFsDvzrchxPG1Wu8oRtBxsR5TVw-uvBJh2gET2LMXPC0AG2po2PzxyP3_xUPtRk-aLbrnNTzciOnJbjs-bqgYKZfuY0IorwcMX34nTwKfnLef12nCrfV5WV9PEB9_IDDBWsUfohhyhlRn2Jd3hZJVeQCklesB6_DZUaDXtfBhiOGDiOQHnhUsyObnXyMMxuX0Gx2RruCAKsPvm0tRe7BhiMMw0eN22HBzxJlCut0oTKToxoMetpt5Y-LgjLA5l6flw2zlQM5qRMxNuBZEnK9ViIF4iS7yMg-wx-Ko02eHfJqPip2FE3E8VjW0IHUR35F_BOYhszSQrfUjUn9Bz4hRF-7QMekoCUJNr6oRraun0cp6O,"<a href=""https://maps.google.com/maps/contrib/112982307967890234428"">Rahuf</a>"
P0552,Sitabuldi fort,tourist_attraction,,,21.1488265,79.08436549999999,4.4,,,False,,False,False,google_places_api,ChIJF0kZRgDB1DsROZOaMRSOtoQ,AWCwydil1W1cgvTM2gE-k0L2NjSoTJLGdbWWt5F2h0xoqQOj_xCRRLxonsLLaC_2VxNn3n0tfGiDypFX0H2bCR0UbnLVOqLP2cc5dbViwwLVhcB1EpdmNQiPWNvTDnl_stNo1QdM2L2H5PlG-lgzRPCe9CYi_DMwGtOP200b8v6xsyjxWN9PSojNWVSd5UCvt4mUlu6x9TaVeZ2z7YuJt8RuAYXbA33pDvidV2kawaUjYFDssK-HpMTAmsRrePZOB231VS303tsf9pr5E89bNA-qs8NHceI3OpHHQ9ntFgG7gXmtGaAE2rGi1-DpL4cI8fT1uhKkoWP7d_E6cZvu9o0HI3iFWpE7NZ8yYGArBlOG85Z3NpZhcIjyU3RWinai8bhAOpHlH8y47bthG3XIMZGzB1fn-DKN7G_ptJkiG5V9q5ZfrFbQ,"<a href=""https://maps.google.com/maps/contrib/103718369044474079738"">Shivam kumar Jha</a>"
P0553,Narrow Gauge Rail Museum,tourist_attraction,,,21.1663867,79.0900355,4.3,,,False,,False,False,google_places_api,ChIJo5O5797A1DsR-09WP8Ro9Dw,AWCwydheUD6937RriK39NMJfg3HPKaNe4jm_JtEv00s_2EfdyC1Mujtplzel65COyYm81SCnwqf50CpmCQeru_ghF-j-5_FT12iPIXhigIK-ofvpSSO6Zp-yW4ZoNotSLQ__6KmXTIGCkdc_K1LEepAnmOaivfP3E3Bi-YdgJQFEJryqVs8FCTdAFWFJnUr036rCyMmGGDftGXjcp_uDiupgqSX_FeS2_wi7z6uAK39iPyzJ2t1CAkVvod36olOdfHrX1lT8Rf6SurPd0AgJCGD_4UKhPtXpKjyLAbjkNNAyKrvQ6QZMlLqt__NPKUGJ480nMCfLpE9Kr40wzJm676fjwo3k1rmlFylxpZuds2qNeuLdbTb4aXrpCCgeln5LJwV0pRZqOErTqv7PdDuzVVCJpoPWQXl4ctkPfuS6-aqK33Gai3A,"<a href=""https://maps.google.com/maps/contrib/100476430365068690796"">Dr.RajDeep Madavi</a>"
P0554,Gowari Shahid Smarak,tourist_attraction,,,21.149368,79.0804666,4.4,,,False,,False,False,google_places_api,ChIJ2SjLFuzA1DsRzPdbOthU-bE,AWCwydibH4XLqC4_eVjMRRIKIIzQsAw5SGNpZa-JFuenmDZpgr0s360vi7AOBH1Nw9bPMFKl3BCaiR1OeUYpBD2iVK4AttfMZrufXY5Idhb289ksHb1zKTjBkEAh9XZ3AUeDQnYv80EIvIJfNbT3o_VRBdkkIjaRraMyI8VcIrUZTQo9_ihqJXBwaro6T6PV25XmSHJ4Q3_Qg_bneVXDQiR78K4EWu_xRO1eBpmG8xsGN40Xtn8-Cf69dNYdRnfc80xxzftsOks5TZA2W6V4Wx3EOw4sDkOsf-pHfuGng1rh1TkARwNZRmmhfRFe4xfVrNYOc2RQNUvy57NMVO5T7C3srde7IQQME2Pcle4BLEn0pwsP89pAc8zJv1H9m6wdpEqSHRn1yi-NLVLCl89sanpzS37PRMgB33QulQrl8TDmg6StRUzH,"<a href=""https://maps.google.com/maps/contrib/117773782157326835309"">Harikrishnan K</a>"
P0555,Telangkhedi Hanuman Temple,tourist_attraction,,,21.1583147,79.0493298,4.7,,,False,,False,False,google_places_api,ChIJOTIy607A1DsRi7iibjYko3M,AWCwydgLQJnpIZsVP5aNyO5XUpHKChIvC613V0iJ7ESxTbxXnZUk8X7Ng4_7lOmsXjrNBAYJ2MOVPYbjrvV4nJU8mlj20EGu2G8O6pA364uHABeApohJh10QG5V22JPsA-lcELCyki4On1T-D6j096le1zMY6ND-H3vbtjlPn0AnIc_Ui5q6ZLKhmABW2FUFcjul7iJZdDPwFycZ4YdgGRE8kZeIIT-ZUApdiv6vuB8IsT3iySSnYwX-ZQAZK-ohxNBPcyHtAhy-K3qx_vAkzWr7mtSflB38zIgpn0500ZO-LOca2G9xMYyVyWI43z13PMHHQisRXyCT8_9GWN04JZgr8L1g0tald4H9O-3FaKIrOJCerRJ6ec7o08IBhEW7EFeYloTmWtnqwA1keK4rlwbaesHogCO2pWKgchJ2jfq3SABWYA,"<a href=""https://maps.google.com/maps/contrib/115325781160404707329"">Akash Nagpal</a>"
P0556,Deekshabhoomi Stupa Nagpur,tourist_attraction,,,21.128175,79.0670069,4.5,,,False,,False,False,google_places_api,ChIJZxzsHIfA1DsR-c3LyUUyFXQ,AWCwydhMYTomWG7MorCkyRvaWAPMRTUOPfXygz24X6Zma5Y5XG_-d-0VI1BSO8I7Qqyc4aEFSyrhHtbW03SwAl8nJjJPTdx0fnBVv2cWvycTo02X-s1CbzwWtfO8yXzWksvsJJhCWu9EdHIj-QYIT5SROOysIkAoFDDFJNgC91wy6iS36PUGPoDFP8Q5-BVdG_DD4HzMwXC3VlMcrRDbYnn7ZmsYNMBwGl6UDJji03-3ZiAgWceQF0wtzd0llIbsqigondJ3dWQ3rNSHMDRiDxUAUxoYBeNC602IkmG0Bc6YQgLRrolZ8T9xaSqoWjxq2qu_k5G1ZkjUVgO5U5Y8QuBw51hf2Z7GIjp8aftjT2PFSk30BCwFQRMR8K4kLB4WwuxOjZT6U8J7KsI0L5VjET2FCD3luAsKWCL9owXljgBodNjMiQ,"<a href=""https://maps.google.com/maps/contrib/102445023109030142459"">Amarjeet Mehto</a>"
P0557,Zero mile stone,tourist_attraction,,,21.1498421,79.08060139999999,4.5,,,False,,False,False,google_places_api,ChIJf1PUZADB1DsR7se-xEplpd0,AWCwydiNQe8NK0Pi83BnjemezEZspgr--HYcpV5BDEe2DPWdiAo_pm5vUpXrR72xTtMLp2Hr432csGGpt5pBgiwkENl-Dnc_bflWlp04ZK2rGXF-iKBeBJi43fb2nWt8fS3fUn2TYoFDlLIkeBypN62PKlq1Azpc_szT8GObbDIPUVGNmnAnDecXC_Y563HI8xpiRj2lBBKgNVqtNU9KgcjBPed2He9NEAmkHzkr8iw9V2Qzy4Rbo_1kMk0LAXHmdBpkQCEm_a5-4upbZhsIzRVMw_w_sLyCxmHE3atZ6ihPPU2RBQ6_DuRv9Nsk4DbRzI-FHnm_LwTPONNet_8TduhbK-WRtEBVfL963Jxmib0eycRAXL0L5BALSlh3RSdnHh96KkR2Co4yt-ejsIawdErEqs_qPE1MFyTrtkN8zFG9X6Xf-x-LB2-AMQQ4nn_lUA,"<a href=""https://maps.google.com/maps/contrib/105173441809536630232"">Psh</a>"
P0558,Bird of Nagpur GARUDA,tourist_attraction,,,21.1536675,79.06846399999999,4.6,,,False,,False,False,google_places_api,ChIJKxo1x-TB1DsRFD6tO24Zk8Y,AWCwydig-VAWUEBOTkEkhcbjxWxSHYWMvaStaLlM_I_sabgoFmmQO7-iuGk8X8MiriUv2ofw9ylOa25m4V1LbdE1PjzSseViA4er8VQv9QolxTITAmlp4kxzrP_O29-qFH6NQbS80Py8nSBEUXBE9OgYBOpi0BRXRaTtz1999B548e_TIscEVgPuGIbdD5_Z33Nmy9dF56fhNUMBuJAtPRxKgqG0BeWAkNfm1CBGyPP9grtnY5D60UtCQ7h0NEcQjnQeD4VAJlJSdSwp9t3_Akph7kTpePcwXLn8eLIonG1ccWx8INtIQqqcEAInhxez10b62G2ctVPCA7mkwuB1-yy9u8sUO79kZllFdYbDInX8Xm8LRetLQqmBbH0mZ4sid_lYkFYZXSGY4FMqK2F6wDxkduoSz5Pr29_Ql3qxD314D_cz_g,"<a href=""https://maps.google.com/maps/contrib/108775987692457041496"">Roshan Lal (RL)</a>"
P0559,Mahalaxmi Devasthan Temple,tourist_attraction,,,21.1470225,79.10855769999999,4.5,,,False,,False,False,google_places_api,ChIJdROYo8rA1DsRBjLwGsrvsYA,AWCwydgAAfMScDWxB5RhEBNdcgGBIinaRVoOZhp_hm5LvOrQVSCmKbYucLoUzqmAIarSTDEU4y57XkY7YRdjYBFkcQQmCsyHwxqXYq0DW4AxD687ACagYDbEn3r_Kx9p8hFkjWvgcJFXuHP64IjKXgwgQzuxvFZXGq9J5iiwEHMRdCuiHwfT_Q2BbQC6W2VXHzMrT07ZuyxMAtN0cDuDESgXiTp6F76W6WiyYp96HSxrT5IgULz9Pvpal5ykCWLEP6ZmJBu0MwnnvudS7yTFXeVP9cDu9Ifb0QsnWiTPCNsrd5aWoplDcvfLJmU1kwVePDrVu9u685G-hPoo4A2QDlT8OjVxK9f-jZTvOlzzn68kxCmqDY0TRyvVxK39mcD3nMRgsEhCrfmWKDXBOP3mDJ5-dKGtbZCzix9yAKWvFQIqs8hylek,"<a href=""https://maps.google.com/maps/contrib/104987408574963951657"">Mahalaxmi Devasthan Temple</a>"
P0560,Chitnavis Wada,tourist_attraction,,,21.141688,79.1133528,4.4,,,False,,False,False,google_places_api,ChIJs15XkEvH1DsRSkiWWtzyHUM,AWCwydiBCZHi37FTuPY8FJMeOb7y2920QGowgFAlRLggcVd1gNHksAoz958hurrJSPl0zSXAnO33aMjj3X212oqtYygA8KltQWgRFP18sH8pBTHz6L_yEc2rF5jfki4ooFJTEha4hMzCtpbEu0yviR-N73oRn6ywGDzSJX9vUXDkcFdIVRddVlNZtXvm7mBkthZCJrQ1TuqvHl4r_t40WdjNL7KQrDIDQCAGDkeqLvCbIaJrVDC2nBzDNBqzkrIEwOZcAq5BY6QeM5qGzS-wNPR3d0omn3ZTUZzKOYSyspDpdvYLpZ3F47CIh5y_CYhx9FyY5bMSmMh5qzTI6U002WXStpAqjdlyqsi2FOZSrlmqce5eJ-9q19pW6SFiUm48w_7E7Vcff0BrDuqfQIr3q5VFN-d7ewKBEUVZQwKVGJdzwwZ0VjBoaltq_FHt68mu_jgy,"<a href=""https://maps.google.com/maps/contrib/106741738314260478398"">Ruchira Junghare</a>"
P0561,Fast Food Factory Nagpur,restaurant,qsr,,21.1478477,79.0548723,4.9,,,True,,False,False,google_places_api,ChIJ_wFVgsjB1DsRiNpSB5-WRrM,AWCwydhMSor12NoS1w4NqT_x_YIzSkV-7xVLdLk9f9iehiN3RdKiGj9Ad_oW91UAxLsDTAauDFC0yjLG7T9F0CVx8BT-We6KSA2VQLQYO7h7fomyWknvXccoJ3jJ5lAX7BpsmSsBrBiWpnMj5-23HtLduQJJFsNUMfC3tQJwC4ovtehlN_qbr1aJaQTXcsSDnYvsvANMOn6eA8B1j8g-uKj4ma8VSYbxpHlvFVuBpxW6Hcr5bjgFdc3FWx9cL2ht4B_CQi5wg9fd5q1DBmZvpfUbNGp_fSiiSF8IebR4sG7qt6J95-kWk-A6V4hmJbUGOV0JJgNX14pDwQ5y9pf6IJkdP2kQ-7A1lFTrctFF616WnxOXlhFnhR0KIBcQNfZ9qUk9h82bZR9G2y2UCTqrkoS9VTUvt-nNnotSyH0dNbTzVYp365si,"<a href=""https://maps.google.com/maps/contrib/115220436084917536358"">Fast Food Factory Nagpur</a>"
P0562,Subway Nagpur,restaurant,qsr,,21.1711644,79.0793285,4.0,moderate,,True,,False,False,google_places_api,ChIJj259auXA1DsRnky0n3ic-S4,AWCwydjWDmyyg-qtm5fGM63UOtcM5TdtjIhSrSYYn5EhAobBnSsE9WQcktCtA1VPEerapQZDEoMjdSjg-lJf8dW90vWVmk0KFf-FgLdOFR8D3eU9LMfnqrmn1aCka7lY-u9IO9tSElRgDecrHRJ7Wh9nq5_qKFGzF8R1cd-KSa34gFckX48UzQsug7yLc_6VwzNcrWYoAdfz6EeWOuUr4236Jzr8gAVVnUb-VCxSBtkwde8xprld8ABAisvyexw7rdnGGBYBabrHPbioqi_1wxu0tMSNrlUO9yiffFGspdxe-5WXXjzL856Zv2gCp_VYlKC1ovz8tZsruJRQjuz_zM_r5Z_Ql9K7GxPy5OwRwah5Yvbh9_i2sq14yHCaW8JqcvnkqoBaMWsbCsiQDaAaqW-3XJ-Q47yVZrWImlUqrL_w2Cw5LTJ1cJQ1tWXhCTpYmdAF,"<a href=""https://maps.google.com/maps/contrib/116473855900928848574"">vaibhav sharma</a>"
P0563,DacDenil's Burger,restaurant,qsr,,21.144276,79.0682997,4.4,,,True,,False,False,google_places_api,ChIJUwlLd6XB1DsR1zDeZfCpM-o,AWCwydh9-q4BgaIEUaC4y5ZM5tuPM3yom_S28bnmtJHfWdMV6o_cbqgHDnodbEf3vLXkLjeVyCEL7_nzfw7QWrZYiTVAZ35Xmxskvab0AH_T0xn6fAptcfqNyZenadzZpV9n4RFpgG8BSAg75lN3TDa76I6fkSkZK9l01Tetbx35PRUhHWbZ9a14Q9m8gZ9iyGefuLgjH6kqkrBF3Izk3wdmK-bIWTcymIocvFj4oDtQirp-VAEneZl9AH_YEOeLHvVr5cAGzfEmGIY_ABwiaP3XaTaXJLf57-hEtUl8zU1DW1cRuMrIoi5b-n97ku2nYO4LPEl95Ve6S8xcoLpVjiqfTtxVGAY4_Xew8Ein3JSPoEYAPMWUAC8w-hbxyso0za0681TzoxdePO7flR4Di5z9CWDnic0NyC53n8WVi2jbdp2mfChZ,"<a href=""https://maps.google.com/maps/contrib/114464343319654349708"">DacDenil&#39;s Burger</a>"
P0564,Cluckers,restaurant,qsr,,21.1222221,79.0566365,4.3,moderate,,True,,False,False,google_places_api,ChIJ0Ro4_XjA1DsRSV7S9bPF_lc,AWCwydjPGSBd3ShJmQBudl6ud_hJwfzsBVGcBg7bsafl0Ac1eyG-dvjMqM_OYcD_TT13i9qByJDIxVJUEuO1Y1JdZBwocpFvBirpRnplVLKLV5LHugiXajb9Ywy_p_NgrpbmfDmMDqXJCm8eyGidK8pqTvRpnl5GX8qDn1n4MdGKt0gYDRRDxxApyAAKfQBB5TT3xvRnv6HNSuyUVZO7wYW_RcuQHlsoH6vCzsgJfd_ps4biDdbmupavY2ZQC2Njk5DBwsFtagnCVA2a-I8NPEbw3diHiiLETRYZdLUmGz4KHLp_z4P6gaa7kWZxFIFtCUvP01jDMgbuYOJosO7A-sftIVNp_S_2u9gS1aKPnBO3XyBZ1kUgrjNLLuQq-zbMAA7ghLdP-4P9lOOkqxQJ2rM2V2pC50SRE50EBGoc6NGVSVomcZoTuDGgvrx0xlPiRhKo,"<a href=""https://maps.google.com/maps/contrib/105353635579715057415"">Cluckers</a>"
P0565,Xero degrees Nagpur,restaurant,qsr,,21.1640095,79.07901079999999,4.2,moderate,,True,,False,False,google_places_api,ChIJcWunXF7B1DsR41SyhaviBks,AWCwydiRBwR85xoSOndxj_OpMhaM_Ab_c2OmWqaYtsnDtQjE43pEPvFumrmjpVcUTv3fslvZNiNX4gfNawu-ycbuxFoOjw5x83i9MrVextOQZpcnvhwdZLD0SsRN_SRlTrs5Vdcq5yxPI9JyUmxQKnSS5Nwat31aHn9dRfBuEdEQYW3N6kCjUKzK9KLcydUtHmjHSd3cTyLurY893LT42CCJeD15xy9-IshlkChvpqYj8QQNSIvVV5iVL2A2P3QwPr3Yl0KGKI9t4RwtGj3zn2rPf3JTBbulg_qtVx_meg_i22EZd7l8mDgdsHg_P5p6gjTg4GUiFG5U2IqeWcyvJlZqIbhZp59v88bq6Nhk9zUPmx2EShqMb0TbJknmKITeeoR3VQ4n6RftqhfK1rf30-G5dR3j9YRvDc0kFE3xx3SJaqKdTA,"<a href=""https://maps.google.com/maps/contrib/107836485118802126270"">Vιριη dεωαηφαη</a>"
P0566,Food is Good,restaurant,qsr,,21.1063968,79.0256029,4.0,,,True,,False,False,google_places_api,ChIJydr8GHq_1DsRsPf8tcl5Kuc,AWCwydgxZEJZN5Pn1tcyvybxZxNzVCNJUGY7qpvz-40pfzUVAEYNK3wX_r-S3dCyMN08UWa9LbCzShhjf8e56noqO1hFkDAJYnd1dsg75C1jRhggb2R9KgQu-Mv7HSzsZNXNIGEFFhIjD_pFHJhGC1dKZmfJg6HCAkfFqAxqPDx4TlGVF1weJsVxITakm7lN7TGImN2aQzdRSQjRGUUNKTOm5mw2bZTm2uGetkrWr49IDiOajpxA-BOu6ow-C5to4PPKP7V7YIFbRiqRO-Spwu8kjyExLUcm-UE5TqISlk_LdioJ3rKC784owPnMswuc6gLDxu5oPl77NEy0wzKqEP_dc_CPL5ilAYt28SHBkmoQ6PJgBvqJqxgvh5uIaVaJQrKud1k88402MaCMZGNEdmnT-unRowE-PX-TE_VvXYRAp2VqSQhk,"<a href=""https://maps.google.com/maps/contrib/113208206062188451127"">Komal.20 Patel</a>"
P0567,Royal Chinese and fastfoods- best Chinese restaurant,restaurant,qsr,,21.1513762,79.0906342,4.3,,,True,,False,False,google_places_api,ChIJR0N3ihvB1DsRMcwfAV3mfVw,AWCwydhtTfa9DwDpvASsgquJdgAYoUTxZyHOot8rPc71e6uMWtxGRe2xXNrXzlh6iWXfn9J7syoNK6Ca187ri3o_zgJloY0rTecP8s4GtIdZ5iPRDsiCar8RMe4K7_s5aS5hCL5zCC01zVi_SIc4mu_Ck8_HA42sWKrhL3WjOCcbudMaacJBICmfhNCPxcCAWtPFmCE0DheJZH0SaPlD1VRILdFl99iFgCluU4PLQUCc_r3RV-4_a4SFQ-O4L17aI_44g6aKi4X6glaBuw-TTw94lMWe6voUqksPRuV1VEvBapMlWUwxz8hABHooLMx-G2sAdZNZ1qOK2MeTb1QNo8JVVxx-Uc8CuzNDVNlu__cnwV69pUl-VJgACwPpWH86SfrR4egaC7SDVLQv9muLSqSqxeBVwA-39qm9aHnxoqyAL2E_RyQ,"<a href=""https://maps.google.com/maps/contrib/109591972365500654752"">Royal Chinese and fastfoods- best Chinese restaurant</a>"
P0568,Burger Bar Ramdaspeth,restaurant,qsr,,21.1366236,79.0687715,4.2,,,True,,False,False,google_places_api,ChIJWYKb4m_B1DsRLJxd92CNi5c,AWCwydjLtRJoV1uAPqACPeavf8tABhCJ8rb5775sylDY8sYUQPQCAE_4AEzxDv24mvcTtrVXpK8ZiNHn4DgMuQZO0PolSQiq_rvYFfjTBTHIrRXpPla2goMKwQg1XBxetuZMzmel1YFzfnTM6YumUKPKa0CqqB85BR4_BWV6H7kUX7RZwf66Rk7bthtDVRcMLxssGbl0QyslN6qOjSo7ibz7_lGl5w00nCVXLpT-E11u5kSUIpeHc-tUBvKo15wJ-4baP9P2Z5yA9vjzUZ-Iqvtey-M_HMiP4pP1G8dQ_Eg85aixdtMkMRgEKk2Onl5Lws5bsGFnbkux9ibR-0W5gfv_UhdSOUYA1Q5doo20yuu2rRQg7QdqL3aby9ejzYXezhv93mujo0pLd5LQHwOSOE9uqXB5-2-8aTPRnVpJpbg8nA6qJnT498XaWxtIWwpnY0qm,"<a href=""https://maps.google.com/maps/contrib/118423835095182488042"">Burger Bar Ramdaspeth</a>"
P0569,McDonald's,restaurant,qsr,,21.1328937,79.0966211,4.3,moderate,,True,,False,False,google_places_api,ChIJMTZMzfHB1DsRDGNvNfxzci4,AWCwydhjKRb_7M9uqSDp62wOLzLL1QqN1inKLL58243kKnqymUaBQwyPmCCSmsn829n24tQ4pC8Uiuo9Vdnqkk4YEq9oqFLr8__Rodkj-HwKOp03JtGEU-o1N6qEs5zklO-4W-x66sM57pQju9sYCq5A2whSI3F_zr60ECCamJL47DWu4G530UGJvehlrrY8oWfQcXvQxeCLgDu16wpn_EIQU-OhMPqVzBQ9CdNLINS2pFLuCIkTHf0QQv_YjXj2LpS-jurDb-Bb7VTEaWB-CtBsm6ncH1QS4xN9RWbvycux6N2vF-ywK2fVu4_cuBVgYRuyew2uWmwK27QsVROcQAerEJimOOpuRzxDpC7kqpqTtxNGOhdt8FMjJXUXLXkHcu54_L9HovZo3Rt0SMeDLzx_vyI320SPaVwV7QQ6xq53P_9_j3A,"<a href=""https://maps.google.com/maps/contrib/106724713508410749575"">Sanket Goshikwar</a>"
P0570,Haldiram's Planet Food,restaurant,qsr,,21.1186137,79.07258209999999,4.5,moderate,,True,,False,False,google_places_api,ChIJWb2upX2_1DsRWfNUOpmQvtM,AWCwydhPerA_iIIf2Dk8tBKg7craRjr2sdgLrpH77O1MI6QgBLBTYqWIjPi67_Nbtj0vb0PrMOyTQU-dyuOYMfZEmwY-nESZimEtk3L_5N2ERtwWuvdLkdICjbkKZw2jP_EQAQq9rZB9lFPC-JGTZUXtKRSHD6kJQWMp8Pfm0Vu6B7mIj-v5Uz_MwX7Pxfsd1mIhaRVqnUe74cY1Ng4wGmkbqditJWfNzkLSPbmyLOEqV7DBQamOsnBRGZ05W-UmwU0CQOx9qvMci23sHT7DsicChUWh4VfULZ8suSA6OyOGMSVFz_nlpW-PELIrgL9Hn4-ZxBY_2bVPEMm7GE7gImcTVrRrGODUO8y80PNxB5iV-iAt21hOdQWgux343iaJi2HfGyAaFW-EY92UtAkfJVrqyhLlMbbEJer_uD1A74OoidB37FCvrS_-AIZseNoTYooD,"<a href=""https://maps.google.com/maps/contrib/116857497899781118624"">Haldiram&#39;s Planet Food</a>"
P0571,Checkers Restaurant VCA,restaurant,qsr,,21.157869,79.0766641,4.2,moderate,,True,,False,False,google_places_api,ChIJAQAAwPPA1DsR1_CqgGrlvU4,AWCwydiIIGXEuaRqVA6p1kp9JrZpMrowoIuekr4jjRBBUHR_OryhfYhAlcNb77onUMH2Vz_WfUwjj3l5Pg8lEEWPtekswCrlZWDYv6G83x2rmnS5GLHtumQxs1UkN3A9qiS-MBzHpbYO2T2XfYEblMNozFT2k0dg3Oexfiqho9IslEqideflvskgurWpb4XhQ43WEu5qaHJBxAOU4bdcQCv10i2uTy8gCw-DwPblw8DuuCIOh3E2CJab-eAXobRiW6fNSbT_zzwjO60W7jwhGG5sul_9pbyhO6adzvimAHWxkHxskaMiLeo8AVZvwrRrgKQnaFhLbHKEYZiJ__GO-RREM2pxSJ2xBfOdEDQ_NCFylh35qbhcOZ9aSGq5SHwRwOD7k6kWOTO_6PCFu3WgbLQ-9sf7Aw66B2JFWur7USydd7lO4A,"<a href=""https://maps.google.com/maps/contrib/114889454701980537041"">VISHAL UPADHYAY</a>"
P0572,Burger King,restaurant,qsr,,21.1430275,79.0803109,4.9,moderate,,True,,False,False,google_places_api,ChIJM1lgicvB1DsREoAQsWn3nJI,AWCwydg7k44Ekb-QHjfFnLxsoUnw30ntBPpiUKbA29Aj0fy19Xj4cnBecOK42rrS5UpLoEAA5-K_QB0M7WXQLhMQCXNXvYpcmE59-5u0YNDJS_h5EzG61r3g3wiUKjkAbOMIl5Oe4TOShJsU2od4v_LMFlZsSISH8gd_DRper56ggNgxc_YwClJBXLtfiPOwHT7Y-ZtF5HBdzDDYA0gyO_R9GOzbpXR5zuEz9WOQY1mQf5UO4DlpOwLsDwUtOyjieLLoaVLamAZEi5-BEyb-WfMU2AYKjNGK936DghCzSMpf0ahrz3kFKzbHh9Ybrhe3vfALK25p14ARiFHQuABI5OvG11ntZVkKlKq4yCjwiQkx5sg1qYqAL_-waBWwcDdTtJ7wq8-LscKx1qRisW2UyPaH5dIu9WDA6L3Q9wTTmQPsnQnbDg,"<a href=""https://maps.google.com/maps/contrib/105447879065566151325"">Rahul Temgire</a>"
P0573,Gabbar Da Dhaba/Food Hub,restaurant,qsr,,21.0025882,79.0406072,4.0,moderate,,True,,False,False,google_places_api,ChIJlVZPQO-91DsRwe8nXsLTfZQ,AWCwydiVpFcNUJ9Ev1UlRzMYA3-2sJDbzIYuAkttq6oq-P8gDXlEEtebwXKJIIDZBrVVqlrwDbcJJQQNm8INqtfJyAPt96Ioa1_ptdMOqtyXXuq7Psf4LuCYJO7Ru9SnDbTXlabKeY2mzWvwFPNPP1apGMa2cI49pF_hEblFqV6JkuuPxYnORxBjVfVeSOGfty4moyvoE4hMHHeIVojoVaYzjGhlvxT_OdYn6syB3q5wGBvM0LMAsrlpBKRutWO-qF9hjL_s7suoapp-IdCP-ygAhcp18KX7L4RONw1YbGBvQsc2S6wd-dCsc-ubn_cuLBQ86n0BToUucAeYjdxkt6IxYj7YNfvKZG0zSTKks8fnjI7aa7h_Adcocf1tffq_sPeAc3EO4Wgil4X-lbCVg4zIiGzgr-Ytx-UdovvWz2E6npwSEA,"<a href=""https://maps.google.com/maps/contrib/116328973044898490013"">Gabbar Da Dhaba/Food Hub</a>"
P0574,Calcutta Rolls,restaurant,qsr,,21.1362007,79.0611055,3.9,moderate,,True,,False,False,google_places_api,ChIJsT-dyGPA1DsRQsqaiOS0WYw,AWCwydj63fqAgk1oTENXZ-rq7YS_WeppHIO9rZ7MX3e-DVxvK_aV2F9zgNiT9aPEsTLoS7n73nXj8Mo7AzxhGON1zQ8EwuAqvuyUlAEuq0A8txEqk5KyHo07e-Tk2Sct2wA7tcBz3DbrC029mxL2SeS6P4koTGMV8wQhzgg3wxHKRbbnBNX9VQRzNfXOK6bQMf9qRBeMCr3RUqcrD1K5IQERrUjtE9CEM227BZCdxjhCNaKDVQ0WTp0GdnF1ryzcP5Ry1rIOJsK927BP6pQoemmLt2_rf5sQ0wpPvnLztacbwBKhEGzNaR9IHYoAtXJGiVq_HxvmR1OHXwqID5Qm7gYjcm7VB0ZjEXqCJp8BrohzsOwwx5rB6FCY_yzUH3RrWiCRQOr-EwC2BtNdD6IBoNrREORKfLh-rVeFbtS9vdHgtQzjkQ,"<a href=""https://maps.google.com/maps/contrib/116881269352860167169"">Rohit Tulankar</a>"
P0575,Bonjour Mama,restaurant,qsr,,21.1381842,79.0778229,3.9,,,True,,False,False,google_places_api,ChIJsQOEnz7B1DsRVR-fdUHM24Q,AWCwydhaTzoqwrxtxAiLhFeHei7jtJphN-TS_cdxMZOnz5I8hyCX57mgvxLz8xeXRUwih1XGJyzRNYevO93T5-Ose2U9up2g8DHCHFL8rjD1wcsCCzW58CYs2_JKFLom696knWgpLqtlIJf6hIYegk9gs_lUJfvIGwmu11ri-VZel91WwF_nirhw1pkzlwmZawF7c1uWXVjIq3qQWmKVRy4J5NFSaHhSq_zPiSCmatwui106ui346gHr3iUZ8fViGIOBSfBJNQjIQ-Umf5H5V20uDDNRE0SjoadCEMRIPoHPMsEUolfPIwdpN1g39L7p0J6OZ87uqq57HJSbiWuJMFX6fsB3kwGcGdKuwyAbwoVl8URwmhIPGo7lIL2NweAv1U7Gsv4dW7Z0L2D2X7rsWZqj7GyQuXM2aZmC22ix3RSsnFveKew,"<a href=""https://maps.google.com/maps/contrib/104306361500154220594"">Hussain bharmal</a>"
P0576,Shri Chau Mau Fast Food Center,restaurant,qsr,,21.1542598,79.1110159,3.5,,,True,,False,False,google_places_api,ChIJAQAAQDPH1DsRDxAJYR0maHI,AWCwydhqXFx3y23w-fvy5lMThRoF_siCyrooUDceDi1SWpqx1lOhZW4vrn0lZWPmagzLLFQlrBdKQNwNxcWuhW08LlmV968KgcI2kxIcZ692khX7l2luuprV3rnRToGOrDkLivptkbFG--XkTc2Nanzq2w_18Yn2knYCie5FIUQDStwbB1_5E2f2XhqmWTCYpIAJKSWToNGZtxHZdRdF9PxsP5oTVA4N3mN6HDRsKrk2SnsHqkhqEFDwlpnchFKjPbxkTN8W3hcDIPFAry1VjvUSR-Z7TvjenEyrpHHhILsq5UFxgEt0f6ohk_bwrGgi11Wxfkca436Kurp7XYYQqzWmsBjzLlJXjMgagHL-iHaIcf7fwaTgLehI9q2wge-jl_kkKeUFcP1S1_FxzVPv_ExAzsAoAgjtBCbknZafJm4hPX4ac3hv,"<a href=""https://maps.google.com/maps/contrib/109167823837840677792"">Kalyani</a>"
P0577,Burghar,restaurant,qsr,,21.1133968,79.0590726,4.5,,,True,,False,False,google_places_api,ChIJxzUOHvu_1DsRZhkSjCepsL4,AWCwydgxujPEaXy35EMe7_Gm550yX7QK2sUFjVSr3sA24_WrW6v2q8tfxbUauD5zURtF7knob8wxtwzj-Ax1JV0TsDmZZ2UvsFeonND028qwIXZ2uD4lf_N_SFZI6wUPHlL5sjD1UJ5N_MBvq-dIlfsgTD0gVMlETQnimzoOz0rlV1kvKFvWuc6jUlgt_waahYih2puDW4TSlkT8nR6obGXfY9bh9YCUwvzdV826aIQQsCzyeGYG8HtjBgmSQjBRqZqbxswew513ShQ_IF2EAJM2x3aznvDTzepxo_JwNixmKIBYS6Kjiq8qzXYRa0DBnvkwoHadBZthuSpuL4a4y_UMIzKAhy_utLjRELHpYdWByDf1BuQBeoHSVEsCE0bNGAdbLHw4rgt2Rkn7v6-SIlhBXXq9zmxayvKE-vZSOj3O6odsTSrVK8mL86sey5OqPw,"<a href=""https://maps.google.com/maps/contrib/108583213911519671076"">Burghar</a>"
P0578,Moeen fast food,restaurant,qsr,,21.157082,79.0968729,4.0,,,True,,False,False,google_places_api,ChIJ04JWUDrB1DsRD3-K87T_lPk,AWCwydjbYo85Xv9Scq0EW-cppfeEuCMnnieCk_G6uJZ_pB3uhyXPP3LuoVTtDbZZFYVN187vN7sAPd9k_WHkt2IoBxF4BrLdam6DGMzs-pindtwYHn0550yyB9c9aZgPBHOGa2SYos7U1LPiVDde1b5cgNeBOlZIwIKFe0PpScwZCWeckXRl4LvHxcApS31bIHhI1ChXQEWEUqumxf-5W8ydZGWG8mNx65pR2dLDZUpF2yG9UTyvFJyZ8P8GEgaQ1x9WLbd54OnHYHXI7JnAdxGj4GDY52ONxE_u0F0Dil4mJaicRXCmSNc9Z1nD4a5GEOrPCWcCJ3-IlhaaHb2dFypN4XvJ3NA_0bhNT4g9I6NMcIzXN5tmDgx-2l7yYxRlUe84i3_wo3jN15rkBqtaa2OV-cyip0VRqGTKHM1lRNfy_HPW1svc,"<a href=""https://maps.google.com/maps/contrib/116008954695088190284"">Derek D&#39;Mello</a>"
P0579,"BoC - Burger or Chai at Bajaj Nagar, Nagpur",restaurant,qsr,,21.1227125,79.05708179999999,3.7,,,True,,False,False,google_places_api,ChIJZzkhTGrB1DsR4UnLZIrKcLU,AWCwydhwDpfmc2Yh7h_byynjczp9aaWT1hjg0LzK2mV5sAi0tM73OV2NDZtbGlnt8Mtt6r_KOCbtidMeDaNSGiAgJxRc4ZO5V52nlINhgfXvIIV3If1R1uAVnMB6OHRH2ULlxIUQJZl8HwNVPqQhZs7rglwMhYfWQF7GhR7YV2y5kyo662QYHnV5UNTGq0g7vSM5Cvyq0E0L74GpSwBeTK24QG7kXL0hHKwlQV-8T9cqbnX7s0cZfDqVwD8UOqgBpcZ-dDjxHZNCaOdhX90UPc-DhiDxTPXx2XY0VjPeUT5kv5l9IzXQm0yrNS01VDvXbXkgnEa5ZtANDALWd7SgFcv3lm158coIFfckTJ_lfY0H3snmi6hcNoA3CnYCJ4BJBVBpXq-jeTfPmh9-sH4rEAD0Gt3lXEDX9O7YfK1dnYnEXJUzRA,"<a href=""https://maps.google.com/maps/contrib/102749904209767571256"">Burger or Chai at Bajaj Nagar, Nagpur</a>"
P0580,The Chatori Street - Nagpur’s 1st Out-Door Food-court chain.,restaurant,qsr,,21.1332186,79.07186779999999,4.2,,,True,,False,False,google_places_api,ChIJCUspaI_A1DsRS1PtZUh_NgU,AWCwydjFT4jDGwK7hjQ1-a-GApIVFnE9UJ_aOLOBuGTemnuZrs8vdCsQtkzanexWyYniZz87g3RZfSCuaQoOoIyJBlIb-I4OhmR7gYcITyfbOWP2SC5j2jWDCGWIZVQZSpFJHhKweJWINVT37VZ4MqYDykzzM_MZzxdUZ38fz0Lh151Sc5tF4V1UK5MdcFRE-zt9ErJaSFMOdrFue9SITB18kZWOpIo06CvW90EU0VwLZtWFBzDnNDwyEG4bl5j8C2SkFoZ3jk53xIKNSW3qHyWY1E0GpmOSroLtdEX7-eYGN20WOLHCAvy-g8HuFaHWFcfROIrhokh0Td5_4WqGo5wk_YVti682iojEhX2meTxlrzuApbWzf6F1WoqV4yQPfaOuGDAV7jjVhaPmIR7AIom3_2kc95TnPoqW8ESAHrM1_4NVoT9D,"<a href=""https://maps.google.com/maps/contrib/102058836255019544083"">The Chatori Street - Nagpur’s 1st Out-Door Food-court chain.</a>"
P0581,Eat & Bite,restaurant,qsr,,21.1517858,79.04535249999999,5.0,,,True,,False,False,google_places_api,ChIJoX2GaADB1DsRpWXz_KPVt0k,AWCwydjNHFyrhTM1IsYWAeF7hYsJ-EqFXNPSG65T5VjDciOZ__B8amN0CcHJhP8AQAEV1R3rnv4aNMavWz3pnrmmc2DChtOPP6s9weYo4Ctk-5-RCajYBc6IwJUaNajp2oQCbhXFZaRhBgyrVsjQr64Hjq7B5_fdA-p6_ZzinVBE69ScMtgxQrte5YFbsEAfoP4d8-OPKuiS_HzQ54j_T71QjX_Rk6qy6B8GGIq8oF4wQFEcWahLECBWuN_GBhFROLaK6qZWkb0SpzV3hnQwTYuxBEtfT3E6CBg-zaP0_IwHve2GXnqflOlND7nXl4mocz1h5aTs-ub77xDR0vaUoSkgHc-fRONE0tPxZ5O4-mZ6IB6nsuRcGr54SCh7NmShPuU-u6_r7sIDPxAtKPmG371NHLWEnYWWK46Wcj-_7a3phnsC0ta1e3bjivFL8mXZeQ,"<a href=""https://maps.google.com/maps/contrib/100031394451851201284"">Nirmal Agrawal</a>"
P0582,Burger King,restaurant,qsr,,21.1331134,79.0961574,4.9,moderate,,True,,False,False,google_places_api,ChIJDZHhlfHB1DsRGy7NIPeI5pE,AWCwydhmSTsbY8tdwGOBxwbFIiroUj-DN5va8MHBWsbyQz0T3jkuy03rNNH5jfs-VRGfL6DMLhYgoS1m1IGxEpAsoAUOYv5Aw82tPhYs-8S3k4vqyQQwYTTsH65X4zUFD1g1daC3zdXcqYxtSq-Z15WROxHeFeQdD-gkxb0VElKX83HxMMFsrJyjaf_9e-4KTcECQfCV7D936weWlwtFUymI2ehz4F1Sfhgo_G9yXzR0X_LAvDlCxO2ipWEypcVpercnrlL-1kPJVq3XMPz8DzWGFD___fJ6c27vz0w1G_5ImnO2PKjNLlmqWWcPgMVUFSa1euePIZc8UsWF9pAxUEUnOmOUOXVoC9R6F0Yx3mcWxWETt7CV2PD83m9h5X9kOl4wY5F8fA0ZC2Mpz0A7seW9O3HaULpXEgR_-GE5tFXaW2jLfQ,"<a href=""https://maps.google.com/maps/contrib/110345862989101314604"">Kavish Singh</a>"
P0583,al-yaseen fastfood & beverage,restaurant,qsr,,21.1575155,79.096372,4.3,,,True,,False,False,google_places_api,ChIJv2S2y8rB1DsR185w85BaNRU,AWCwydhZXV0SDw-y3QaV8IbbRdEoFaBWTS3Q-QTuafg8sDEt48qkfHPi_OXHDc-J2ws0qHsBiIwXn6bW-w-XuTBPqWf2NAdRitdnHEOf14RFr46rVl45SxwA35sa_Wbn6E0G8aXBJO4b6ON3OqwhDTn22p8_KSsNQh4pgc9Muj5jH6b3qdWhe1Ip6uWh0UX74tGWdW6BdzFynWqdEe3t6WgOosQYQf795fKqNPNqiZDitM3ZL2bdHmJQY2wmWAPGFjtf7F-bam6q1lxUhEoAcIQmwQyRO1hTGMM1tA0G1O5nd1M_JzB7NVgb_KVAAYIhZyYvn0P-pgb0ATjAdSIVqj8TEKqHDHDttgUQjvIObeQaRnUJOlOii2OAsUWwDzJqeCK-n7dyoPOFOyTBUPZUHPLBJKWCxORlbvNaoFq4k1ySI5k,"<a href=""https://maps.google.com/maps/contrib/111459830958248227950"">Iftekhar Ansari</a>"
P0584,Chacha Rolls,restaurant,qsr,,21.1548119,79.096299,4.0,,,True,,False,False,google_places_api,ChIJTY_jZUXB1DsRkcUVIvOe_Mg,AWCwydgyFLevKbs16PuS_CDTBeRPFIYdw605o26er98061ckb5lqBiBPxySfLYCN6qnTFUX9pXsKpCsCAAjNAlhqHTYBErmgoHXlIoOW0y0v-kP9wBP0z8Ihh6qmpAqSKwJd6xrU8sOuTBH9mLi34_NFU6D7AAvrRd5UGFpjTqdqKueUoHzxnWcTGrtJU04ezAyzbey4woCP40ZkkqSvjBeueFWOdoj1XNyUBUyUXd7YfEi1oxf8WmvPaCmChviz1O6MYf3jEO-H2HVxRnLJtUcV4I-CDNK_XsTUbnfKnSfTxtoS2kdhXtj-BGtsGz-1rF9YYHdVPpbIPb8aKoy2lNrrBs5FR9OmthdCGE_2Ojk5LjYkjdEQuARfIQQuHD-Pwqeo0XY23HKbKfZriQD-T-BYKSEFtQvc5hLXdGfvLODhgW2mQLGf,"<a href=""https://maps.google.com/maps/contrib/107959746227076337962"">Chacha Rolls</a>"
P0585,JMV Food Zone,restaurant,qsr,,21.1610178,79.0796945,4.8,,,True,,False,False,google_places_api,ChIJuxxpTIDB1DsRgqqzNgvrMrI,AWCwydhPOSqpnz5hItdLw2S9YQQgPR5WMth5Xuk9-9qMASS3FVEi7I0tIWl84wylq3aqvQXtTbnYhIXeqv9M9fb-LZ0wtpQnAr3Oo9mZ6lZHPnWr_eQtER7kL5H_AkjZyldZnCoh51CMAD7_cWo12B9KrCnQC-wh_12xbLkvXY_Qnq7ifVJUX17ajVnqa23DArp3kcpZtDsDIIx1C4rgb3cmByQPzQux6XoCgLJ0rJxswdCCJQzyDcFGYnvcnxSkvm2HLp69Vy10oFi7dnDrFTUVQ9j77CJLPHqWEWXcATkCVlN63zkkMHCkdff_tAQYsABpqzV5KwDDKUf3v6IpYgBnQs-c3YUZr-2s0_dtx0z7wWCqQxXZkUPfkDdHnWzQTKxjDh429QJqwa6h9MhjVKlUR_IhPfwaWeEdYA1Vcg05tEoOZB3W,"<a href=""https://maps.google.com/maps/contrib/118253173083017763969"">JMV Food Zone</a>"
P0586,Food's Hut,restaurant,qsr,,21.164192,79.08055329999999,4.8,,,True,,False,False,google_places_api,ChIJrchAS_nB1DsRCRsAJCyEoS8,AWCwydg7Kzj6nLMIVvObYXq69KVhDzBgWaDqDOINWecQBawoL4piRTttR1mbZxpG3FrCoBymRAeu7UPXdUjc1b3Xs5cLqc2bm2jeu6oxI_BThKGmLstI4dTRIgAaFdGr_9CCTLvi5cJ5tzRZnF0D-Co4lqPGdmfvBnZGYBlVk_YE7YQuu32F-4USnM4Szg_W4zEOwXk6HmdkQPwc4-V9m4jnruP3DbhXY9Exe3COdeGFGAZVBLFhw3CpfFxpwoWGA83SwnkX4lzU7v9hMUBQMreJ5Yif4Y4oEI-ltMXL89UVR-hykPF0G_8Nxm6K3JdWPitgqVNEfWGBFQTiiguMlUcBgM8qnVd_UfaM5zvix2uWZDzWMo4ugtjG0LS6W5bMyPTqnXlbcIR3O-ab4PD2m6__9QvuR_QOmt6KlzPsq3a2YjxBxsOauPQqlAbopkv__A,"<a href=""https://maps.google.com/maps/contrib/108485955923334388583"">Sarvesh Raut</a>"
P0587,Hungry Eyes,restaurant,qsr,,21.1592004,79.08077000000002,4.5,moderate,,True,,False,False,google_places_api,ChIJHdHyLOTA1DsRhdM6xI96Vuw,AWCwydjotpP7F1uCqapqYLGr2c2zPC3fok6bCzp334XvPy6-7I6KFk96hjcMhoMK3vs2x0_NBX69OfMkgWfaAQKcmsNSagKBknXiOj9CKRTTx3RdWbU5XnS_F5KI5zwD2ABXGpsrRPC5ddkUS8kXiHO-7w4cPp4l3lBOuCPlolX_u6ySbeu_CGNIKubRZoazUhIHYlxjyZJCXjslAujhxhGGgkT5KVgeQb1KMEm3wwqj7uu0h7mcTCAkGY5MQgjcqsbu7MJlA29pwopRZCoxEEAfYOFAD3qhx8MeIBX6_0FT0CJqdF9N18-N0lCXL9iQIEuLBWCXfSrvbBPxAhVX5YzlWFQEH9Xs35HvB4McPPyhLu6LvKZ-xbrTwt6UbgDM9TokxyVnrg_2vWibM5H6EarJ9-GbLVbR3YDu65mtWd5Du-143_GhOvr-DdP4ToB_kVLQ,"<a href=""https://maps.google.com/maps/contrib/103731603727730287094"">Ur Local Guide VJ</a>"
P0588,BFC ( Balaji Food Canteen ),restaurant,qsr,,21.1430888,79.089889,4.9,,,True,,False,False,google_places_api,ChIJjZ-t-1bB1DsRQhTUuaCYMmA,AWCwydiVUDUs656GdO1bH7FMw1WENJCVOnG6Iia80GUnggEcGrkXyDFyw7xrT827i1YpqXEw9orznRz6Ujl7yMT5ErjD47mBvvZFrZcJXeSTbyOxGeXDFtFMb-YFYwT6HbaTm0nSpC3SE2v4oiUmfWbiqrCpw2dK0mCnIFBOTcLRcO-W7k3ei0wAvxrxfVE776IcaFnbDqPvly8vN6R1NVoztcmVw56Uya0u7H20zU_FBHOEYYTpnCnYLL6aS3fjlynzQL-WMcBJKJfbvTD722cdQcy1wd93fRIQ2ZZsalqOPfvbswsblcVDy4ZvUgpsYSIm47GQy5VfUf9fs7ODRJr_D8sI9-xE5baTdlsDxnB72NW-S0_w_PFjB6rQFPSEB323aDurTWQWqrCtLRshF2smi3uk1LbDvYWn0Ihr3rSaOlwrHw,"<a href=""https://maps.google.com/maps/contrib/101344314924145716861"">BFC ( Balaji Food Canteen )</a>"
P0589,Sanjha Chullah Restaurant,restaurant,qsr,,21.1595411,79.0786887,3.9,moderate,,True,,False,False,google_places_api,ChIJ0bj4EcDA1DsRE3M-0DyuQn0,AWCwydglfnJDwOn-rczG0HS8wdc2KwaVei-Ic7a3i8PY9UNxjHkJPbrOL1R3mIaTPvBNsZWFhtY8y3P_6CDPONGgoMsNeRgh82N8EpI62fcKDU5B9XqocrCrCRn3C7QygEIK7lZtE2zZHG6YqYQ9aO5gOS6bIN7yBEUakxtKO1UuZ9nn5Pk1LoBHa23hDcr0lMhzvjnNL6m0fRYXoxetDEGLM72KRYkfmmhop7WiLeoQtrBGSWwlSjOIWyL6XIG2HigPXkmzVjFF9QvxturtBzgAeQfr46qOwg5rUWmveHkjruv6-Ei3E0s2DCut9kW8KCdv69GxBHI_9Ep7_eZKg3M-tXjeaQEDNy253d-9QVuZvKbPyvuzzzEyYnFbxSh-dJheJkz0rMMSKiRL66q_fltr6fSaZoCuLh7u1KxuxyEX1d-VPzo,"<a href=""https://maps.google.com/maps/contrib/100120171624205859725"">Sanjha Chullah Restaurant</a>"
P0590,Burger Guys,restaurant,qsr,,21.1408227,79.0583183,4.2,,,True,,False,False,google_places_api,ChIJLXQgCADB1DsR6ja3_AfDFxo,AWCwydhQYCo63y10zsmcHmTx-VWx8VpLSmb1p7kvgDMG_R5w6axL8Ek1rg5Pojeehk8-P0WeSvlu2i2IeGMYCZqtmntM5D97M8b0qq_sPnKpwPZNtdrYKodBrUXeC5VgqncrrF1-70po3HQzj2m2UPhZNCHCVC0MiSj24zF3fJuPDfEYCINl6E5kyx_5gPBk6a-6zMpJ27eJFz7yqGTHrL0FNNv6uQnboEfqYqfAqIzv2h4QTNEali9vj8lripq33WqerdZDypdpZEjL0G5U8ubUhQCYbi_793OX98GQ01ynSGoYQ8IDhcIeR4SroBB1L40dwro_mC0rmk8Lb272za0p3koxwfNTHtHv0lP95k-A9tbr3CigQK4y5ehjXzl8MOCXeL1OmDa1N-qE9jBM_4fMlMduNTtfYL_kXyp6oxHHKi5oB8LBz0v1zzC-7uE-5MzK,"<a href=""https://maps.google.com/maps/contrib/104844938010135026861"">Burger Guys</a>"
P0591,Burger Singh,restaurant,qsr,,21.1245543,79.058897,3.9,moderate,,True,,False,False,google_places_api,ChIJe8W4F3nA1DsRhmEOkM2ysWM,AWCwydh8SJCx8UoBp2RhEcU3_Wxfhw8nQc1oSIlCOUg1ZoHO4gtloTXMzpxAOG4m6ihAYNnHg-NZWTXmu0T1UZcJKpsgVlfD6ubIjE3B2ThDtBAsk6ZL-BeVygqIKW7VF850eGyaM-iLfzwjz_ODHoxdWiioOz8VyEsTtWyw9C_BMH0ecgaFQ2tsk9zIR9QPRn6Q-g65G_oHH5rX_gWzpVYa8J5lMDAvsdIKskEeGM7G1g19Q-PMCEz6TPJWsp66BVVNiCSOKFU6wEvfovWhbC48MK9aIWzVIVWeu41_d5BtcnmeFZASL4tJO_3715248r5xvWv67oG50K04VgnmBYUwd8d-PPP3IZsqII8x2bBhbbGcdxZgLNNrVH2838j9SHfWdXFOoYvYJs8QHggR_i274q7smgknPsAbm7BPmdUWe9UK747Bdp62Fs4LrPOrJfbm,"<a href=""https://maps.google.com/maps/contrib/102921692483723326318"">Burger Singh</a>"
P0592,Burger King,restaurant,qsr,,21.171309,79.0796528,4.8,moderate,,True,,False,False,google_places_api,ChIJAcdeYwDB1DsRgi8tt6eOh0Q,AWCwydhE8YcHS3yS46oOzbRri0DRLRUkkxLqWZ5yNVumkR-Xqq_gapdGn3jnWjOs08ejtwQJd0Z9KOMI3-zbCE3oIXk7MzzYj5h7EwSofQW8XMzqyxnPrQxCgtaIYj_di9IJQc70d_KaKrmxobpwpgJvAO-2JxnIli0jJmi92Sd8KntDPIrR9zYrX917YfJQEpszCJbXfYfLQCCrzRpLIQWXfvNm59603eM337GagNEmuhnFdcW9mavFEcXTj5PpgzQZQ5OclleqWGpmWdS8lici-UuCdA3z80mPZVVGzByz_rYg1uvmOxRTMWya0EiXu4sVYq3aBiATPSLNUzMMyAcvV0xfWecCUydUgnj13amTAj5YEWU4Uwa-pc4PE1B6EwGQ2iJv770ZA_QUS5T73er3x27kig2LhnPK7e-ecDc9ANPuW3fv,"<a href=""https://maps.google.com/maps/contrib/115896799885591808922"">saurav singh</a>"
P0593,Burger King,restaurant,qsr,,21.1175345,79.04685309999999,4.8,,,True,,False,False,google_places_api,ChIJia_wHXO_1DsRj9KJ4DzipU0,AWCwydiHj9OSfvHS0WUtm6TWk7luR25pmtMk8NXJk0MdpNWiZzRR8U_4r_AgH7gucFyeaDGtET4-dNNAvIrUwy0Q7PPKs-ce8bdg4Ruqj2tmoRjqRA6ntA-BNWd5m8UbQokPFZXWgFMrDkIbKlBWHLUsFAJUpvmiKYai2mbBrpnNsV3jhEapdpS3AU9kxRF5dC-HJC_KwlD5P1TTM1IJnJY6GTfr1NabZFZNYrNMa1TgGtWS6gCDWwq2lwP52OJpLG5S9L--gJwH9rN-quQKiYv1XDcOGMevrGd9YdYp7bmREkHhxPxQvsCa9KKcOQAYuWp-rEi0Z4kI1VxISzdfxSaU5LN-PESn_4DLM8ZJ4AI_rAM3N2p3LRYbE-fshYJK7vwAjoz8rI7XLUMVOfTowZ_NvKbxMtBy_uMNoDlrLaITplDvWm1O9AhS6wrehM6bCO66,"<a href=""https://maps.google.com/maps/contrib/109519636450119723311"">Manoj Dhakad</a>"
P0594,Veeraswami Restaurant,restaurant,qsr,,21.1588339,79.0798066,4.2,moderate,,True,,False,False,google_places_api,ChIJDzoUtOXA1DsRRO_Q30Y3hNI,AWCwydi_DGPqk9QK8PRiPPhixt6t0X-pHloR-3cqdhEiIjv3zub_QMZDQ3KkTnN4eFeTZZbC80vBVRBPxsVVWPA9fle8d7vyE8bKeRuJE5IXne1iEHq5iKevI7SE__SyWWKzt3OFfzk60HkooiF83M7BOKaq4nM74Ux_JJSFHI3YQ6dFKIbKaA2GnyHGuJgiDwzXmzhlLnZiJ8eeTpqxCnYOR8_TKiWjXkJFGoaTKsLkeCDOLTxu_watqbz18QLn1NGtirGG8ElrP6TybyhAEqSRUV5KgP122-dwTIS17kaB7zwJtdmxz8hgfaGWiruhHeH9dOXHCdchF6SV9Flmon1HMMpWuvO51yWdYBsb4wRh5B2vkwHcUDwLdma5CirW9C2SYzvHaf816b9WMZaVv1WKfDE66cWE4vJlUyo_CcJ35mum8YGXx5T7-mhQagpDh0oF,"<a href=""https://maps.google.com/maps/contrib/107504775442101219869"">Manoj Poosam</a>"
P0595,Burger Singh,restaurant,qsr,,21.1686878,79.0791208,4.0,moderate,,True,,False,False,google_places_api,ChIJfREm_ObB1DsRVdWBPhriIFQ,AWCwydjvtruZ4Z902ngaRpRcLWghKWwIWK1UFFzw-_TPhFaVqzlNEfsVHLewv-rQOUGrAX1x-833zT03-YxbFIMNGZOGO2NW29WGpMbbl6_dCTbYVljJsKkBEfdvpuXMX-MjNDQwHWtzRV_MzBEh6QtqGnikEbhwNql8odiWMd9uytBoa0kdkgmfuu7xsNanBscFv-2zFtcOPrBr-1Ixvc0NiIb8gMkK76puVSJGPpb0e97SlbzZbhHUWy2T_MoOBYNLhF7mLJRUmwogVdJJP_Si9AsOjcs7lNok2iEIKTCDJVpbK5HoED9nMaxfTPIP_14y3iDkOqu7RfqlDV2X8UwZLMNk0h8CuCaN6QAGN3owxqa0FgjbYeiWO1n154TxC4pI-WhiPhkOgy3s9L8s2pzU3IzQcr8wkZskSISPx-sIlBBgWgfMOUP2psly9ejyFpZ_,"<a href=""https://maps.google.com/maps/contrib/116429757412689508676"">Burger Singh</a>"
P0596,Cluckers Fried chicken Restaurant,restaurant,qsr,,21.1708686,79.07941989999999,4.0,,,True,,False,False,google_places_api,ChIJt-bOa-XA1DsRfJyf497Nk7g,AWCwydjBCMEi0vnxZj3CUrFomDKXckTRGH9T8PvWQTtI-f5KJn4iNEy9n2Zmag5Z7O14KvuDiLxS8LMNhlnI77aGHR4G60cke0tGOC4oAyKbegr4jWDtdInETZUYQRe2_bkcdwFRAdqasnfK_3r7Bb-Q_lgRqtS1LgJUH0003auiKijirOcGaf3qmWLmVW8_STU_QHe6sbkQuTMI-LBvGwskVGWF8ybaELbnE6-B7Aukk5uQclYh3Xgm_JNf6J7wI9tlEiLKsoWJUrW0Y4_pIqVWa0pAHDif4Uhn0xP7ZIrnqTTuKp8sljwvX5NVAdke0ds8to0_CVTtfGjSgMWeF52Qj8uDW9lxyMWtBIIGx8E0qw_gRc-kC7huix-aD9TxJ4eUR-IAzsA2Lj7zf3geP7D9Rpqq3M6DVO7rmK0bUvFneM_zcXgE,"<a href=""https://maps.google.com/maps/contrib/110883141460915673104"">Cluckers Fried chicken Restaurant</a>"
P0597,Krishnum Food Plaza,restaurant,qsr,,21.1596637,79.0777995,3.8,moderate,,True,,False,False,google_places_api,ChIJc43T5OTA1DsRfYXkh5X_8k8,AWCwydgTPRpWMBLueIr9F8ov2P46x_42nhxObc-35jTiChnMaYDqjvT29YNDfU-QWB43ExDP2VG0ASXAXoIMTHvVYsOPQRYNrzv19hIq23sCttnmqF827zKno5Jc5r4GfwXLElibdp19T0qcwZRjUhv6YqhhTxLeEQhM02yds84OxmlplOWLCXtojo8dyTW7GiUkB535BDUEVHgHpc_pxC6VvaS9-BNnR0UCFRUyiZwqsdTd_sNChKDPBd1-jg2KbA1wvsks_DGUdATr6FZEeJ8fxPz7H-oPqO-ioyD8_EFUElW8gtd6UvfhLy2oKWxANDh2yAeYrZr2cAhYIx0wU2r7E6qoqWLr5udDU0uP-kvEbRmMJWiK0XZK_w2uLS_rEqjiD0wiNAlJrf7M5gAEySm-vvjYonFAd22hctl0q363HPPgIZD6Qgsy5pd8bhw3G_cN,"<a href=""https://maps.google.com/maps/contrib/104865552599725521020"">Krishnum Food Plaza</a>"
P0598,Spicy Fast Food,restaurant,qsr,,21.1486394,79.0475541,3.9,,,True,,False,False,google_places_api,ChIJj7dqeUPA1DsRi8qytSLC1iI,AWCwydgnEmT4lXpKgWwH3hCb89LoBUM-TRqxKMnt1AQsMp5fusfco0nHHQhp48W06npBLFk4jYdemWtbT5RJMpSPMOxhyY_hA8rIelKyyhhkOgw6xp52QwT1DyQN13sWNA_Op6OhoIJfsFGa-p1pJ64vbdf9-En28RNaeM4ucJaQIt5Xy6E00f5xXSL9Ur3iDpl4QXNeHYnW5o6SlimDgozcugZCIwqKlAnyFT_4qIyDamUWh4X7BVZ94ccBWdVYszRVJ4-T95f3aVdL-60hrjKGZLne7tQVtnDPTrwtUxAeg9oBax0EGmTJdMrfb_VLZgQ8vEmwiHxB3SaiwGqUui-O6bAEpQY9gBcMXq74iMPyETVH7N4YjfZ1tFkgAPn7m-mdXWcGbDjRNHQPHbRJYudxCtLU_u09HOqXlDICck4md0JO-rzJ,"<a href=""https://maps.google.com/maps/contrib/102499827146867389976"">Spicy Fast Food</a>"
P0599,Cream Corner,restaurant,qsr,,21.134298,79.074861,3.3,moderate,,True,,False,False,google_places_api,ChIJCYULxI_A1DsRi6oItRAaah8,AWCwydga-EvTWXSooevlq3CG-N57REgH0Rv8dARMRpTotHlweVQix8o56WcVb3Zgbs1GmGGeJHsv6ZXoNxuF-JRsqkEaWXgTRR1M5gSXz1oEFl1dQO2r65Xr8gpTz-kQKXBxzoC4xAc2j7xU86ri40kykjC3-WO9dH7bTopatFQyG6rs8w1kE27ESAAHfMUWzq1F7GF2nrju1H68x78p9PkCNGaGvpnJDxeP0zpt1Gc58STtCZCQ3SQwrJ9EUOt0xcTkq4PGiIzIHDtiuABHgrBPOITiRPi2U7fTo3UhLOkpoqbslI45Fko1IpMq1e_6RsaEF_5nSgwgdrqzx3Ed-6_U4E389XbHDhittAtURWDU5QdTdqNGUhuWjO0qHM9Ih4vY4GeLrfCLniPWMHtyLIaIu4zTexpElNVVX5UIsqYnQtQeEzMZ,"<a href=""https://maps.google.com/maps/contrib/100392779692202463669"">Cream Corner</a>"
P0600,"Frosty Thick Shakes and Momos | Thickest Shakes,tasty Momos and best Sandwiches in Nagpur",restaurant,qsr,,21.1645625,79.0798125,4.4,,,True,,False,False,google_places_api,ChIJu_Zf2GfB1DsRELAS_pxuTew,AWCwydgJbEWN_osFIVd1FggodtzK28JvhP2XSeyfKumHcoqs-Knguv687rPp0XdYXSugAIkbKD6B5FnKa5wZrwFrdt6sVnTiLgshLvwO_Yw3FeL5-40T2bqaihuJzbDQ_OjAYCif_Q1qjdbHj9Ebc-RUHJuO1QySfvzs34TEpThrFxzIbWvrG1oYVIhclcqTNylrODZ5gSho4aV9AffDGUHbjdGXpOaDvLvDQ3OibFdxW9qhpd3jql_7BWO8Utba3LI6hx3sQJb6re43iCfjFZW5IeD9JPjtqwPHHOL1Ax1j2fJa5K0p7UaiXtDeTO7Pkc8xTpHIWpbwT_Ye-5Sg7fUU-fUf06UO7LH20IO66GOn6rec54Q1IALlcBhPSjD8hS9vT8w3jY2Z2iasHzsmcY6uccQbfZSHc9JFVjb8dTPLBNcaRTmk,"<a href=""https://maps.google.com/maps/contrib/111270459081039728803"">Frosty Thick Shakes and Momos | Thickest Shakes,tasty Momos and best Sandwiches in Nagpur</a>"
P0601,Classic Shawarma,restaurant,qsr,,21.1540303,79.0964156,4.4,,,True,,False,False,google_places_api,ChIJ7wh67vrB1DsRIHY0GVkWV4s,AWCwydjWQHMwKvTMFdMZosTZ5gTplSBybXLfJWKcHe9mBh-DxUgsvtg3q8v9ZOJ0mVHARZfGcj6NVYDsJ8wNshJzce79pY7MX1W-D4Jd5Vg-gC6YLSb0nEqyhQdaspt0IOcz-RMDZjs19x0dKkONyyEKaCcuqwPMBn_ESY5NFzDszHchE2Fhr9qlo6DFQ7M-f2okkCcfS_w2mnSMt8Li3dFb7FShfx10TYRqZY9Bds461zcWnx5w-1kSPuj3U_n7z2vdJQViEC6KLDFfs6P87HLyNJh3bynwGMgt49j9Hswk3McGZcz-VI4YoqROBuDf7JW52T94J9lxYi_tkBokEpKY7mgVU48xEPmCdyXD7GoS8lMLANrC9MW2AuW9P0MqX7fP440hbmczTyha9L50Soqc9YuuC-vdpLa_m6o-pbVhTCbljw,"<a href=""https://maps.google.com/maps/contrib/111142198515194993793"">Prem.k</a>"
P0602,Taco Bell,restaurant,qsr,,21.1330481,79.0963189,4.0,moderate,,True,,False,False,google_places_api,ChIJG2cpDNnB1DsR0Zco7El-hXE,AWCwydgBhY4Ue7FTvzv0aeZy17AbC4srhgUC7qiWtBE9p6TSOGyTRcZTJuWpZF1hHKjoub0egD_uKv2hyNSpNsf9BZ1CKr-4k_a387qgQ6jRM0N1SZb5qauTVerxYs43yja63gjvxOf3-JvIo0tD4tdVqfct5q6f_EAiH97g2qrH2Lt7mnLqkWFRoCS0Eom4yYreGwXZQuUMab4MwyoF1SamL7-rPBYMlKXo7tWC6GVTT_KJPgUH7gPcGp13AY5L3-P-EiYXtDPcJmCIXO7yUbJZvaTs2Xwh6Y43YPgTQNy0uTw8zUPsGKiLJlVgRY7xbgm_DMclZcddLGXB6RuGbnRJt6cR0Vi01qgwHcejcsXjjOnNV3loMf7pevoadwN8D4FzfC2SaPXHs2wZ1REpdu8DVxXtbNNo5rImI2bRRpkMMtuq6g,"<a href=""https://maps.google.com/maps/contrib/109694160281825515075"">Taco Bell</a>"
P0603,Krishna Fast Food,restaurant,qsr,,21.1542964,79.0909793,4.9,,,True,,False,False,google_places_api,ChIJbeO_DxbB1DsRC3ljJkU2sro,AWCwydgUCKP69GagSsxL1vsuDyPhM1CvCXSjjWcVcXJQV6FW2g8nL0lI0wqny8ZianRJljzzBgRCKQZsygpPNKf1vZRTtf4tAHDL4tHcsdX39fyxh0A9yuaX2XenGhstXPqhcz0sO6mqbB96NcDGfM-IDw88Ka_QAC-CCcDdN1zU6BrJPZExMxHGKgFDduSmqS-oPvmgJz0lVWR4WWQzHbYXEGbV4aa1skGRjyjEKI6bHn2gHHZhONRoPwEVQI3pG_f-N_RtzfYX-4WE2yX1Sp-VRXZrUxOl9mZ2zeqxO4Hv3NCaN478YadlVu1x3keKdbck7DLk2cfLV0qCmHpVEWfX_x8UilmcJv_eqhFO5zPwwWxzsfaQQc5Cbe51ghstBe8vIJZ-ELOJ_D9lqNcdHFTYs8_Z_OCsQiGdXjSRJ1N5NSEUiQ,"<a href=""https://maps.google.com/maps/contrib/117778262378764453659"">Krishna Fast Food</a>"
P0604,Haldiram's Abhinandan,restaurant,qsr,,21.1526584,79.1085892,4.2,moderate,,True,,False,False,google_places_api,ChIJk6rvo8zA1DsRYv6ksNAXaQk,AWCwydg5wWoo3qC3pn0jjczgJoJiQyP-SjOK8fJSezLzkxzo92LDCaOFc_hRn9xzpr0Emwj6XsMNzZe8QlsWaOpNa-04vvBv_vxwosRAyXEnN9NiteOD4OBUvqy5wl5ay9BxZbv36uUn6djALBdGhYO3v9KRXY4v2x02YWlLlZn9U8kiB6IYMaGJNn7cHV0CY5oZbftXg83EMcozyUrIB-hd3I6WnaXb6foWKhGAEOr_1Dk7W0_pT-rtO0JMcKVzVrOgILeMa1TmEptkJ8L6zmnrHktMaczjgCg4hQJvzMqzn8KXipIPx0OYVFSlRLrzqw6QySE2uH8PD5TaIXhLy6o3OuRMVy-hlV0Uo_7grWv4qLO--v0o1HWrl6LPRDJcgYn5wZh2Sjdkb-s4-WZEnmWPpilEWVBxKbMqKan0PXV74pLQ98uk,"<a href=""https://maps.google.com/maps/contrib/115893077185524131207"">Harshal Suryawanshi</a>"
P0605,Haldiram's,restaurant,qsr,,21.1322434,79.0982379,4.6,moderate,,True,,False,False,google_places_api,ChIJUy-TRQnB1DsR_9fKXQAtmqM,AWCwydg9IE4eQQMi13P_lzvBrk7uxzIkHOms4FU3cBFf16dQuKcKds-GbjGiv7vd5nt9JAk__cXe-9k3pyFPiaeXLEGyGW5baO6FLJxNHzkfOPWXdZMud5xlWtOTKA1-eXg8BfhujBlWo3bd0VgcowZ0F5ApENrsgdjBEbrSBNB27azMQobt2O1tv3waDBVwQg04znccaBs-D8LUSXQCvSNzjwAmuIQXzd3XN44MiJvN3hdTyNLPYJ77U1J5H1vy22a_1BCrhBAvzR7WhcttfSFHlyH12gcBpB6OK2mEcZR98YkmImFWCk-mkwqvZz_ogkm1LRt93be5nstDP_U0mwNaihRn57BaNecl0sfSeGfK6oMjon3qJMiPcHXIALrDbYO5oQ9bDp_FSBCwWbGLrIMvfH_uqkSbn-7Ycb3EAKIT1E0YiQ,"<a href=""https://maps.google.com/maps/contrib/105381208812038489934"">Swati Sandeep</a>"
